alpha,t,x_normalised,flux
0.9,1.0,0.48387187162879164,-0.031111111111111103
0.9,1.0033333333333334,0.48257376640171357,-0.031284185667023685
0.9,1.0066666666666666,0.4812680818889771,-0.03145608616608392
0.9,1.01,0.47995484248923853,-0.03162681552481782
0.9,1.0133333333333334,0.47863407269673774,-0.03179637667971186
0.9,1.0166666666666666,0.47730579709985144,-0.03196477258679828
0.9,1.02,0.47597004037965507,-0.03213200622124449
0.9,1.0233333333333334,0.47462682730848704,-0.032298080576947254
0.9,1.0266666666666666,0.4732761827485373,-0.0324629986661294
0.9,1.03,0.47191813165043783,-0.03262676351894153
0.9,1.0333333333333334,0.47055269905186253,-0.03278937818306769
0.9,1.0366666666666666,0.46917991007613563,-0.03295084572333524
0.9,1.04,0.46779978993084964,-0.03311116922132869
0.9,1.0433333333333334,0.46641236390649465,-0.03327035177500743
0.9,1.0466666666666666,0.4650176573750958,-0.033428396498327566
0.9,1.05,0.46361569578886025,-0.03358530652086762
0.9,1.0533333333333332,0.46220650467883506,-0.03374108498745821
0.9,1.0566666666666666,0.4607901096535733,-0.03389573505781566
0.9,1.06,0.45936653639781033,-0.03404925990617951
0.9,1.0633333333333332,0.45793581067114936,-0.03420166272095393
0.9,1.0666666666666667,0.4564979583067562,-0.034352946704353085
0.9,1.07,0.45505300521006403,-0.03450311507205022
0.9,1.0733333333333333,0.45360097735748667,-0.03465217105283076
0.9,1.0766666666666667,0.4521419007951415,-0.03480011788824919
0.9,1.08,0.4506758016375822,-0.03494695883228969
0.9,1.0833333333333333,0.4492027060665398,-0.035092697151030715
0.9,1.0866666666666667,0.44772264032967296,-0.03523733612231333
0.9,1.09,0.4462356307393287,-0.0353808790354132
0.9,1.0933333333333333,0.44474170367131044,-0.03552332919071656
0.9,1.0966666666666667,0.4432408855636559,-0.03566468989939981
0.9,1.1,0.4417332029154246,-0.03580496448311283
0.9,1.1033333333333333,0.44021868228549366,-0.0359441562736661
0.9,1.1066666666666667,0.4386973502913619,-0.03608226861272153
0.9,1.11,0.43716923360796467,-0.03621930485148684
0.9,1.1133333333333333,0.43563435896649566,-0.03635526835041385
0.9,1.1166666666666667,0.4340927531532388,-0.03649016247890026
0.9,1.12,0.43254444300840833,-0.036623990614995126
0.9,1.1233333333333333,0.4309894554250223,-0.03675675614510183
0.9,1.1266666666666667,0.4294278173477735,-0.03688846246368611
0.9,1.13,0.427859555771845,-0.03701911297300532
0.9,1.1333333333333333,0.4262846977418145,-0.037148711082820945
0.9,1.1366666666666667,0.42470327035054173,-0.037277260210120906
0.9,1.1400000000000001,0.4231153007380616,-0.03740476377884558
0.9,1.1433333333333333,0.42152081609048825,-0.03753122521961706
0.9,1.1466666666666667,0.41991984363892665,-0.037656647969471865
0.9,1.15,0.4183124106583941,-0.037781035471596815
0.9,1.1533333333333333,0.41669854446674925,-0.037904391175068414
0.9,1.1566666666666667,0.41507827242363127,-0.038026718534595334
0.9,1.16,0.41345162192940677,-0.03814802101026425
0.9,1.1633333333333333,0.4118186204241245,-0.03826830206728895
0.9,1.1666666666666667,0.4101792953864809,-0.038387565175762514
0.9,1.17,0.4085336743327921,-0.03850581381041284
0.9,1.1733333333333333,0.40688178481597437,-0.038623051450361275
0.9,1.1766666666666667,0.40522365442453456,-0.03873928157888436
0.9,1.18,0.4035593107815675,-0.03885450768317876
0.9,1.1833333333333333,0.4018887815437614,-0.038968733254129306
0.9,1.1866666666666668,0.4002120944004127,-0.039081961786080054
0.9,1.19,0.3985292770724481,-0.039194196776608445
0.9,1.1933333333333334,0.39684035731145484,-0.03930544172630254
0.9,1.1966666666666668,0.395145362898719,-0.03941570013854121
0.9,1.2,0.39344432164427234,-0.039524975519277326
0.9,1.2033333333333334,0.39173726138594567,-0.039633271376824
0.9,1.2066666666666668,0.39002420998843185,-0.03974059122164367
0.9,1.21,0.3883051953423554,-0.03984693856614016
0.9,1.2133333333333334,0.3865802453633497,-0.039952316924453724
0.9,1.2166666666666668,0.38484938799114266,-0.04005672981225882
0.9,1.22,0.3831126511886501,-0.040160180746564876
0.9,1.2233333333333334,0.38137006294108866,-0.0402626732455172
0.9,1.2266666666666666,0.37962165125510583,-0.04036421082819917
0.9,1.23,0.37786744415785356,-0.04046479701444925
0.9,1.2333333333333334,0.376107469696132,-0.04056443532466918
0.9,1.2366666666666668,0.3743417559355223,-0.040663129279637916
0.9,1.24,0.3725703309595275,-0.04076088240032848
0.9,1.2433333333333334,0.3707932228687199,-0.04085769820772744
0.9,1.2466666666666666,0.36901045977989705,-0.040953580222656924
0.9,1.25,0.3672220698252441,-0.04104853196559932
0.9,1.2533333333333334,0.36542808115150494,-0.04114255695652439
0.9,1.2566666666666668,0.36362852191915945,-0.041235658714719084
0.9,1.26,0.36182342030160913,-0.0413278407586197
0.9,1.2633333333333334,0.36001280448436895,-0.04141910660564672
0.9,1.2666666666666666,0.35819670266426773,-0.041509459772041894
0.9,1.27,0.35637514304865425,-0.041598903772708015
0.9,1.2733333333333334,0.354548153854612,-0.04168744212105087
0.9,1.2766666666666666,0.35271576330817983,-0.04177507832882379
0.9,1.28,0.35087799964357974,-0.041861815905974493
0.9,1.2833333333333332,0.34903489110245267,-0.041947658360494265
0.9,1.2866666666666666,0.34718646593309943,-0.04203260919826953
0.9,1.29,0.34533275238973055,-0.042116671922935695
0.9,1.2933333333333334,0.34347377873172114,-0.042199850035733275
0.9,1.2966666666666666,0.3416095732228735,-0.042282147035366355
0.9,1.3,0.33974016413068575,-0.0423635664178632
0.9,1.3033333333333332,0.3378655797256299,-0.042444111676438835
0.9,1.3066666666666666,0.33598584828044115,-0.04252378630135884
0.9,1.31,0.33410099806939775,-0.042602593779808136
0.9,1.3133333333333335,0.3322110573676209,-0.042680537595759654
0.9,1.3166666666666667,0.33031605445037776,-0.04275762122984569
0.9,1.32,0.3284160175923905,-0.042833848159231344
0.9,1.3233333333333333,0.3265109750671525,-0.042909221857490076
0.9,1.3266666666666667,0.3246009551462504,-0.042983745794481325
0.9,1.33,0.32268598609869314,-0.04305742343623003
0.9,1.3333333333333335,0.32076609619024654,-0.04313025824480827
0.9,1.3366666666666667,0.31884131368277535,-0.04320225367821881
0.9,1.34,0.3169116668335904,-0.04327341319028063
0.9,1.3433333333333333,0.3149771838948036,-0.043343740230516334
0.9,1.3466666666666667,0.31303789311268676,-0.0434132382440416
0.9,1.35,0.31109382272703934,-0.04348191067145635
0.9,1.3533333333333333,0.3091450009705603,-0.04354976094873795
0.9,1.3566666666666667,0.3071914560682261,-0.04361679250713621
0.9,1.36,0.3052332162366762,-0.043683008773070166
0.9,1.3633333333333333,0.30327030968360286,-0.043748413168026794
0.9,1.3666666666666667,0.3013027646071474,-0.04381300910846141
0.9,1.37,0.29933060919530263,-0.04387680000569992
0.9,1.3733333333333333,0.2973538716253209,-0.04393978926584279
0.9,1.3766666666666667,0.29537258006312733,-0.044001980289670777
0.9,1.38,0.2933867626627397,-0.04406337647255235
0.9,1.3833333333333333,0.2913964475656938,-0.04412398120435274
0.9,1.3866666666666667,0.28940166290048075,-0.04418379786934368
0.9,1.3900000000000001,0.28740243678197647,-0.04424282984611702
0.9,1.3933333333333333,0.28539879731088597,-0.044301080507498425
0.9,1.3966666666666667,0.2833907725731918,-0.04435855322046284
0.9,1.4,0.2813783906396084,-0.044415251346051725
0.9,1.4033333333333333,0.2793616795650401,-0.04447117823929197
0.9,1.4066666666666667,0.27734066738804614,-0.04452633724911617
0.9,1.4100000000000001,0.27531538213031026,-0.044580731718284576
0.9,1.4133333333333333,0.273285851796116,-0.044634364983308424
0.9,1.4166666666666667,0.2712521043718271,-0.044687240374374895
0.9,1.42,0.26921416782537416,-0.04473936121527343
0.9,1.4233333333333333,0.2671720701057448,-0.04479073082332357
0.9,1.4266666666666667,0.26512583914248095,-0.04484135250930419
0.9,1.4300000000000002,0.2630755028451803,-0.04489122957738424
0.9,1.4333333333333333,0.2610210891030027,-0.04494036532505482
0.9,1.4366666666666668,0.2589626257841823,-0.044988763043062666
0.9,1.44,0.2569001407355445,-0.045036426015345056
0.9,1.4433333333333334,0.2548336617820274,-0.04508335751896602
0.9,1.4466666666666668,0.25276321672620927,-0.04512956082405396
0.9,1.45,0.25068883334784003,-0.04517503919374054
0.9,1.4533333333333334,0.24861053940337752,-0.04521979588410092
0.9,1.4566666666666668,0.24652836262552963,-0.04526383414409528
0.9,1.46,0.2444423307228002,-0.04530715721551167
0.9,1.4633333333333334,0.24235247137903956,-0.04534976833291006
0.9,1.4666666666666668,0.24025881225300097,-0.04539167072356764
0.9,1.47,0.23816138097790063,-0.04543286760742544
0.9,1.4733333333333334,0.23606020516098195,-0.04547336219703606
0.9,1.4766666666666666,0.23395531238309428,-0.04551315769751134
0.9,1.48,0.23184673019826038,-0.04555225730647354
0.9,1.4833333333333334,0.2297344861332542,-0.0455906642140069
0.9,1.4866666666666668,0.22761860768718725,-0.04562838160260951
0.9,1.49,0.22549912233109676,-0.04566541264714691
0.9,1.4933333333333334,0.22337605750753806,-0.045701760514806844
0.9,1.4966666666666666,0.22124944063018231,-0.045737428365055
0.9,1.5,0.2191192990834173,-0.04577241934959193
0.9,1.5033333333333334,0.21698566022195398,-0.045806736612310946
0.9,1.5066666666666668,0.21484855137043657,-0.04584038328925719
0.9,1.51,0.21270799982305716,-0.04587336250858761
0.9,1.5133333333333334,0.21056403284317404,-0.04590567739053205
0.9,1.5166666666666666,0.208416677662936,-0.04593733104735535
0.9,1.52,0.20626596148290846,-0.045968326583320424
0.9,1.5233333333333334,0.20411191147170596,-0.04599866709465235
0.9,1.5266666666666668,0.2019545547656272,-0.04602835566950343
0.9,1.53,0.19979391846829533,-0.04605739538791927
0.9,1.5333333333333332,0.197630029650301,-0.04608578932180568
0.9,1.5366666666666666,0.19546291534885069,-0.046113540534896726
0.9,1.54,0.19329260256741895,-0.046140652082723506
0.9,1.5433333333333334,0.19111911827540348,-0.046167127012583985
0.9,1.5466666666666669,0.18894248940778519,-0.04619296836351369
0.9,1.55,0.18676274286479194,-0.04621817916625731
0.9,1.5533333333333332,0.18457990551156533,-0.04624276244324114
0.9,1.5566666666666666,0.1823940041778326,-0.04626672120854646
0.9,1.56,0.18020506565758154,-0.046290058467883755
0.9,1.5633333333333335,0.17801311670873907,-0.04631277721856773
0.9,1.5666666666666667,0.17581818405285377,-0.04633488044949325
0.9,1.57,0.1736202943747817,-0.04635637114111199
0.9,1.5733333333333333,0.1714194743223768,-0.04637725226541003
0.9,1.5766666666666667,0.16921575050618648,-0.04639752678588547
0.9,1.58,0.1670091494991549,-0.046417197657526686
0.9,1.5833333333333335,0.16479969783631218,-0.04643626782679438
0.9,1.5866666666666667,0.16258742201448428,-0.046454740231601
0.9,1.59,0.16037234849200052,-0.04647261780129208
0.9,1.5933333333333333,0.15815450368840636,-0.04648990345662841
0.9,1.5966666666666667,0.15593391398417727,-0.046506600109768814
0.9,1.6,0.15371060572043832,-0.046522710664253765
0.9,1.6033333333333335,0.15148460519868542,-0.04653823801498961
0.9,1.6066666666666667,0.14925593868051115,-0.046553185048233525
0.9,1.6099999999999999,0.14702463238733302,-0.04656755464157913
0.9,1.6133333333333333,0.14479071250012582,-0.046581349663942784
0.9,1.6166666666666667,0.14255420515915737,-0.046594572975550586
0.9,1.62,0.1403151364637268,-0.04660722742792594
0.9,1.6233333333333335,0.13807353247190654,-0.04661931586387784
0.9,1.6266666666666667,0.13582941920028796,-0.04663084111748981
0.9,1.63,0.13358282262372909,-0.04664180601410939
0.9,1.6333333333333333,0.1313337686751066,-0.046652213370338314
0.9,1.6366666666666667,0.12908228324507093,-0.04666206599402329
0.9,1.6400000000000001,0.12682839218180367,-0.046671366684247345
0.9,1.6433333333333335,0.12457212129077866,-0.046680118231321836
0.9,1.6466666666666667,0.12231349633452622,-0.046688323416778955
0.9,1.65,0.12005254303239991,-0.04669598501336492
0.9,1.6533333333333333,0.11778928706034675,-0.04670310578503364
0.9,1.6566666666666667,0.11552375405068072,-0.046709688486940994
0.9,1.6600000000000001,0.11325596959185842,-0.04671573586543965
0.9,1.6633333333333333,0.11098595922825828,-0.04672125065807445
0.9,1.6666666666666667,0.10871374845996187,-0.04672623559357826
0.9,1.67,0.10643936274253979,-0.04673069339186845
0.9,1.6733333333333333,0.10416282748683793,-0.04673462676404381
0.9,1.6766666666666667,0.10188416805876917,-0.046738038412382006
0.9,1.6800000000000002,0.09960340977910584,-0.04674093103033755
0.9,1.6833333333333333,0.0973205779232761,-0.04674330730254023
0.9,1.6866666666666668,0.09503569772116272,-0.046745169904793736
0.9,1.69,0.09274879435690944,-0.046746521504073706
0.9,1.6933333333333334,0.09045989296871944,-0.04674736475852993
0.9,1.6966666666666668,0.08816901864866417,-0.04674770231748579
0.9,1.7000000000000002,0.08587619644249314,-0.0467475368214388
0.9,1.7033333333333334,0.08358145134944685,-0.0467468709020619
0.9,1.7066666666666666,0.08128480832207137,-0.04674570718220509
0.9,1.71,0.07898629226603655,-0.04674404827589757
0.9,1.7133333333333334,0.07668592803995662,-0.04674189678835023
0.9,1.7166666666666668,0.07438374045521266,-0.0467392553159586
0.9,1.7200000000000002,0.07207975427577812,-0.04673612644630618
0.9,1.7233333333333334,0.069773994218047,-0.04673251275816817
0.9,1.7266666666666666,0.06746648495066382,-0.04672841682151559
0.9,1.73,0.06515725109435686,-0.04672384119751984
0.9,1.7333333333333334,0.06284631722177375,-0.04671878843855754
0.9,1.7366666666666668,0.06053370785731903,-0.04671326108821585
0.9,1.7400000000000002,0.05821944747699429,-0.0467072616812981
0.9,1.7433333333333334,0.05590356050824114,-0.046700792743829815
0.9,1.7466666666666666,0.05358607132978568,-0.046693856793065085
0.9,1.75,0.05126700427148617,-0.046686456337493284
0.9,1.7533333333333334,0.048946383614183124,-0.04667859387684616
0.9,1.7566666666666668,0.04662423358955077,-0.04667027190210526
0.9,1.76,0.04430057837995176,-0.04666149289550966
0.9,1.7633333333333334,0.041975442118293106,-0.04665225933056409
0.9,1.7666666666666666,0.0396488488878862,-0.04664257367204735
0.9,1.77,0.03732082272230665,-0.04663243837602098
0.9,1.7733333333333334,0.03499138760525866,-0.04662185588983842
0.9,1.7766666666666668,0.03266056747044005,-0.046610828652154275
0.9,1.78,0.030328386201410186,-0.04659935909293403
0.9,1.7833333333333334,0.02799486763145927,-0.04658744963346399
0.9,1.7866666666666666,0.025660035543481514,-0.04657510268636156
0.9,1.79,0.02332391366984796,-0.046562320655585736
0.9,1.7933333333333334,0.02098652569228389,-0.04654910593644798
0.9,1.7966666666666669,0.01864789524174652,-0.0465354609156233
0.9,1.8,0.016308045898305746,-0.046521387971161586
0.9,1.8033333333333332,0.013967001191026127,-0.04650688947249928
0.9,1.8066666666666666,0.01162478459785088,-0.046491967780471065
0.9,1.81,0.009281419545483525,-0.04647662524732076
0.9,1.8133333333333335,0.006936929409284966,-0.04646086421671573
0.9,1.8166666666666669,0.004591337513160627,-0.04644468702375889
0.9,1.82,0.002244667129451841,-0.0464280959950013
0.9,1.8233333333333333,-0.00010305852117009475,-0.0464110934484553
0.9,1.8266666666666667,-0.002451816269807212,-0.04639368169360789
0.9,1.83,-0.004801582999436292,-0.0463758630314343
0.9,1.8333333333333335,-0.007152335645009219,-0.046357639754411775
0.9,1.8366666666666667,-0.009504051193550743,-0.04633901414653361
0.9,1.84,-0.011856706684255305,-0.04631998848332334
0.9,1.8433333333333333,-0.014210279208580371,-0.04630056503184919
0.9,1.8466666666666667,-0.01656474591034033,-0.04628074605073869
0.9,1.85,-0.01892008398579617,-0.046260533790193514
0.9,1.8533333333333335,-0.02127627068374522,-0.04623993049200449
0.9,1.8566666666666667,-0.0236332833056081,-0.04621893838956683
0.9,1.86,-0.025991099205514914,-0.046197559707895505
0.9,1.8633333333333333,-0.02834969579038795,-0.04617579666364087
0.9,1.8666666666666667,-0.030709050520025035,-0.04615365146510442
0.9,1.87,-0.0330691409071788,-0.04613112631225472
0.9,1.8733333333333335,-0.035429944517635974,-0.04610822339674357
0.9,1.8766666666666667,-0.03779143897029411,-0.04608494490192227
0.9,1.88,-0.04015360193723729,-0.04606129300285808
0.9,1.8833333333333333,-0.04251641114380957,-0.04603726986635087
0.9,1.8866666666666667,-0.04487984436868658,-0.0460128776509499
0.9,1.8900000000000001,-0.04724387944394642,-0.045988118506970745
0.9,1.8933333333333335,-0.0496084942551382,-0.04596299457651244
0.9,1.8966666666666667,-0.051973666741349095,-0.045937507993474694
0.9,1.9,-0.05433937489527029,-0.04591166088357529
0.9,1.9033333333333333,-0.056705596763260604,-0.04588545536436765
0.9,1.9066666666666667,-0.05907231044540863,-0.0458588935452585
0.9,1.9100000000000001,-0.06143949409559392,-0.04583197752752569
0.9,1.9133333333333336,-0.06380712592154622,-0.04580470940433615
0.9,1.9166666666666667,-0.06617518418490287,-0.04577709126076396
0.9,1.92,-0.06854364720126564,-0.04574912517380859
0.9,1.9233333333333333,-0.07091249334025512,-0.04572081321241318
0.9,1.9266666666666667,-0.0732817010255634,-0.04569215743748305
0.9,1.9300000000000002,-0.07565124873500649,-0.04566315990190421
0.9,1.9333333333333333,-0.07802111500057408,-0.045633822650562095
0.9,1.9366666666666668,-0.08039127840847973,-0.04560414772036026
0.9,1.94,-0.08276171759922542,-0.04557413714023856
0.9,1.9433333333333334,-0.08513241126763042,-0.04554379293119294
0.9,1.9466666666666668,-0.08750333816287188,-0.04551311710629473
0.9,1.9500000000000002,-0.08987447708853483,-0.045482111670709535
0.9,1.9533333333333334,-0.09224580690265419,-0.045450778621716585
0.9,1.9566666666666668,-0.09461730651775618,-0.04541911994872808
0.9,1.96,-0.09698895490089687,-0.045387137633308754
0.9,1.9633333333333334,-0.09936073107370158,-0.045354833649195354
0.9,1.9666666666666668,-0.10173261411240071,-0.045322209962316416
0.9,1.9700000000000002,-0.10410458314786605,-0.04528926853081193
0.9,1.9733333333333334,-0.10647661736564477,-0.04525601130505321
0.9,1.9766666666666666,-0.10884869600599295,-0.04522244022766281
0.9,1.98,-0.11122079836390701,-0.045188557233534495
0.9,1.9833333333333334,-0.11359290378915399,-0.04515436424985335
0.9,1.9866666666666668,-0.11596499168630127,-0.045119863196115856
0.9,1.9900000000000002,-0.11833704151474449,-0.045085055984150156
0.9,1.9933333333333334,-0.12070903278873418,-0.045049944518136334
0.9,1.9966666666666666,-0.1230809450774018,-0.0450145306946267
0.9,2.0,-0.125452758004784,-0.04497881640256627
0.9,4.0,-0.7771470550117044,0.016474744101500086
0.9,4.003333333333333,-0.7753815304954895,0.016503561191449315
0.9,4.006666666666667,-0.7736130971282962,0.016532233563313094
0.9,4.01,-0.7718417655271026,0.01656076151461105
0.9,4.013333333333334,-0.7700675463041521,0.016589145342606203
0.9,4.016666666666667,-0.768290450066911,0.016617385344303823
0.9,4.02,-0.7665104874180187,0.01664548181645036
0.9,4.023333333333333,-0.764727668955244,0.016673435055532364
0.9,4.026666666666666,-0.7629420052714398,0.016701245357775396
0.9,4.03,-0.7611535069544962,0.016728913019143
0.9,4.033333333333333,-0.7593621845872971,0.016756438335335577
0.9,4.036666666666667,-0.7575680487476724,0.016783821601789428
0.9,4.04,-0.7557711100083565,0.01681106311367563
0.9,4.043333333333333,-0.7539713789369411,0.016838163165899082
0.9,4.046666666666667,-0.7521688660958309,0.016865122053097453
0.9,4.05,-0.7503635820422023,0.01689194006964017
0.9,4.053333333333334,-0.7485555373279543,0.016918617509627445
0.9,4.056666666666667,-0.7467447424996699,0.016945154666889246
0.9,4.06,-0.744931208098568,0.01697155183498436
0.9,4.0633333333333335,-0.7431149446604619,0.016997809307199404
0.9,4.066666666666666,-0.741295962715717,0.017023927376547825
0.9,4.07,-0.7394742727892045,0.017049906335769013
0.9,4.073333333333333,-0.7376498854002627,0.01707574647732728
0.9,4.076666666666667,-0.7358228110626489,0.017101448093411006
0.9,4.08,-0.7339930602845024,0.017127011475931615
0.9,4.083333333333333,-0.7321606435682974,0.01715243691652274
0.9,4.086666666666667,-0.730325571410803,0.01717772470653927
0.9,4.09,-0.728487854303042,0.017202875137056425
0.9,4.093333333333334,-0.7266475027302459,0.01722788849886892
0.9,4.096666666666667,-0.7248045271718173,0.017252765082490008
0.9,4.1,-0.722958938101284,0.017277505178150673
0.9,4.1033333333333335,-0.7211107459862607,0.017302109075798714
0.9,4.1066666666666665,-0.7192599612884074,0.017326577065097874
0.9,4.11,-0.7174065944633868,0.01735090943542703
0.9,4.113333333333333,-0.7155506559608262,0.017375106475879296
0.9,4.116666666666666,-0.7136921562242738,0.01739916847526124
0.9,4.12,-0.7118311056911596,0.01742309572209201
0.9,4.123333333333333,-0.7099675147927567,0.017446888504602524
0.9,4.126666666666667,-0.7081013939541378,0.01747054711073467
0.9,4.13,-0.7062327535941395,0.01749407182814048
0.9,4.133333333333334,-0.7043616041253176,0.017517462944181356
0.9,4.136666666666667,-0.7024879559539122,0.01754072074592724
0.9,4.14,-0.7006118194798052,0.01756384552015588
0.9,4.1433333333333335,-0.6987332050964816,0.01758683755335204
0.9,4.1466666666666665,-0.6968521231909929,0.017609697131706688
0.9,4.15,-0.6949685841439138,0.017632424541116305
0.9,4.153333333333333,-0.6930825983293085,0.01765502006718209
0.9,4.156666666666666,-0.6911941761146873,0.017677483995209225
0.9,4.16,-0.6893033278609711,0.017699816610206157
0.9,4.163333333333333,-0.6874100639224545,0.01772201819688382
0.9,4.166666666666667,-0.6855143946467632,0.017744089039654982
0.9,4.17,-0.6836163303748215,0.01776602942263345
0.9,4.173333333333334,-0.6817158814408096,0.017787839629633456
0.9,4.176666666666667,-0.6798130581721308,0.01780951994416886
0.9,4.18,-0.6779078708893703,0.017831070649452527
0.9,4.183333333333334,-0.67600032990626,0.017852492028395624
0.9,4.1866666666666665,-0.6740904455296416,0.017873784363606905
0.9,4.19,-0.672178228059424,0.017894947937391964
0.9,4.193333333333333,-0.6702636877885555,0.01791598303175272
0.9,4.196666666666666,-0.6683468350029839,0.017936889928386757
0.9,4.2,-0.666427679981619,0.01795766890868663
0.9,4.203333333333333,-0.6645062329962985,0.017978320253739164
0.9,4.206666666666667,-0.6625825043117485,0.017998844244324887
0.9,4.21,-0.6606565041855509,0.01801924116091735
0.9,4.213333333333333,-0.6587282428681052,0.01803951128368253
0.9,4.216666666666667,-0.656797730602594,0.018059654892478214
0.9,4.22,-0.6548649776249496,0.018079672266853364
0.9,4.223333333333334,-0.6529299941638143,0.018099563686047544
0.9,4.226666666666667,-0.6509927904405106,0.018119329428990305
0.9,4.23,-0.649053376669002,0.018138969774300604
0.9,4.233333333333333,-0.6471117630558613,0.018158485000286204
0.9,4.236666666666666,-0.645167959800234,0.018177875384943115
0.9,4.24,-0.6432219770938045,0.01819714120595502
0.9,4.243333333333333,-0.6412738251207631,0.01821628274069269
0.9,4.246666666666667,-0.6393235140577698,0.018235300266213453
0.9,4.25,-0.6373710540739227,0.018254194059260615
0.9,4.253333333333333,-0.635416455330722,0.018272964396262935
0.9,4.256666666666667,-0.6334597279820365,0.018291611553334072
0.9,4.26,-0.6315008821740735,0.01831013580627205
0.9,4.263333333333334,-0.6295399280453404,0.01832853743055875
0.9,4.266666666666667,-0.6275768757266164,0.018346816701359344
0.9,4.27,-0.6256117353409152,0.01836497389352183
0.9,4.273333333333333,-0.6236445170034547,0.018383009281576497
0.9,4.276666666666666,-0.6216752308216251,0.01840092313973541
0.9,4.28,-0.6197038868949529,0.018418715741891935
0.9,4.283333333333333,-0.6177304953150726,0.018436387361620232
0.9,4.286666666666667,-0.6157550661656909,0.01845393827217478
0.9,4.29,-0.6137776095225578,0.018471368746489872
0.9,4.293333333333333,-0.6117981354534318,0.01848867905717918
0.9,4.296666666666667,-0.6098166540180493,0.018505869476535257
0.9,4.3,-0.6078331752680944,0.018522940276529072
0.9,4.303333333333334,-0.6058477092471647,0.01853989172880958
0.9,4.306666666666667,-0.6038602659907429,0.018556724104703232
0.9,4.31,-0.6018708555261629,0.018573437675213567
0.9,4.3133333333333335,-0.5998794878725796,0.01859003271102075
0.9,4.316666666666666,-0.5978861730409404,0.018606509482481128
0.9,4.32,-0.5958909210339504,0.018622868259626838
0.9,4.323333333333333,-0.5938937418460456,0.018639109312165343
0.9,4.326666666666666,-0.5918946454633598,0.018655232909479035
0.9,4.33,-0.5898936418636952,0.01867123932062483
0.9,4.333333333333333,-0.5878907410164939,0.01868712881433373
0.9,4.336666666666667,-0.5858859528828044,0.018702901659010458
0.9,4.34,-0.5838792874152563,0.018718558122733035
0.9,4.343333333333334,-0.5818707545580257,0.01873409847325241
0.9,4.346666666666667,-0.5798603642468103,0.018749522977992046
0.9,4.35,-0.5778481264087967,0.018764831904047572
0.9,4.3533333333333335,-0.5758340509626318,0.018780025518186395
0.9,4.3566666666666665,-0.5738181478183964,0.018795104086847318
0.9,4.36,-0.5718004268775718,0.0188100678761402
0.9,4.363333333333333,-0.5697808980330157,0.01882491715184556
0.9,4.366666666666667,-0.5677595711689288,0.018839652179414274
0.9,4.37,-0.5657364561608312,0.01885427322396718
0.9,4.373333333333333,-0.5637115628755301,0.018868780550294756
0.9,4.376666666666667,-0.5616849011710928,0.018883174422856783
0.9,4.38,-0.5596564808968207,0.018897455105781995
0.9,4.383333333333334,-0.5576263118932178,0.018911622862867773
0.9,4.386666666666667,-0.5555944039919666,0.01892567795757979
0.9,4.39,-0.5535607670158975,0.018939620653051735
0.9,4.3933333333333335,-0.5515254107789622,0.01895345121208496
0.9,4.3966666666666665,-0.5494883450862085,0.01896716989714818
0.9,4.4,-0.5474495797337493,0.01898077697037719
0.9,4.403333333333333,-0.5454091245087396,0.01899427269357453
0.9,4.406666666666666,-0.543366989189346,0.019007657328209235
0.9,4.41,-0.541323183544722,0.019020931135416495
0.9,4.413333333333333,-0.539277717334982,0.01903409437599741
0.9,4.416666666666667,-0.537230600311157,0.019047147310418414
0.9,4.42,-0.5351818422151811,0.01906009019881114
0.9,4.423333333333334,-0.5331314527798803,0.019072923300972558
0.9,4.426666666666667,-0.5310794417289357,0.019085646876364385
0.9,4.43,-0.5290258187768537,0.01909826118411286
0.9,4.433333333333334,-0.5269705936289418,0.019110766483008447
0.9,4.4366666666666665,-0.5249137759812847,0.019123163031505606
0.9,4.44,-0.5228553755207148,0.01913545108772254
0.9,4.443333333333333,-0.5207954019247911,0.019147630909440935
0.9,4.446666666666666,-0.51873386486177,0.01915970275410575
0.9,4.45,-0.5166707739905823,0.019171666878824958
0.9,4.453333333333333,-0.5146061389608086,0.019183523540369292
0.9,4.456666666666667,-0.5125399694126525,0.01919527299517208
0.9,4.46,-0.510472274976918,0.019206915499328944
0.9,4.463333333333333,-0.5084030652749827,0.019218451308597652
0.9,4.466666666666667,-0.5063323499187738,0.01922988067839785
0.9,4.47,-0.5042601385107462,0.019241203863810865
0.9,4.473333333333334,-0.5021864406438539,0.019252421119579522
0.9,4.476666666666667,-0.50011126590153,0.01926353270010789
0.9,4.48,-0.49803462385765884,0.019274538859461145
0.9,4.483333333333333,-0.4959565240765564,0.019285439851365316
0.9,4.486666666666666,-0.4938769761129421,0.019296235929207126
0.9,4.49,-0.4917959895119177,0.019306927346033807
0.9,4.493333333333333,-0.48971357380894476,0.019317514354552888
0.9,4.496666666666667,-0.48762973852981745,0.019327997207132058
0.9,4.5,-0.485544493190644,0.01933837615579894
0.9,4.503333333333334,-0.483457847297819,0.019348651452240972
0.9,4.506666666666667,-0.4813698103480047,0.01935882334780519
0.9,4.51,-0.4792803918281043,0.019368892093498107
0.9,4.513333333333334,-0.47718960121524084,0.019378857939985516
0.9,4.516666666666667,-0.47509744797673636,0.01938872113759236
0.9,4.52,-0.47300394157008596,0.019398481936302562
0.9,4.523333333333333,-0.47090909144293674,0.019408140585758894
0.9,4.526666666666666,-0.4688129070330678,0.019417697335262808
0.9,4.53,-0.4667153977683639,0.01942715243377433
0.9,4.533333333333333,-0.4646165730667976,0.019436506129911872
0.9,4.536666666666667,-0.4625164423364035,0.019445758671952154
0.9,4.54,-0.46041501497526044,0.019454910307830024
0.9,4.543333333333333,-0.4583123003714663,0.019463961285138377
0.9,4.546666666666667,-0.45620830790311784,0.019472911851127993
0.9,4.55,-0.4541030469382912,0.019481762252707438
0.9,4.553333333333334,-0.4519965268350163,0.01949051273644295
0.9,4.556666666666667,-0.44988875694126107,0.01949916354855831
0.9,4.5600000000000005,-0.44777974659490477,0.019507714934934757
0.9,4.5633333333333335,-0.4456695051237225,0.01951616714111086
0.9,4.566666666666666,-0.4435580418453601,0.019524520412282437
0.9,4.57,-0.4414453660673147,0.019532774993302447
0.9,4.573333333333333,-0.43933148708691716,0.019540931128680883
0.9,4.576666666666666,-0.43721641419130675,0.019548989062584708
0.9,4.58,-0.4351001566574137,0.019556949038837746
0.9,4.583333333333333,-0.43298272375194,0.019564811300920606
0.9,4.586666666666667,-0.43086412473133584,0.019572576091970603
0.9,4.59,-0.42874436884178385,0.019580243654781674
0.9,4.593333333333334,-0.4266234653191751,0.01958781423180431
0.9,4.596666666666667,-0.4245014233890938,0.01959528806514548
0.9,4.6,-0.42237825226679354,0.019602665396568568
0.9,4.6033333333333335,-0.4202539611571798,0.019609946467493315
0.9,4.6066666666666665,-0.41812855925479225,0.01961713151899573
0.9,4.61,-0.4160020557437817,0.019624220791808075
0.9,4.613333333333333,-0.41387445979789533,0.019631214526318778
0.9,4.616666666666667,-0.41174578058045336,0.01963811296257239
0.9,4.62,-0.4096160272443346,0.01964491634026954
0.9,4.623333333333333,-0.4074852089319537,0.0196516248987669
0.9,4.626666666666667,-0.40535333477524477,0.01965823887707712
0.9,4.63,-0.4032204138956437,0.019664758513868806
0.9,4.633333333333334,-0.40108645540406673,0.01967118404746648
0.9,4.636666666666667,-0.39895146840089607,0.019677515715850556
0.9,4.64,-0.3968154619759582,0.019683753756657287
0.9,4.6433333333333335,-0.39467844520850726,0.019689898407178778
0.9,4.6466666666666665,-0.3925404271672093,0.019695949904362915
0.9,4.65,-0.39040141691012,0.019701908484813384
0.9,4.653333333333333,-0.38826142348467185,0.019707774384789642
0.9,4.656666666666666,-0.38612045592765293,0.019713547840206888
0.9,4.66,-0.3839785232651897,0.019719229086636068
0.9,4.663333333333333,-0.38183563451269953,0.01972481835930347
0.9,4.666666666666667,-0.3796917986749093,0.019730315893091193
0.9,4.67,-0.3775470247458506,0.019735721922537225
0.9,4.673333333333334,-0.375401321708821,0.01974103668183526
0.9,4.676666666666667,-0.37325469853637155,0.01974626040483467
0.9,4.68,-0.3711071641902863,0.01975139332504055
0.9,4.683333333333334,-0.36895872762156673,0.0197564356756137
0.9,4.6866666666666665,-0.3668093977704173,0.019761387689370635
0.9,4.69,-0.3646591835662251,0.019766249598783616
0.9,4.693333333333333,-0.36250809392754746,0.019771021635980657
0.9,4.696666666666666,-0.3603561377620921,0.019775704032745534
0.9,4.7,-0.3582033239667023,0.019780297020517822
0.9,4.703333333333333,-0.35604966142734296,0.019784800830392912
0.9,4.706666666666667,-0.35389515901908025,0.019789215693122038
0.9,4.71,-0.35173982560607037,0.019793541839112305
0.9,4.713333333333333,-0.3495836700415398,0.01979777949842672
0.9,4.716666666666667,-0.3474267011677711,0.019801928900784235
0.9,4.72,-0.34526892781608953,0.019805990275559772
0.9,4.723333333333334,-0.34311035880684293,0.01980996385178426
0.9,4.726666666666667,-0.3409510029493915,0.019813849858144696
0.9,4.73,-0.33879086904208733,0.01981764852298417
0.9,4.733333333333333,-0.3366299658722642,0.01982136007430192
0.9,4.736666666666666,-0.33446830221621837,0.019824984739753377
0.9,4.74,-0.3323058868391954,0.01982852274665022
0.9,4.743333333333333,-0.3301427284953767,0.01983197432196043
0.9,4.746666666666667,-0.32797883592786076,0.019835339692308347
0.9,4.75,-0.32581421786865356,0.01983861908397472
0.9,4.753333333333334,-0.32364888303864875,0.019841812722896784
0.9,4.756666666666667,-0.3214828401476178,0.019844920834668305
0.9,4.76,-0.31931609789419224,0.019847943644539665
0.9,4.763333333333334,-0.31714866496585015,0.019850881377417914
0.9,4.766666666666667,-0.31498055003890435,0.019853734257866847
0.9,4.77,-0.3128117617784848,0.019856502510107087
0.9,4.773333333333333,-0.3106423088385259,0.01985918635801614
0.9,4.776666666666666,-0.30847219986175467,0.01986178602512848
0.9,4.78,-0.306301443479673,0.019864301734635645
0.9,4.783333333333333,-0.30413004831254814,0.019866733709386294
0.9,4.786666666666667,-0.301958022969395,0.019869082171886307
0.9,4.79,-0.2997853760479668,0.019871347344298868
0.9,4.793333333333333,-0.2976121161347378,0.019873529448444553
0.9,4.796666666666667,-0.2954382518048921,0.01987562870580142
0.9,4.8,-0.2932637916223113,0.019877645337505107
0.9,4.803333333333334,-0.2910887441395584,0.01987957956434892
0.9,4.806666666666667,-0.2889131178978682,0.019881431606783934
0.9,4.8100000000000005,-0.28673692142713125,0.019883201684919097
0.9,4.8133333333333335,-0.284560163245884,0.019884890018521322
0.9,4.816666666666666,-0.2823828518612936,0.019886496827015602
0.9,4.82,-0.28020499576914587,0.01988802232948511
0.9,4.823333333333333,-0.27802660345383495,0.019889466744671312
0.9,4.826666666666667,-0.2758476833883471,0.019890830290974066
0.9,4.83,-0.27366824403425244,0.019892113186451746
0.9,4.833333333333333,-0.2714882938416891,0.019893315648821356
0.9,4.836666666666667,-0.26930784124935253,0.01989443789545864
0.9,4.84,-0.26712689468448564,0.0198954801433982
0.9,4.843333333333334,-0.2649454625628623,0.019896442609333632
0.9,4.846666666666667,-0.2627635532887803,0.019897325509617623
0.9,4.85,-0.26058117525504587,0.019898129060262105
0.9,4.8533333333333335,-0.2583983368429634,0.019898853476938354
0.9,4.8566666666666665,-0.25621504642232584,0.01989949897497714
0.9,4.86,-0.25403131235139886,0.01990006576936884
0.9,4.863333333333333,-0.25184714297691485,0.019900554074763595
0.9,4.866666666666667,-0.2496625466340562,0.019900964105471413
0.9,4.87,-0.24747753164644934,0.01990129607546233
0.9,4.873333333333333,-0.24529210632614942,0.019901550198366542
0.9,4.876666666666667,-0.24310627897363118,0.019901726687474534
0.9,4.88,-0.24092005787777956,0.01990182575573724
0.9,4.883333333333334,-0.23873345131587534,0.01990184761576618
0.9,4.886666666666667,-0.23654646755358866,0.019901792479833598
0.9,4.89,-0.23435911484496466,0.019901660559872622
0.9,4.8933333333333335,-0.23217140143241463,0.019901452067477402
0.9,4.8966666666666665,-0.22998333554670738,0.019901167213903274
0.9,4.9,-0.22779492540695492,0.019900806210066905
0.9,4.903333333333333,-0.22560617922060688,0.019900369266546446
0.9,4.906666666666666,-0.22341710518343644,0.019899856593581698
0.9,4.91,-0.2212277114795319,0.019899268401074262
0.9,4.913333333333333,-0.21903800628128878,0.019898604898587708
0.9,4.916666666666667,-0.21684799774939564,0.019897866295347722
0.9,4.92,-0.2146576940328293,0.01989705280024229
0.9,4.923333333333334,-0.2124671032688404,0.019896164621821852
0.9,4.926666666666667,-0.21027623358294828,0.01989520196829946
0.9,4.93,-0.20808509308888462,0.01989416504755064
0.9,4.933333333333334,-0.20589368988862902,0.019893054067113877
0.9,4.9366666666666665,-0.203702032072423,0.01989186923419096
0.9,4.94,-0.20151012771873245,0.01989061075564696
0.9,4.943333333333333,-0.1993179848942431,0.01988927883801042
0.9,4.946666666666667,-0.1971256116538465,0.019887873687473516
0.9,4.95,-0.19493301604063584,0.019886395509892244
0.9,4.953333333333333,-0.19274020608589248,0.0198848445107866
0.9,4.956666666666667,-0.19054718980907925,0.019883220895340743
0.9,4.96,-0.1883539752178329,0.01988152486840321
0.9,4.963333333333333,-0.1861605703079523,0.01987975663448708
0.9,4.966666666666667,-0.18396698306339107,0.019877916397770142
0.9,4.97,-0.18177322145625105,0.01987600436209512
0.9,4.973333333333334,-0.1795792934467696,0.01987402073096984
0.9,4.976666666666667,-0.1773852069833158,0.019871965707567413
0.9,4.98,-0.17519097000237757,0.019869839494726444
0.9,4.983333333333333,-0.17299659042855797,0.019867642294951214
0.9,4.986666666666666,-0.170802076174563,0.019865374310411882
0.9,4.99,-0.16860743514119517,0.019863035742944665
0.9,4.993333333333333,-0.16641267521734737,0.019860626794052063
0.9,4.996666666666667,-0.16421780427999078,0.019858147664903025
0.9,5.0,-0.16202283019417169,0.019855598556333173
0.9,7.0,0.9405227449758125,0.005953623455332413
0.9,7.003333333333333,0.9410268650635066,0.005937026241346237
0.9,7.006666666666667,0.9415287738382315,0.005920440905749576
0.9,7.01,0.942028471843228,0.0059038674736028
0.9,7.013333333333334,0.9425259596272566,0.005887305969858701
0.9,7.016666666666667,0.9430212377445849,0.005870756419362768
0.9,7.02,0.9435143067549772,0.0058542188468534056
0.9,7.023333333333333,0.9440051672236823,0.005837693276962183
0.9,7.026666666666666,0.9444938197214223,0.005821179734214095
0.9,7.03,0.9449802648243808,0.00580467824302777
0.9,7.033333333333333,0.9454645031141915,0.005788188827715748
0.9,7.036666666666667,0.9459465351779279,0.005771711512484687
0.9,7.04,0.9464263616080898,0.005755246321435637
0.9,7.043333333333333,0.9469039830025933,0.0057387932785642505
0.9,7.046666666666667,0.9473793999647596,0.005722352407761038
0.9,7.05,0.9478526131033022,0.005705923732811614
0.9,7.053333333333334,0.9483236230323167,0.0056895072773969135
0.9,7.056666666666667,0.9487924303712687,0.005673103065093459
0.9,7.06,0.9492590357449828,0.005656711119373571
0.9,7.0633333333333335,0.9497234397836313,0.0056403314636056185
0.9,7.066666666666666,0.9501856431227218,0.0056239641210542686
0.9,7.07,0.9506456464030877,0.005607609114880695
0.9,7.073333333333333,0.9511034502708744,0.005591266468142843
0.9,7.076666666666667,0.9515590553775303,0.005574936203795642
0.9,7.08,0.9520124623797936,0.005558618344691263
0.9,7.083333333333333,0.9524636719396825,0.0055423129135793335
0.9,7.086666666666667,0.9529126847244825,0.005526019933107179
0.9,7.09,0.9533595014067355,0.005509739425820075
0.9,7.093333333333334,0.9538041226642295,0.005493471414161445
0.9,7.096666666666667,0.9542465491799852,0.005477215920473135
0.9,7.1,0.9546867816422465,0.005460972966995612
0.9,7.1033333333333335,0.955124820744469,0.00544474257586821
0.9,7.1066666666666665,0.9555606671853074,0.005428524769129377
0.9,7.11,0.9559943216686058,0.005412319568716877
0.9,7.113333333333333,0.9564257849033849,0.005396126996468052
0.9,7.116666666666666,0.9568550576038326,0.005379947074120028
0.9,7.12,0.9572821404892908,0.005363779823309954
0.9,7.123333333333333,0.9577070342842452,0.005347625265575249
0.9,7.126666666666667,0.9581297397183143,0.005331483422353799
0.9,7.13,0.958550257526237,0.005315354314984222
0.9,7.133333333333334,0.9589685884478627,0.0052992379647060625
0.9,7.136666666666667,0.9593847332281389,0.005283134392660053
0.9,7.14,0.9597986926171008,0.005267043619888315
0.9,7.1433333333333335,0.9602104673698602,0.005250965667334596
0.9,7.1466666666666665,0.9606200582465932,0.005234900555844515
0.9,7.15,0.9610274660125302,0.005218848306165752
0.9,7.153333333333333,0.961432691437944,0.005202808938948316
0.9,7.156666666666666,0.9618357352981387,0.005186782474744737
0.9,7.16,0.9622365983734394,0.005170768934010304
0.9,7.163333333333333,0.9626352814491793,0.005154768337103308
0.9,7.166666666666667,0.9630317853156903,0.005138780704285232
0.9,7.17,0.9634261107682905,0.005122806055721011
0.9,7.173333333333334,0.9638182586072745,0.005106844411479222
0.9,7.176666666666667,0.9642082296379003,0.0050908957915323455
0.9,7.18,0.9645960246703802,0.005074960215756951
0.9,7.183333333333334,0.9649816445198685,0.005059037703933941
0.9,7.1866666666666665,0.9653650900064504,0.005043128275748781
0.9,7.19,0.9657463619551314,0.005027231950791693
0.9,7.193333333333333,0.966125461195826,0.005011348748557912
0.9,7.196666666666666,0.9665023885633464,0.004995478688447878
0.9,7.2,0.9668771448973917,0.0049796217897674685
0.9,7.203333333333333,0.9672497310425365,0.004963778071728231
0.9,7.206666666666667,0.9676201478482204,0.004947947553447575
0.9,7.21,0.9679883961687361,0.004932130253949027
0.9,7.213333333333333,0.9683544768632194,0.004916326192162412
0.9,7.216666666666667,0.968718390795648,0.004900535386924136
0.9,7.22,0.9690801388348168,0.0048847578569773545
0.9,7.223333333333334,0.9694397218543187,0.004868993620972142
0.9,7.226666666666667,0.9697971407325455,0.004853242697465781
0.9,7.23,0.9701523963526776,0.00483750510492295
0.9,7.233333333333333,0.970505489602672,0.004821780861715972
0.9,7.236666666666666,0.9708564213752523,0.004806069986125001
0.9,7.24,0.971205192567897,0.00479037249633825
0.9,7.243333333333333,0.9715518040828285,0.0047746884104522234
0.9,7.246666666666667,0.9718962568270025,0.004759017746471896
0.9,7.25,0.9722385517120968,0.004743360522310969
0.9,7.253333333333333,0.9725786896545001,0.004727716755792048
0.9,7.256666666666667,0.9729166715753014,0.004712086464646874
0.9,7.26,0.9732524984002786,0.004696469666516549
0.9,7.263333333333334,0.9735861710598882,0.004680866378951721
0.9,7.266666666666667,0.9739176904892537,0.004665276619412825
0.9,7.27,0.974247057628155,0.0046497004052702745
0.9,7.273333333333333,0.9745742734210175,0.004634137753804678
0.9,7.276666666666666,0.9748993388169009,0.004618588682207073
0.9,7.28,0.9752222547694892,0.004603053207579097
0.9,7.283333333333333,0.9755430222370782,0.0045875313469332405
0.9,7.286666666666667,0.975861642182566,0.0045720231171930215
0.9,7.29,0.9761781155734418,0.004556528535193227
0.9,7.293333333333333,0.976492443381775,0.004541047617680098
0.9,7.296666666666667,0.9768046265842041,0.00452558038131155
0.9,7.3,0.9771146661619259,0.004510126842657391
0.9,7.303333333333334,0.9774225631006852,0.004494687018199505
0.9,7.306666666666667,0.9777283183907636,0.004479260924332096
0.9,7.31,0.9780319330269684,0.004463848577361862
0.9,7.3133333333333335,0.9783334080086226,0.004448449993508215
0.9,7.316666666666666,0.978632744339553,0.004433065188903507
0.9,7.32,0.9789299430280809,0.004417694179593201
0.9,7.323333333333333,0.9792250050870098,0.004402336981536113
0.9,7.326666666666666,0.9795179315336157,0.004386993610604594
0.9,7.33,0.9798087233896359,0.004371664082584739
0.9,7.333333333333333,0.9800973816812585,0.004356348413176613
0.9,7.336666666666667,0.9803839074391115,0.0043410466179944224
0.9,7.34,0.980668301698252,0.0043257587125667555
0.9,7.343333333333334,0.980950565498156,0.004310484712336753
0.9,7.346666666666667,0.9812306998827068,0.004295224632662343
0.9,7.35,0.9815087059001854,0.00427997848881642
0.9,7.3533333333333335,0.9817845846032591,0.004264746295987057
0.9,7.3566666666666665,0.9820583370489708,0.0042495280692777205
0.9,7.36,0.9823299642987291,0.004234323823707448
0.9,7.363333333333333,0.9825994674182965,0.004219133574211078
0.9,7.366666666666667,0.9828668474777799,0.004203957335639425
0.9,7.37,0.983132105551619,0.004188795122759505
0.9,7.373333333333333,0.9833952427185765,0.004173646950254719
0.9,7.376666666666667,0.9836562600617273,0.004158512832725055
0.9,7.38,0.9839151586684473,0.00414339278468731
0.9,7.383333333333334,0.9841719396304036,0.004128286820575253
0.9,7.386666666666667,0.9844266040435432,0.004113194954739863
0.9,7.39,0.9846791530080832,0.0040981172014494995
0.9,7.3933333333333335,0.9849295876284999,0.00408305357489011
0.9,7.3966666666666665,0.9851779090135179,0.0040680040891654425
0.9,7.4,0.9854241182760998,0.004052968758297217
0.9,7.403333333333333,0.9856682165334362,0.004037947596225354
0.9,7.406666666666666,0.9859102049069342,0.004022940616808142
0.9,7.41,0.9861500845222079,0.004007947833822449
0.9,7.413333333333333,0.9863878565090669,0.003992969260963932
0.9,7.416666666666667,0.9866235220015069,0.003978004911847203
0.9,7.42,0.9868570821376978,0.003963054800006058
0.9,7.423333333333334,0.987088538059975,0.003948118938893639
0.9,7.426666666666667,0.9873178909148271,0.003933197341882665
0.9,7.43,0.987545141852887,0.003918290022265595
0.9,7.433333333333334,0.9877702920289202,0.0039033969932548377
0.9,7.4366666666666665,0.9879933426018155,0.003888518267982954
0.9,7.44,0.9882142947345737,0.003873653859502827
0.9,7.443333333333333,0.9884331495942973,0.0038588037807878828
0.9,7.446666666666666,0.9886499083521805,0.003843968044732261
0.9,7.45,0.9888645721834987,0.0038291466641510136
0.9,7.453333333333333,0.9890771422675975,0.003814339651780315
0.9,7.456666666666667,0.9892876197878835,0.003799547020277621
0.9,7.46,0.9894960059318124,0.0037847687822218975
0.9,7.463333333333333,0.9897023018908802,0.003770004950113778
0.9,7.466666666666667,0.9899065088606115,0.0037552555363757714
0.9,7.47,0.9901086280405498,0.0037405205533524626
0.9,7.473333333333334,0.9903086606342474,0.003725800013310675
0.9,7.476666666666667,0.9905066078492546,0.003711093928439692
0.9,7.48,0.9907024708971093,0.0036964023108514146
0.9,7.483333333333333,0.9908962509933271,0.0036817251725805833
0.9,7.486666666666666,0.991087949357391,0.003667062525584939
0.9,7.49,0.9912775672127405,0.0036524143817454214
0.9,7.493333333333333,0.991465105786762,0.003637780752866372
0.9,7.496666666666667,0.9916505663107781,0.0036231616506756906
0.9,7.5,0.9918339500200374,0.0036085570868250594
0.9,7.503333333333334,0.9920152581537043,0.003593967072890093
0.9,7.506666666666667,0.9921944919548489,0.003579391620370559
0.9,7.51,0.9923716526704366,0.003564830740690539
0.9,7.513333333333334,0.9925467415513173,0.003550284445198622
0.9,7.516666666666667,0.9927197598522164,0.0035357527451681053
0.9,7.52,0.9928907088317233,0.0035212356517971537
0.9,7.523333333333333,0.9930595897522823,0.0035067331762090002
0.9,7.526666666666666,0.9932264038801814,0.0034922453294521363
0.9,7.53,0.9933911524855427,0.0034777721225004747
0.9,7.533333333333333,0.9935538368423122,0.0034633135662535614
0.9,7.536666666666667,0.9937144582282492,0.0034488696715367266
0.9,7.54,0.9938730179249168,0.003434440449101305
0.9,7.543333333333333,0.9940295172176707,0.0034200259096247854
0.9,7.546666666666667,0.9941839573956504,0.003405626063711005
0.9,7.55,0.9943363397517677,0.0033912409218903486
0.9,7.553333333333334,0.9944866655826976,0.0033768704946198977
0.9,7.556666666666667,0.9946349361888674,0.0033625147922836463
0.9,7.5600000000000005,0.9947811528744475,0.003348173825192649
0.9,7.5633333333333335,0.9949253169473395,0.0033338476035852335
0.9,7.566666666666666,0.9950674297191686,0.003319536137627155
0.9,7.57,0.9952074925052715,0.0033052394374117862
0.9,7.573333333333333,0.9953455066246869,0.0032909575129603085
0.9,7.576666666666666,0.9954814734001456,0.003276690374221871
0.9,7.58,0.9956153941580604,0.0032624380310737775
0.9,7.583333333333333,0.995747270228516,0.00324820049332168
0.9,7.586666666666667,0.9958771029452583,0.0032339777706997266
0.9,7.59,0.9960048936456856,0.003219769872870774
0.9,7.593333333333334,0.9961306436708375,0.0032055768094265314
0.9,7.596666666666667,0.996254354365385,0.0031913985898877712
0.9,7.6,0.9963760270776209,0.003177235223704476
0.9,7.6033333333333335,0.9964956631594495,0.003163086720256031
0.9,7.6066666666666665,0.9966132639663766,0.003148953088851406
0.9,7.61,0.9967288308574994,0.0031348343387293115
0.9,7.613333333333333,0.9968423651954968,0.0031207304790583984
0.9,7.616666666666667,0.9969538683466189,0.0031066415189374076
0.9,7.62,0.9970633416806775,0.0030925674673953725
0.9,7.623333333333333,0.9971707865710355,0.003078508333391768
0.9,7.626666666666667,0.997276204394598,0.0030644641258166976
0.9,7.63,0.9973795965318007,0.003050434853491074
0.9,7.633333333333334,0.9974809643666022,0.0030364205251667735
0.9,7.636666666666667,0.9975803092864712,0.0030224211495268336
0.9,7.64,0.9976776326823793,0.0030084367351855996
0.9,7.6433333333333335,0.9977729359487891,0.0029944672906889133
0.9,7.6466666666666665,0.9978662204836454,0.0029805128245142913
0.9,7.65,0.9979574876883646,0.002966573345071075
0.9,7.653333333333333,0.9980467389678663,0.0029526488607008014
0.9,7.656666666666666,0.9981339757306119,0.002938739379677556
0.9,7.66,0.9982191993884086,0.0029248449102073667
0.9,7.663333333333333,0.9983024113564909,0.002910965460428776
0.9,7.666666666666667,0.9983836130535185,0.002897101038413015
0.9,7.67,0.9984628059015666,0.0028832516521642027
0.9,7.673333333333334,0.998539991326115,0.002869417309619487
0.9,7.676666666666667,0.9986151707560397,0.002855598018649244
0.9,7.68,0.9986883456236024,0.0028417937870572206
0.9,7.683333333333334,0.9987595173644409,0.002828004622580715
0.9,7.6866666666666665,0.9988286874175591,0.002814230532890758
0.9,7.69,0.9988958572253179,0.002800471525592252
0.9,7.693333333333333,0.9989610282334251,0.0027867276082241734
0.9,7.696666666666666,0.9990242018909253,0.002772998788259709
0.9,7.7,0.9990853796501912,0.0027592850731064404
0.9,7.703333333333333,0.9991445629669129,0.0027455864701065166
0.9,7.706666666666667,0.999201753300089,0.0027319029865368006
0.9,7.71,0.9992569521120164,0.0027182346296090597
0.9,7.713333333333333,0.999310160868281,0.00270458140647011
0.9,7.716666666666667,0.999361381037748,0.002690943324201993
0.9,7.72,0.999410614092552,0.0026773203898221493
0.9,7.723333333333334,0.999457861508088,0.002663712610283562
0.9,7.726666666666667,0.9995031247630008,0.002650119992474948
0.9,7.73,0.9995464053391767,0.0026365425432208953
0.9,7.733333333333333,0.9995877047217328,0.0026229802692820554
0.9,7.736666666666666,0.9996270243990076,0.0026094331773552823
0.9,7.74,0.9996643658625525,0.0025959012740738073
0.9,7.743333333333333,0.9996997306071206,0.0025823845660074133
0.9,7.746666666666667,0.9997331201306585,0.0025688830596625723
0.9,7.75,0.999764535934296,0.0025553967614826366
0.9,7.753333333333334,0.999793979522337,0.0025419256778479744
0.9,7.756666666666667,0.99982145240225,0.0025284698150761582
0.9,7.76,0.9998469560846579,0.0025150291794221033
0.9,7.763333333333334,0.9998704920833296,0.0025016037770782405
0.9,7.766666666666667,0.9998920619151698,0.002488193614174686
0.9,7.77,0.9999116671002095,0.0024747986967793827
0.9,7.773333333333333,0.9999293091615972,0.002461419030898272
0.9,7.776666666666666,0.9999449896255885,0.002448054622475463
0.9,7.78,0.9999587100215375,0.002434705477393369
0.9,7.783333333333333,0.999970471881887,0.0024213716014728948
0.9,7.786666666666667,0.999980276742159,0.0024080530004735694
0.9,7.79,0.9999881261409456,0.002394749680093732
0.9,7.793333333333333,0.9999940216198994,0.002381461645970666
0.9,7.796666666666667,0.9999979647237239,0.002368188903680769
0.9,7.8,0.9999999570001649,0.0023549314587397218
0.9,7.803333333333334,1.0,0.0023416893166026205
0.9,7.806666666666667,0.9999980952770303,0.0023284624826641637
0.9,7.8100000000000005,0.9999942443880706,0.00231525096225878
0.9,7.8133333333333335,0.9999884488929397,0.002302054760660815
0.9,7.816666666666666,0.9999807103544518,0.0022888738830846625
0.9,7.82,0.9999710303384071,0.0022757083346849312
0.9,7.823333333333333,0.9999594104135816,0.002262558120556613
0.9,7.826666666666667,0.9999458521517188,0.0022494232457352117
0.9,7.83,0.9999303571275204,0.0022363037151969284
0.9,7.833333333333333,0.9999129269186361,0.002223199533858792
0.9,7.836666666666667,0.9998935631056555,0.0022101107065788245
0.9,7.84,0.9998722672720977,0.0021970372381562068
0.9,7.843333333333334,0.9998490410044032,0.0021839791333314058
0.9,7.846666666666667,0.9998238858919241,0.0021709363967863616
0.9,7.85,0.9997968035269145,0.0021579090331446107
0.9,7.8533333333333335,0.9997677955045219,0.002144897046971455
0.9,7.8566666666666665,0.999736863422778,0.0021319004427741237
0.9,7.86,0.9997040088825891,0.0021189192250018994
0.9,7.863333333333333,0.9996692334877272,0.0021059533980463028
0.9,7.866666666666667,0.9996325388448206,0.002093002966241214
0.9,7.87,0.9995939265633452,0.0020800679338630534
0.9,7.873333333333333,0.9995533982556146,0.0020671483051309097
0.9,7.876666666666667,0.999510955536772,0.0020542440842067
0.9,7.88,0.9994666000247797,0.0020413552751953334
0.9,7.883333333333334,0.9994203333404117,0.0020284818821448354
0.9,7.886666666666667,0.9993721571072428,0.0020156239090465284
0.9,7.89,0.9993220729516407,0.0020027813598351564
0.9,7.8933333333333335,0.9992700825027566,0.001989954238389044
0.9,7.8966666666666665,0.9992161873925159,0.00197714254853026
0.9,7.9,0.9991603892556096,0.00196434629402474
0.9,7.903333333333333,0.9991026897294845,0.0019515654785824618
0.9,7.906666666666666,0.9990430904543349,0.0019388001058575739
0.9,7.91,0.9989815930730931,0.0019260501794485518
0.9,7.913333333333333,0.9989181992314207,0.0019133157028983563
0.9,7.916666666666667,0.9988529105776989,0.0019005966796945587
0.9,7.92,0.9987857287630207,0.0018878931132695145
0.9,7.923333333333334,0.9987166554411806,0.001875205007000485
0.9,7.926666666666667,0.9986456922686663,0.00186253236420981
0.9,7.93,0.9985728409046499,0.0018498751881650313
0.9,7.933333333333334,0.9984981030109781,0.0018372334820790503
0.9,7.9366666666666665,0.9984214802521639,0.0018246072491102823
0.9,7.94,0.9983429742953781,0.0018119964923627814
0.9,7.943333333333333,0.9982625868104387,0.0017994012148864105
0.9,7.946666666666667,0.998180319469804,0.0017868214196769614
0.9,7.95,0.998096173948562,0.0017742571096763255
0.9,7.953333333333333,0.9980101519244226,0.001761708287772617
0.9,7.956666666666667,0.9979222550777078,0.001749174956800325
0.9,7.96,0.9978324850913439,0.001736657119540469
0.9,7.963333333333333,0.9977408436508515,0.0017241547787207234
0.9,7.966666666666667,0.997647332444337,0.001711667937015569
0.9,7.97,0.9975519531624844,0.0016991965970464488
0.9,7.973333333333334,0.9974547074985454,0.001686740761381886
0.9,7.976666666666667,0.997355597148331,0.0016743004325376544
0.9,7.98,0.9972546238102029,0.0016618756129768934
0.9,7.983333333333333,0.9971517891850643,0.0016494663051102771
0.9,7.986666666666666,0.9970470949763514,0.0016370725112961337
0.9,7.99,0.996940542890024,0.001624694233840596
0.9,7.993333333333333,0.9968321346345574,0.0016123314749977532
0.9,7.996666666666667,0.9967218719209336,0.0015999842369697687
0.9,8.0,0.9966097564626316,0.001587652521907048
0.9,10.0,0.7487561178696291,-0.0038654319030059846
0.9,10.003333333333334,0.7477164558632117,-0.0038696681314529502
0.9,10.006666666666666,0.7466761138258687,-0.0038738911802556554
0.9,10.01,0.7456350941024428,-0.003878101063227235
0.9,10.013333333333334,0.7445933990365439,-0.003882297794183407
0.9,10.016666666666667,0.7435510309705448,-0.0038864813869424336
0.9,10.02,0.7425079922455783,-0.0038906518553250805
0.9,10.023333333333333,0.741464285201532,-0.003894809213154579
0.9,10.026666666666667,0.7404199121770477,-0.0038989534742565734
0.9,10.03,0.7393748755095175,-0.0039030846524590844
0.9,10.033333333333333,0.7383291775350777,-0.003907202761592475
0.9,10.036666666666667,0.7372828205886092,-0.003911307815489393
0.9,10.04,0.7362358070037331,-0.0039153998279847415
0.9,10.043333333333333,0.7351881391128051,-0.003919478812915636
0.9,10.046666666666667,0.7341398192469156,-0.003923544784121358
0.9,10.05,0.7330908497358848,-0.003927597755443318
0.9,10.053333333333333,0.7320412329082595,-0.003931637740725008
0.9,10.056666666666667,0.7309909710913091,-0.003935664753811975
0.9,10.06,0.7299400666110243,-0.003939678808551763
0.9,10.063333333333333,0.7288885217921127,-0.003943679918793881
0.9,10.066666666666666,0.7278363389579947,-0.003947668098389764
0.9,10.07,0.7267835204308021,-0.003951643361192726
0.9,10.073333333333334,0.7257300685313738,-0.003955605721057924
0.9,10.076666666666666,0.7246759855792537,-0.003959555191842315
0.9,10.08,0.7236212738926847,-0.00396349178740462
0.9,10.083333333333334,0.7225659357886092,-0.003967415521605279
0.9,10.086666666666666,0.7215099735826643,-0.003971326408306411
0.9,10.09,0.720453389589177,-0.003975224461371782
0.9,10.093333333333334,0.719396186121164,-0.003979109694666752
0.9,10.096666666666668,0.7183383654903267,-0.003982982122058246
0.9,10.1,0.7172799300070496,-0.003986841757414707
0.9,10.103333333333333,0.7162208819803937,-0.003990688614606067
0.9,10.106666666666667,0.7151612237180981,-0.003994522707503692
0.9,10.11,0.7141009575265741,-0.003998344049980356
0.9,10.113333333333333,0.7130400857109015,-0.004002152655910198
0.9,10.116666666666667,0.7119786105748279,-0.004005948539168678
0.9,10.12,0.7109165344207644,-0.004009731713632543
0.9,10.123333333333333,0.709853859549781,-0.004013502193179788
0.9,10.126666666666667,0.708790588261606,-0.004017259991689615
0.9,10.13,0.7077267228546223,-0.004021005123042396
0.9,10.133333333333333,0.7066622656258643,-0.0040247376011196285
0.9,10.136666666666667,0.7055972188710123,-0.004028457439803913
0.9,10.14,0.7045315848843943,-0.004032164652978892
0.9,10.143333333333333,0.7034653659589796,-0.004035859254529229
0.9,10.146666666666667,0.7023985643863753,-0.004039541258340566
0.9,10.15,0.7013311824568264,-0.004043210678299479
0.9,10.153333333333334,0.7002632224592101,-0.004046867528293451
0.9,10.156666666666666,0.6991946866810348,-0.004050511822210819
0.9,10.16,0.6981255774084335,-0.0040541435739407565
0.9,10.163333333333334,0.6970558969261658,-0.004057762797373217
0.9,10.166666666666666,0.6959856475176123,-0.004061369506398904
0.9,10.17,0.69491483146477,-0.004064963714909239
0.9,10.173333333333334,0.693843451048253,-0.004068545436796313
0.9,10.176666666666666,0.6927715085472875,-0.0040721146859528535
0.9,10.18,0.6916990062397079,-0.004075671476272196
0.9,10.183333333333334,0.6906259464019565,-0.004079215821648233
0.9,10.186666666666667,0.6895523313090789,-0.004082747735975384
0.9,10.19,0.6884781632347216,-0.004086267233148559
0.9,10.193333333333333,0.687403444451127,-0.004089774327063123
0.9,10.196666666666667,0.686328177229135,-0.004093269031614854
0.9,10.2,0.6852523638381767,-0.004096751360699906
0.9,10.203333333333333,0.6841760065462704,-0.004100221328214769
0.9,10.206666666666667,0.6830991076200235,-0.004103678948056252
0.9,10.21,0.6820216693246253,-0.004107124234121436
0.9,10.213333333333333,0.6809436939238471,-0.004110557200307636
0.9,10.216666666666667,0.6798651836800359,-0.004113977860512366
0.9,10.22,0.6787861408541153,-0.004117386228633297
0.9,10.223333333333333,0.6777065677055808,-0.0041207823185682255
0.9,10.226666666666667,0.6766264664924959,-0.004124166144215044
0.9,10.23,0.6755458394714922,-0.00412753771947169
0.9,10.233333333333333,0.6744646888977648,-0.004130897058236122
0.9,10.236666666666666,0.6733830170250676,-0.004134244174406286
0.9,10.24,0.6723008261057154,-0.0041375790818800684
0.9,10.243333333333334,0.6712181183905768,-0.00414090179455527
0.9,10.246666666666666,0.6701348961290738,-0.00414421232632957
0.9,10.25,0.6690511615691768,-0.0041475106911004886
0.9,10.253333333333334,0.6679669169574047,-0.004150796902765351
0.9,10.256666666666666,0.6668821645388209,-0.0041540709752212555
0.9,10.26,0.6657969065570285,-0.004157332922365038
0.9,10.263333333333334,0.6647111452541712,-0.004160582758093236
0.9,10.266666666666667,0.6636248828709288,-0.004163820496302053
0.9,10.27,0.6625381216465145,-0.004167046150887325
0.9,10.273333333333333,0.6614508638186707,-0.004170259735744492
0.9,10.276666666666667,0.6603631116236699,-0.004173461264768554
0.9,10.28,0.6592748672963097,-0.004176650751854037
0.9,10.283333333333333,0.6581861330699088,-0.004179828210894973
0.9,10.286666666666667,0.6570969111763076,-0.004182993655784846
0.9,10.29,0.6560072038458641,-0.004186147100416571
0.9,10.293333333333333,0.6549170133074489,-0.00418928855868246
0.9,10.296666666666667,0.6538263417884471,-0.004192418044474179
0.9,10.3,0.6527351915147518,-0.004195535571682726
0.9,10.303333333333333,0.6516435647107643,-0.0041986411541983844
0.9,10.306666666666667,0.6505514635993882,-0.004201734805910705
0.9,10.31,0.64945889040203,-0.004204816540708459
0.9,10.313333333333333,0.6483658473385956,-0.004207886372479609
0.9,10.316666666666666,0.6472723366274857,-0.004210944315111282
0.9,10.32,0.6461783604855964,-0.004213990382489725
0.9,10.323333333333334,0.6450839211283141,-0.004217024588500281
0.9,10.326666666666666,0.6439890207695151,-0.00422004694702735
0.9,10.33,0.6428936616215597,-0.004223057471954363
0.9,10.333333333333334,0.6417978458952935,-0.004226056177163743
0.9,10.336666666666666,0.6407015758000433,-0.00422904307653687
0.9,10.34,0.6396048535436123,-0.004232018183954061
0.9,10.343333333333334,0.6385076813322815,-0.004234981513294524
0.9,10.346666666666668,0.6374100613708051,-0.00423793307843633
0.9,10.35,0.6363119958624084,-0.004240872893256381
0.9,10.353333333333333,0.6352134870087832,-0.0042438009716303845
0.9,10.356666666666667,0.6341145370100894,-0.004246717327432807
0.9,10.36,0.6330151480649497,-0.0042496219745368526
0.9,10.363333333333333,0.6319153223704469,-0.004252514926814431
0.9,10.366666666666667,0.6308150621221228,-0.00425539619813612
0.9,10.37,0.6297143695139761,-0.004258265802371135
0.9,10.373333333333333,0.6286132467384566,-0.004261123753387302
0.9,10.376666666666667,0.6275116959864676,-0.004263970065051021
0.9,10.38,0.6264097194473598,-0.004266804751227235
0.9,10.383333333333333,0.6253073193089308,-0.004269627825779402
0.9,10.386666666666667,0.6242044977574204,-0.004272439302569461
0.9,10.39,0.623101256977511,-0.0042752391954578
0.9,10.393333333333333,0.6219975991523246,-0.004278027518303225
0.9,10.396666666666667,0.6208935264634172,-0.004280804284962933
0.9,10.4,0.6197890410907813,-0.004283569509292473
0.9,10.403333333333334,0.6186841452128399,-0.004286323205145724
0.9,10.406666666666666,0.6175788410064463,-0.004289065386374856
0.9,10.41,0.6164731306468788,-0.004291796066830307
0.9,10.413333333333334,0.6153670163078421,-0.0042945152603607465
0.9,10.416666666666666,0.6142605001614632,-0.004297222980813045
0.9,10.42,0.6131535843782869,-0.004299919242032251
0.9,10.423333333333334,0.6120462711272776,-0.004302604057861549
0.9,10.426666666666666,0.6109385625758147,-0.004305277442142236
0.9,10.43,0.6098304608896884,-0.004307939408713694
0.9,10.433333333333334,0.6087219682331018,-0.004310589971413354
0.9,10.436666666666667,0.6076130867686651,-0.004313229144076669
0.9,10.44,0.6065038186573952,-0.004315856940537079
0.9,10.443333333333333,0.6053941660587108,-0.004318473374625992
0.9,10.446666666666667,0.6042841311304336,-0.004321078460172744
0.9,10.45,0.6031737160287843,-0.004323672211004572
0.9,10.453333333333333,0.6020629229083787,-0.004326254640946588
0.9,10.456666666666667,0.6009517539222287,-0.004328825763821744
0.9,10.46,0.5998402112217377,-0.004331385593450806
0.9,10.463333333333333,0.5987282969567002,-0.004333934143652323
0.9,10.466666666666667,0.5976160132752959,-0.004336471428242602
0.9,10.47,0.5965033623240922,-0.004338997461035671
0.9,10.473333333333333,0.5953903462480394,-0.004341512255843256
0.9,10.476666666666667,0.5942769671904674,-0.004344015826474753
0.9,10.48,0.5931632272930866,-0.00434650818673719
0.9,10.483333333333333,0.5920491286959835,-0.004348989350435209
0.9,10.486666666666666,0.5909346735376179,-0.004351459331371032
0.9,10.49,0.5898198639548231,-0.004353918143344434
0.9,10.493333333333334,0.5887047020828019,-0.004356365800152709
0.9,10.496666666666666,0.5875891900551254,-0.004358802315590649
0.9,10.5,0.586473330003729,-0.004361227703450514
0.9,10.503333333333334,0.5853571240589129,-0.004363641977521999
0.9,10.506666666666666,0.5842405743493388,-0.004366045151592208
0.9,10.51,0.5831236830020257,-0.004368437239445632
0.9,10.513333333333334,0.5820064521423515,-0.004370818254864109
0.9,10.516666666666667,0.5808888838940484,-0.004373188211626807
0.9,10.52,0.5797709803792018,-0.004375547123510189
0.9,10.523333333333333,0.5786527437182463,-0.00437789500428799
0.9,10.526666666666667,0.5775341760299665,-0.004380231867731185
0.9,10.53,0.5764152794314935,-0.004382557727607961
0.9,10.533333333333333,0.5752960560383011,-0.0043848725976837
0.9,10.536666666666667,0.574176507964207,-0.004387176491720935
0.9,10.54,0.573056637321369,-0.004389469423479333
0.9,10.543333333333333,0.5719364462202813,-0.004391751406715668
0.9,10.546666666666667,0.5708159367697758,-0.004394022455183788
0.9,10.55,0.569695111077018,-0.004396282582634593
0.9,10.553333333333333,0.5685739712475055,-0.004398531802816002
0.9,10.556666666666667,0.5674525193850642,-0.004400770129472938
0.9,10.56,0.5663307575918497,-0.004402997576347284
0.9,10.563333333333333,0.5652086879683432,-0.004405214157177869
0.9,10.566666666666666,0.5640863126133479,-0.004407419885700441
0.9,10.57,0.5629636336239904,-0.00440961477564763
0.9,10.573333333333334,0.5618406530957168,-0.004411798840748932
0.9,10.576666666666666,0.5607173731222913,-0.004413972094730677
0.9,10.58,0.5595937957957918,-0.004416134551316006
0.9,10.583333333333334,0.5584699232066123,-0.004418286224224841
0.9,10.586666666666666,0.5573457574434578,-0.00442042712717386
0.9,10.59,0.5562213005933422,-0.004422557273876474
0.9,10.593333333333334,0.5550965547415881,-0.004424676678042797
0.9,10.596666666666668,0.5539715219718241,-0.00442678535337962
0.9,10.6,0.5528462043659829,-0.004428883313590384
0.9,10.603333333333333,0.5517206040042975,-0.004430970572375164
0.9,10.606666666666667,0.5505947229653025,-0.004433047143430629
0.9,10.61,0.5494685633258312,-0.0044351130404500245
0.9,10.613333333333333,0.5483421271610105,-0.0044371682771231465
0.9,10.616666666666667,0.5472154165442638,-0.004439212867136313
0.9,10.62,0.5460884335473069,-0.00444124682417234
0.9,10.623333333333333,0.544961180240144,-0.00444327016191052
0.9,10.626666666666667,0.5438336586910697,-0.004445282894026588
0.9,10.63,0.5427058709666635,-0.004447285034192643
0.9,10.633333333333333,0.5415778191317876,-0.004449276596077104
0.9,10.636666666666667,0.5404495052495887,-0.004451257593344869
0.9,10.64,0.5393209313814961,-0.004453228039657181
0.9,10.643333333333333,0.5381920995872181,-0.0044551879486716
0.9,10.646666666666667,0.5370630119247385,-0.004457137334041984
0.9,10.65,0.5359336704503184,-0.004459076209418458
0.9,10.653333333333332,0.5348040772184922,-0.004461004588447389
0.9,10.656666666666666,0.5336742342820645,-0.004462922484771372
0.9,10.66,0.5325441436921114,-0.004464829912029189
0.9,10.663333333333334,0.5314138074979767,-0.004466726883855797
0.9,10.666666666666666,0.5302832277472708,-0.0044686134138822945
0.9,10.67,0.5291524064858668,-0.004470489515735909
0.9,10.673333333333334,0.5280213457579024,-0.004472355203039961
0.9,10.676666666666666,0.5268900476057762,-0.004474210489413842
0.9,10.68,0.5257585140701438,-0.004476055388472999
0.9,10.683333333333334,0.5246267471899203,-0.0044778899138288985
0.9,10.686666666666667,0.5234947490022754,-0.00447971407908901
0.9,10.69,0.5223625215426333,-0.0044815278978567775
0.9,10.693333333333333,0.5212300668446683,-0.004483331383731603
0.9,10.696666666666667,0.520097386940307,-0.0044851245503088125
0.9,10.7,0.5189644838597244,-0.00448690741117964
0.9,10.703333333333333,0.5178313596313402,-0.004488679979931201
0.9,10.706666666666667,0.5166980162818214,-0.0044904422701464684
0.9,10.71,0.5155644558360775,-0.004492194295404251
0.9,10.713333333333333,0.5144306803172601,-0.004493936069279166
0.9,10.716666666666667,0.5132966917467592,-0.004495667605341623
0.9,10.72,0.5121624921442044,-0.004497388917157791
0.9,10.723333333333333,0.5110280835274622,-0.004499100018289583
0.9,10.726666666666667,0.5098934679126317,-0.0045008009222946305
0.9,10.73,0.5087586473140473,-0.0045024916427262585
0.9,10.733333333333334,0.5076236237442738,-0.004504172193133462
0.9,10.736666666666666,0.5064883992141072,-0.004505842587060889
0.9,10.74,0.5053529757325685,-0.004507502838048812
0.9,10.743333333333334,0.5042173553069083,-0.004509152959633105
0.9,10.746666666666666,0.5030815399426011,-0.0045107929653452235
0.9,10.75,0.5019455316433431,-0.004512422868712182
0.9,10.753333333333334,0.500809332411054,-0.00451404268325653
0.9,10.756666666666666,0.49967294424587294,-0.0045156524224963255
0.9,10.76,0.49853636914615584,-0.004517252099945123
0.9,10.763333333333334,0.4973996091084771,-0.004518841729111939
0.9,10.766666666666667,0.4962626661276253,-0.004520421323501241
0.9,10.77,0.49512554219660343,-0.004521990896612913
0.9,10.773333333333333,0.4939882393066242,-0.004523550461942247
0.9,10.776666666666667,0.49285075944711254,-0.0045251000329799085
0.9,10.78,0.491713104605702,-0.004526639623211922
0.9,10.783333333333333,0.4905752767682314,-0.0045281692461196475
0.9,10.786666666666667,0.489437277918747,-0.004529688915179757
0.9,10.79,0.48829911003949894,-0.004531198643864212
0.9,10.793333333333333,0.48716077511093786,-0.004532698445640247
0.9,10.796666666666667,0.4860222751117172,-0.004534188333970342
0.9,10.8,0.48488361201868907,-0.004535668322312203
0.9,10.803333333333333,0.48374478780690394,-0.004537138424118738
0.9,10.806666666666667,0.48260580444960666,-0.004538598652838044
0.9,10.81,0.48146666391823867,-0.004540049021913374
0.9,10.813333333333333,0.4803273681824347,-0.004541489544783123
0.9,10.816666666666666,0.47918791921001913,-0.004542920234880807
0.9,10.82,0.4780483189670085,-0.0045443411056350375
0.9,10.823333333333334,0.47690856941760734,-0.004545752170469501
0.9,10.826666666666666,0.47576867252420807,-0.004547153442802941
0.9,10.83,0.47462863024738694,-0.004548544936049138
0.9,10.833333333333334,0.4734884445459063,-0.004549926663616882
0.9,10.836666666666666,0.47234811737671106,-0.0045512986389099576
0.9,10.84,0.4712076506949259,-0.004552660875327122
0.9,10.843333333333334,0.4700670464538569,-0.00455401338626208
0.9,10.846666666666668,0.4689263066049881,-0.004555356185103471
0.9,10.85,0.46778543309798093,-0.004556689285234841
0.9,10.853333333333333,0.46664442788067056,-0.004558012700034628
0.9,10.856666666666667,0.465503292899068,-0.004559326442876137
0.9,10.86,0.464362030097357,-0.00456063052712752
0.9,10.863333333333333,0.4632206414178905,-0.004561924966151761
0.9,10.866666666666667,0.4620791288011933,-0.00456320977330665
0.9,10.870000000000001,0.4609374941859578,-0.004564484961944762
0.9,10.873333333333333,0.45979573950904407,-0.004565750545413443
0.9,10.876666666666667,0.4586538667054759,-0.004567006537054786
0.9,10.88,0.4575118777084432,-0.00456825295020561
0.9,10.883333333333333,0.4563697744492986,-0.00456948979819744
0.9,10.886666666666667,0.45522755885755434,-0.004570717094356493
0.9,10.89,0.45408523286088476,-0.004571934852003651
0.9,10.893333333333333,0.4529427983851226,-0.0045731430844544434
0.9,10.896666666666667,0.45180025735425644,-0.004574341805019031
0.9,10.9,0.4506576116904325,-0.00457553102700218
0.9,10.903333333333334,0.4495148633139511,-0.004576710763703248
0.9,10.906666666666666,0.44837201414326633,-0.004577881028416161
0.9,10.91,0.4472290660949829,-0.004579041834429397
0.9,10.913333333333334,0.44608602108385764,-0.004580193195025966
0.9,10.916666666666666,0.4449428810227967,-0.004581335123483384
0.9,10.92,0.44379964782285275,-0.004582467633073668
0.9,10.923333333333334,0.4426563233932265,-0.004583590737063303
0.9,10.926666666666666,0.44151290964126483,-0.004584704448713227
0.9,10.93,0.4403694084724562,-0.0045858087812788205
0.9,10.933333333333334,0.4392258217904342,-0.0045869037480098735
0.9,10.936666666666667,0.4380821514969732,-0.004587989362150576
0.9,10.94,0.43693839949198854,-0.004589065636939497
0.9,10.943333333333333,0.43579456767353264,-0.004590132585609565
0.9,10.946666666666667,0.43465065793779767,-0.004591190221388051
0.9,10.95,0.43350667217911226,-0.004592238557496548
0.9,10.953333333333333,0.4323626122899385,-0.0045932776071509526
0.9,10.956666666666667,0.4312184801608741,-0.004594307383561448
0.9,10.96,0.4300742776806492,-0.004595327899932483
0.9,10.963333333333333,0.4289300067361261,-0.004596339169462758
0.9,10.966666666666667,0.42778566921229527,-0.004597341205345201
0.9,10.97,0.42664126699227845,-0.004598334020766956
0.9,10.973333333333333,0.42549680195732503,-0.004599317628909356
0.9,10.976666666666667,0.42435227598680964,-0.004600292042947916
0.9,10.98,0.4232076909582336,-0.004601257276052305
0.9,10.983333333333334,0.42206304874722245,-0.004602213341386333
0.9,10.986666666666666,0.42091835122752524,-0.004603160252107932
0.9,10.99,0.419773600271011,-0.00460409802136914
0.9,10.993333333333334,0.41862879774767153,-0.00460502666231608
0.9,10.996666666666666,0.41748394552561807,-0.004605946188088943
0.9,11.0,0.41633904547107853,-0.004606856611821974
0.9,13.0,-0.23102798155733353,-0.0033960215633115137
0.9,13.003333333333334,-0.23179413677244515,-0.0033937225326430274
0.9,13.006666666666666,-0.23255963386477155,-0.003391421439104663
0.9,13.01,-0.23332447228634765,-0.003389118289525486
0.9,13.013333333333334,-0.23408865149075472,-0.00338681309072637
0.9,13.016666666666667,-0.23485217093312077,-0.003384505849519993
0.9,13.02,-0.23561503007011864,-0.003382196572710846
0.9,13.023333333333333,-0.236377228359967,-0.0033798852670952283
0.9,13.026666666666667,-0.23713876526242636,-0.0033775719394612586
0.9,13.03,-0.2378996402387999,-0.003375256596588874
0.9,13.033333333333333,-0.2386598527519331,-0.0033729392452498297
0.9,13.036666666666667,-0.23941940226621075,-0.0033706198922077097
0.9,13.04,-0.24017828824755696,-0.0033682985442179247
0.9,13.043333333333333,-0.2409365101634352,-0.0033659752080277125
0.9,13.046666666666667,-0.2416940674828453,-0.003363649890376148
0.9,13.05,-0.24245095967632355,-0.0033613225979941415
0.9,13.053333333333333,-0.24320718621594128,-0.0033589933376044433
0.9,13.056666666666667,-0.24396274657530526,-0.0033566621159216432
0.9,13.06,-0.24471764022955422,-0.0033543289396521805
0.9,13.063333333333333,-0.24547186665535922,-0.0033519938154943415
0.9,13.066666666666666,-0.24622542533092373,-0.0033496567501382617
0.9,13.07,-0.2469783157359801,-0.003347317750265935
0.9,13.073333333333334,-0.2477305373517903,-0.0033449768225512115
0.9,13.076666666666666,-0.24848208966114416,-0.0033426339736598023
0.9,13.08,-0.24923297214835963,-0.00334028921024928
0.9,13.083333333333334,-0.24998318429927965,-0.0033379425389690872
0.9,13.086666666666666,-0.25073272560127224,-0.0033355939664605374
0.9,13.09,-0.2514815955432307,-0.003333243499356812
0.9,13.093333333333334,-0.2522297936155699,-0.0033308911442829743
0.9,13.096666666666668,-0.2529773193102274,-0.0033285369078559644
0.9,13.1,-0.253724172120661,-0.003326180796684607
0.9,13.103333333333333,-0.2544703515418499,-0.0033238228173696088
0.9,13.106666666666667,-0.25521585707029065,-0.0033214629765035693
0.9,13.11,-0.255960688203998,-0.003319101280670979
0.9,13.113333333333333,-0.25670484444250424,-0.003316737736448222
0.9,13.116666666666667,-0.2574483252868567,-0.0033143723504035828
0.9,13.12,-0.25819113023961704,-0.003312005129097249
0.9,13.123333333333333,-0.25893325880486207,-0.0033096360790813087
0.9,13.126666666666667,-0.2596747104881798,-0.0033072652068997623
0.9,13.13,-0.2604154847966704,-0.0033048925190885202
0.9,13.133333333333333,-0.26115558123894417,-0.0033025180221754086
0.9,13.136666666666667,-0.26189499932512206,-0.0033001417226801687
0.9,13.14,-0.26263373856683214,-0.0032977636271144654
0.9,13.143333333333333,-0.2633717984772102,-0.00329538374198189
0.9,13.146666666666667,-0.2641091785708993,-0.0032930020737779553
0.9,13.15,-0.26484587836404666,-0.003290618628990112
0.9,13.153333333333334,-0.2655818973743042,-0.0032882334140977416
0.9,13.156666666666666,-0.2663172351208267,-0.0032858464355721663
0.9,13.16,-0.2670518911242722,-0.0032834576998766437
0.9,13.163333333333334,-0.26778586490679857,-0.0032810672134663816
0.9,13.166666666666666,-0.2685191559920638,-0.0032786749827885347
0.9,13.17,-0.26925176390522587,-0.003276281014282205
0.9,13.173333333333334,-0.26998368817293983,-0.003273885314378453
0.9,13.176666666666666,-0.27071492832335725,-0.003271487889500297
0.9,13.18,-0.2714454838861268,-0.003269088746062714
0.9,13.183333333333334,-0.2721753543923907,-0.003266687890472647
0.9,13.186666666666667,-0.27290453937478526,-0.0032642853291290084
0.9,13.19,-0.27363303836743885,-0.0032618810684226815
0.9,13.193333333333333,-0.27436085090597295,-0.003259475114736521
0.9,13.196666666666667,-0.275087976527504,-0.0032570674744453443
0.9,13.2,-0.27581441477063284,-0.0032546581539159673
0.9,13.203333333333333,-0.27654016517544755,-0.003252247159507197
0.9,13.206666666666667,-0.2772652272835222,-0.0032498344975698317
0.9,13.21,-0.27798960063791783,-0.0032474201744466607
0.9,13.213333333333333,-0.2787132847831801,-0.00324500419647247
0.9,13.216666666666667,-0.27943627926534,-0.0032425865699740393
0.9,13.22,-0.28015858363191054,-0.003240167301270156
0.9,13.223333333333333,-0.2808801974318866,-0.0032377463966716123
0.9,13.226666666666667,-0.2816011202157452,-0.003235323862481206
0.9,13.23,-0.2823213515354421,-0.0032328997049937518
0.9,13.233333333333333,-0.2830408909444115,-0.003230473930496081
0.9,13.236666666666666,-0.28375973799756676,-0.003228046545267041
0.9,13.24,-0.2844778922512964,-0.003225617555577507
0.9,13.243333333333334,-0.2851953532634649,-0.0032231869676903795
0.9,13.246666666666666,-0.2859121205934108,-0.0032207547878605916
0.9,13.25,-0.28662819380194693,-0.0032183210223351065
0.9,13.253333333333334,-0.28734357245135733,-0.0032158856773529306
0.9,13.256666666666666,-0.28805825610539704,-0.0032134487591451107
0.9,13.26,-0.2887722443292923,-0.003211010273934735
0.9,13.263333333333334,-0.28948553668973726,-0.003208570227936946
0.9,13.266666666666667,-0.2901981327548941,-0.003206128627358935
0.9,13.27,-0.2909100320943914,-0.0032036854783999537
0.9,13.273333333333333,-0.29162123427932474,-0.0032012407872513077
0.9,13.276666666666667,-0.2923317388822528,-0.0031987945600963712
0.9,13.28,-0.2930415454771979,-0.0031963468031105855
0.9,13.283333333333333,-0.29375065363964575,-0.003193897522461459
0.9,13.286666666666667,-0.29445906294654234,-0.0031914467243085777
0.9,13.29,-0.2951667729762937,-0.003188994414803607
0.9,13.293333333333333,-0.29587378330876596,-0.0031865406000902907
0.9,13.296666666666667,-0.29658009352528225,-0.0031840852863044616
0.9,13.3,-0.29728570320862285,-0.003181628479574041
0.9,13.303333333333333,-0.2979906119430234,-0.0031791701860190446
0.9,13.306666666666667,-0.29869481931417524,-0.0031767104117515813
0.9,13.31,-0.29939832490922236,-0.003174249162875865
0.9,13.313333333333333,-0.3001011283167609,-0.003171786445488213
0.9,13.316666666666666,-0.3008032291268396,-0.0031693222656770485
0.9,13.32,-0.30150462693095625,-0.0031668566295229095
0.9,13.323333333333334,-0.30220532132205813,-0.003164389543098449
0.9,13.326666666666666,-0.3029053118945401,-0.0031619210124684415
0.9,13.33,-0.30360459824424524,-0.003159451043689779
0.9,13.333333333333334,-0.304303179968461,-0.003156979642811487
0.9,13.336666666666666,-0.3050010566659196,-0.003154506815874721
0.9,13.34,-0.30569822793679796,-0.003152032568912767
0.9,13.343333333333334,-0.30639469338271436,-0.0031495569079510546
0.9,13.346666666666668,-0.3070904526067287,-0.0031470798390071534
0.9,13.35,-0.3077855052133407,-0.0031446013680907817
0.9,13.353333333333333,-0.3084798508084903,-0.003142121501203804
0.9,13.356666666666667,-0.3091734889995543,-0.003139640244340242
0.9,13.36,-0.30986641939534654,-0.003137157603486276
0.9,13.363333333333333,-0.3105586416061174,-0.003134673584620244
0.9,13.366666666666667,-0.31125015524355093,-0.0031321881937126537
0.9,13.37,-0.31194095992076465,-0.003129701436726182
0.9,13.373333333333333,-0.3126310552523096,-0.003127213319615676
0.9,13.376666666666667,-0.31332044085416694,-0.003124723848328164
0.9,13.38,-0.3140091163437483,-0.003122233028802853
0.9,13.383333333333333,-0.31469708133989394,-0.0031197408669711387
0.9,13.386666666666667,-0.31538433546287314,-0.0031172473687566
0.9,13.39,-0.3160708783343808,-0.0031147525400750135
0.9,13.393333333333333,-0.31675670957753754,-0.0031122563868343535
0.9,13.396666666666667,-0.3174418288168895,-0.00310975891493479
0.9,13.4,-0.3181262356784051,-0.0031072601302687027
0.9,13.403333333333334,-0.3188099297894753,-0.003104760038720679
0.9,13.406666666666666,-0.31949291077891195,-0.0031022586461675198
0.9,13.41,-0.3201751782769479,-0.003099755958478239
0.9,13.413333333333334,-0.3208567319152338,-0.0030972519815140754
0.9,13.416666666666666,-0.3215375713268379,-0.003094746721128493
0.9,13.42,-0.3222176961462463,-0.0030922401831671793
0.9,13.423333333333334,-0.3228971060093593,-0.0030897323734680607
0.9,13.426666666666666,-0.32357580055349167,-0.0030872232978612977
0.9,13.43,-0.32425377941737227,-0.00308471296216929
0.9,13.433333333333334,-0.32493104224114117,-0.0030822013722066844
0.9,13.436666666666667,-0.3256075886663494,-0.0030796885337803764
0.9,13.44,-0.3262834183359577,-0.0030771744526895154
0.9,13.443333333333333,-0.32695853089433624,-0.0030746591347255037
0.9,13.446666666666667,-0.32763292598726185,-0.003072142585672008
0.9,13.45,-0.3283066032619176,-0.0030696248113049615
0.9,13.453333333333333,-0.32897956236689274,-0.0030671058173925613
0.9,13.456666666666667,-0.32965180295217983,-0.0030645856096952824
0.9,13.46,-0.3303233246691743,-0.0030620641939658752
0.9,13.463333333333333,-0.3309941271706733,-0.003059541575949373
0.9,13.466666666666667,-0.3316642101108755,-0.003057017761383091
0.9,13.47,-0.33233357314537826,-0.0030544927559966384
0.9,13.473333333333333,-0.333002215931177,-0.003051966565511916
0.9,13.476666666666667,-0.33367013812666557,-0.0030494391956431208
0.9,13.48,-0.33433733939163274,-0.003046910652096755
0.9,13.483333333333333,-0.33500381938726215,-0.0030443809405716264
0.9,13.486666666666666,-0.3356695777761322,-0.003041850066758849
0.9,13.49,-0.3363346142222132,-0.0030393180363418562
0.9,13.493333333333334,-0.33699892839086676,-0.0030367848549963973
0.9,13.496666666666666,-0.3376625199488449,-0.0030342505283905466
0.9,13.5,-0.3383253885642893,-0.003031715062184701
0.9,13.503333333333334,-0.33898753390672914,-0.003029178462031592
0.9,13.506666666666666,-0.33964895564708014,-0.0030266407335762862
0.9,13.51,-0.34030965345764475,-0.003024101882456187
0.9,13.513333333333334,-0.34096962701210903,-0.0030215619143010436
0.9,13.516666666666667,-0.3416288759855426,-0.0030190208347329523
0.9,13.52,-0.3422874000543972,-0.0030164786493663636
0.9,13.523333333333333,-0.3429451988965063,-0.0030139353638080793
0.9,13.526666666666667,-0.34360227219108264,-0.003011390983657265
0.9,13.53,-0.3442586196187174,-0.0030088455145054526
0.9,13.533333333333333,-0.3449142408613804,-0.003006298961936538
0.9,13.536666666666667,-0.3455691356024171,-0.0030037513315267937
0.9,13.54,-0.34622330352654784,-0.0030012026288448704
0.9,13.543333333333333,-0.3468767443198684,-0.0029986528594517963
0.9,13.546666666666667,-0.3475294576698463,-0.0029961020289009897
0.9,13.55,-0.3481814432653213,-0.0029935501427382563
0.9,13.553333333333333,-0.34883270079650314,-0.0029909972065018
0.9,13.556666666666667,-0.34948322995497233,-0.002988443225722217
0.9,13.56,-0.3501330304336765,-0.0029858882059225125
0.9,13.563333333333333,-0.3507821019269303,-0.002983332152618097
0.9,13.566666666666666,-0.3514304441304155,-0.0029807750713167908
0.9,13.57,-0.3520780567411776,-0.002978216967518832
0.9,13.573333333333334,-0.35272493945762584,-0.0029756578467168794
0.9,13.576666666666666,-0.35337109197953165,-0.0029730977143960164
0.9,13.58,-0.3540165140080289,-0.0029705365760337513
0.9,13.583333333333334,-0.3546612052456103,-0.0029679744371000306
0.9,13.586666666666666,-0.3553051653961275,-0.0029654113030572376
0.9,13.59,-0.355948394164791,-0.002962847179360193
0.9,13.593333333333334,-0.3565908912581669,-0.002960282071456169
0.9,13.596666666666668,-0.3572326563841767,-0.002957715984784886
0.9,13.6,-0.3578736892520963,-0.0029551489247785214
0.9,13.603333333333333,-0.35851398957255504,-0.002952580896861707
0.9,13.606666666666667,-0.35915355705753355,-0.0029500119064515434
0.9,13.61,-0.3597923914203631,-0.0029474419589575985
0.9,13.613333333333333,-0.3604304923757253,-0.0029448710597819085
0.9,13.616666666666667,-0.36106785963964905,-0.0029422992143189916
0.9,13.62,-0.3617044929295106,-0.002939726427955846
0.9,13.623333333333333,-0.36234039196403306,-0.0029371527060719524
0.9,13.626666666666667,-0.36297555646328333,-0.002934578054039285
0.9,13.63,-0.36360998614867224,-0.002932002477222312
0.9,13.633333333333333,-0.3642436807429526,-0.0029294259809780005
0.9,13.636666666666667,-0.3648766399702197,-0.0029268485706558187
0.9,13.64,-0.36550886355590756,-0.0029242702515977453
0.9,13.643333333333333,-0.36614035122678934,-0.002921691029138272
0.9,13.646666666666667,-0.3667711027109767,-0.002919110908604402
0.9,13.65,-0.3674011177379169,-0.0029165298953156655
0.9,13.653333333333332,-0.36803039603839244,-0.0029139479945841174
0.9,13.656666666666666,-0.36865893734452093,-0.002911365211714338
0.9,13.66,-0.3692867413897519,-0.0029087815520034465
0.9,13.663333333333334,-0.3699138079088672,-0.0029061970207411017
0.9,13.666666666666666,-0.3705401366379783,-0.0029036116232095044
0.9,13.67,-0.3711657273145277,-0.0029010253646834013
0.9,13.673333333333334,-0.37179057967728457,-0.0028984382504300948
0.9,13.676666666666666,-0.37241469346634526,-0.002895850285709445
0.9,13.68,-0.3730380684231331,-0.002893261475773869
0.9,13.683333333333334,-0.37366070429039444,-0.002890671825868354
0.9,13.686666666666667,-0.3742826008121999,-0.002888081341230457
0.9,13.69,-0.37490375773394163,-0.002885490027090311
0.9,13.693333333333333,-0.375524174802334,-0.0028828978886706247
0.9,13.696666666666667,-0.3761438517654101,-0.0028803049311866944
0.9,13.7,-0.37676278837252153,-0.0028777111598464068
0.9,13.703333333333333,-0.3773809843743384,-0.002875116579850236
0.9,13.706666666666667,-0.377998439522846,-0.0028725211963912594
0.9,13.71,-0.378615153571345,-0.0028699250146551544
0.9,13.713333333333333,-0.37923112627444944,-0.002867328039820208
0.9,13.716666666666667,-0.379846357388087,-0.0028647302770573135
0.9,13.72,-0.38046084666949587,-0.0028621317315299846
0.9,13.723333333333333,-0.3810745938772244,-0.0028595324083943567
0.9,13.726666666666667,-0.38168759877113084,-0.002856932312799185
0.9,13.73,-0.38229986111238035,-0.00285433144988586
0.9,13.733333333333334,-0.38291138066344493,-0.0028517298247884046
0.9,13.736666666666666,-0.38352215718810173,-0.0028491274426334827
0.9,13.74,-0.38413219045143293,-0.0028465243085403972
0.9,13.743333333333334,-0.3847414802198229,-0.002843920427621104
0.9,13.746666666666666,-0.38535002626095755,-0.0028413158049802123
0.9,13.75,-0.3859578283438245,-0.002838710445714984
0.9,13.753333333333334,-0.38656488623870977,-0.0028361043549153483
0.9,13.756666666666666,-0.38717119971719727,-0.0028334975376639003
0.9,13.76,-0.3877767685521691,-0.002830889999035903
0.9,13.763333333333334,-0.388381592517802,-0.0028282817440993
0.9,13.766666666666667,-0.38898567138956747,-0.002825672777914715
0.9,13.77,-0.3895890049442301,-0.002823063105535457
0.9,13.773333333333333,-0.39019159295984746,-0.002820452732007522
0.9,13.776666666666667,-0.3907934352157671,-0.0028178416623696055
0.9,13.78,-0.3913945314926261,-0.002815229901653102
0.9,13.783333333333333,-0.39199488157235113,-0.0028126174548821054
0.9,13.786666666666667,-0.39259448523815493,-0.0028100043270734244
0.9,13.79,-0.39319334227453645,-0.0028073905232365803
0.9,13.793333333333333,-0.3937914524672802,-0.0028047760483738086
0.9,13.796666666666667,-0.3943888156034535,-0.0028021609074800726
0.9,13.8,-0.39498543147140625,-0.0027995451055430613
0.9,13.803333333333333,-0.39558129986076906,-0.0027969286475431985
0.9,13.806666666666667,-0.39617642056245367,-0.0027943115384536396
0.9,13.81,-0.39677079336864934,-0.0027916937832402878
0.9,13.813333333333333,-0.39736441807282297,-0.002789075386861792
0.9,13.816666666666666,-0.39795729446971867,-0.0027864563542695482
0.9,13.82,-0.3985494223553544,-0.002783836690407714
0.9,13.823333333333334,-0.39914080152702264,-0.0027812164002132054
0.9,13.826666666666666,-0.3997314317832879,-0.0027785954886157056
0.9,13.83,-0.4003213129239869,-0.0027759739605376648
0.9,13.833333333333334,-0.4009104447502259,-0.002773351820894312
0.9,13.836666666666666,-0.4014988270643798,-0.0027707290745936555
0.9,13.84,-0.4020864596700922,-0.0027681057265364862
0.9,13.843333333333334,-0.40267334237227237,-0.0027654817816163873
0.9,13.846666666666668,-0.40325947497709486,-0.002762857244719735
0.9,13.85,-0.4038448572919982,-0.002760232120725706
0.9,13.853333333333333,-0.40442948912568455,-0.002757606414506278
0.9,13.856666666666667,-0.40501337028811657,-0.0027549801309262397
0.9,13.86,-0.40559650059053093,-0.0027523532748431395
0.9,13.863333333333333,-0.40617887984546014,-0.0027497258511071957
0.9,13.866666666666667,-0.40676050786665496,-0.002747097864561609
0.9,13.870000000000001,-0.4073413844691198,-0.002744469320042419
0.9,13.873333333333333,-0.40792150946911465,-0.0027418402223784995
0.9,13.876666666666667,-0.4085008826841548,-0.0027392105763915553
0.9,13.88,-0.40907950393300807,-0.0027365803868961364
0.9,13.883333333333333,-0.40965737303569444,-0.002733949658699638
0.9,13.886666666666667,-0.4102344898134857,-0.0027313183966023026
0.9,13.89,-0.4108108540889024,-0.0027286866053972303
0.9,13.893333333333333,-0.4113864656857136,-0.0027260542898703824
0.9,13.896666666666667,-0.41196132442893624,-0.002723421454800581
0.9,13.9,-0.4125354301448328,-0.002720788104959521
0.9,13.903333333333334,-0.4131087826609105,-0.002718154245111771
0.9,13.906666666666666,-0.41368138180592007,-0.0027155198800147802
0.9,13.91,-0.41425322740985526,-0.0027128850144188775
0.9,13.913333333333334,-0.4148243193039503,-0.0027102496530672852
0.9,13.916666666666666,-0.415394657320679,-0.002707613800696119
0.9,13.92,-0.41596424129375503,-0.0027049774620343885
0.9,13.923333333333334,-0.4165330710581284,-0.002702340641804012
0.9,13.926666666666666,-0.41710114644998547,-0.0026997033447198155
0.9,13.93,-0.4176684673067483,-0.0026970655754895334
0.9,13.933333333333334,-0.418235033467072,-0.002694427338813823
0.9,13.936666666666667,-0.41880084477084456,-0.002691788639386263
0.9,13.94,-0.4193659010591847,-0.0026891494818933608
0.9,13.943333333333333,-0.4199302021744424,-0.002686509871014552
0.9,13.946666666666667,-0.42049374796019534,-0.002683869811422214
0.9,13.95,-0.421056538261249,-0.002681229307781666
0.9,13.953333333333333,-0.4216185729236362,-0.0026785883647511715
0.9,13.956666666666667,-0.4221798517946137,-0.0026759469869819487
0.9,13.96,-0.4227403747226629,-0.0026733051791181716
0.9,13.963333333333333,-0.42330014155748724,-0.0026706629457969784
0.9,13.966666666666667,-0.4238591521500129,-0.0026680202916484685
0.9,13.97,-0.424417406352385,-0.0026653772212957175
0.9,13.973333333333333,-0.4249749040179679,-0.002662733739354778
0.9,13.976666666666667,-0.42553164500134466,-0.0026600898504346784
0.9,13.98,-0.4260876291583139,-0.0026574455591374395
0.9,13.983333333333334,-0.42664285634588983,-0.00265480087005807
0.9,13.986666666666666,-0.42719732642230046,-0.002652155787784577
0.9,13.99,-0.42775103924698754,-0.002649510316897964
0.9,13.993333333333334,-0.42830399468060365,-0.0026468644619722453
0.9,13.996666666666666,-0.4288561925850116,-0.0026442182275744452
0.9,14.0,-0.42940763282328426,-0.0026415716182646
0.8,1.0,0.4467628930341491,-0.065
0.8,1.0033333333333334,0.4439669129595025,-0.06515310571625844
0.8,1.0066666666666666,0.4411635530197589,-0.06530409573471879
0.8,1.01,0.43835287939008205,-0.06545297937001322
0.8,1.0133333333333334,0.4355349582344158,-0.06559976594961064
0.8,1.0166666666666666,0.4327098557027143,-0.0657444648130301
0.8,1.02,0.42987763792819916,-0.06588708531106433
0.8,1.0233333333333334,0.4270383710246447,-0.0660276368050133
0.8,1.0266666666666666,0.4241921210836936,-0.06616612866592726
0.8,1.03,0.4213389541721966,-0.0663025702738601
0.8,1.0333333333333334,0.41847893632958105,-0.06643697101713254
0.8,1.0366666666666666,0.41561213356524546,-0.06656934029160509
0.8,1.04,0.4127386118559815,-0.0666996874999607
0.8,1.0433333333333334,0.4098584371434242,-0.06682802205099687
0.8,1.0466666666666666,0.40697167533152834,-0.06695435335892747
0.8,1.05,0.40407839228407105,-0.0670786908426939
0.8,1.0533333333333332,0.40117865382218315,-0.06720104392528586
0.8,1.0566666666666666,0.3982725257219039,-0.06732142203307133
0.8,1.06,0.3953600737117654,-0.06743983459513597
0.8,1.0633333333333332,0.39244136347040065,-0.06755629104263174
0.8,1.0666666666666667,0.389516460624178,-0.0676708008081348
0.8,1.07,0.3865854307448633,-0.06778337332501247
0.8,1.0733333333333333,0.38364833934730536,-0.06789401802679934
0.8,1.0766666666666667,0.38070525188714743,-0.06800274434658247
0.8,1.08,0.37775623375856543,-0.06810956171639546
0.8,1.0833333333333333,0.3748013502920299,-0.06821447956662155
0.8,1.0866666666666667,0.37184066675209254,-0.06831750732540556
0.8,1.09,0.368874248335204,-0.06841865441807357
0.8,1.0933333333333333,0.365902160167566,-0.06851793026655754
0.8,1.0966666666666667,0.362924467302975,-0.06861534428883818
0.8,1.1,0.35994123472071804,-0.06871090589838928
0.8,1.1033333333333333,0.3569525273234856,-0.0688046245036318
0.8,1.1066666666666667,0.3539584099353082,-0.06889650950739672
0.8,1.11,0.3509589472995189,-0.06898657030639596
0.8,1.1133333333333333,0.34795420407673866,-0.06907481629070164
0.8,1.1166666666666667,0.3449442448428855,-0.06916125684323327
0.8,1.12,0.3419291340872093,-0.06924590133925314
0.8,1.1233333333333333,0.3389089362103491,-0.06932875914586956
0.8,1.1266666666666667,0.3358837155224136,-0.0694098396215481
0.8,1.13,0.3328535362410865,-0.06948915211563066
0.8,1.1333333333333333,0.32981846248975333,-0.06956670596786228
0.8,1.1366666666666667,0.32677855829565333,-0.06964251050792573
0.8,1.1400000000000001,0.3237338875880522,-0.06971657505498369
0.8,1.1433333333333333,0.3206845141964386,-0.06978890891722858
0.8,1.1466666666666667,0.3176305018487424,-0.06985952139143996
0.8,1.15,0.31457191416957725,-0.06992842176254924
0.8,1.1533333333333333,0.3115088146785015,-0.06999561930321191
0.8,1.1566666666666667,0.3084412667883055,-0.07006112327338714
0.8,1.16,0.30536933380331954,-0.07012494291992397
0.8,1.1633333333333333,0.3022930789177549,-0.07018708747615234
0.8,1.1666666666666667,0.2992125652140424,-0.0702475661614869
0.8,1.17,0.2961278556612098,-0.07030638818103373
0.8,1.1733333333333333,0.29303901311327735,-0.07036356272520468
0.8,1.1766666666666667,0.28994610030767465,-0.07041909896933891
0.8,1.18,0.2868491798636767,-0.07047300607333118
0.8,1.1833333333333333,0.28374831428086184,-0.07052529318126677
0.8,1.1866666666666668,0.28064356593759177,-0.07057596942106299
0.8,1.19,0.2775349970895108,-0.07062504390411725
0.8,1.1933333333333334,0.27442266986806635,-0.07067252572496159
0.8,1.1966666666666668,0.2713066462790503,-0.0707184239609236
0.8,1.2,0.2681869882011605,-0.07076274767179372
0.8,1.2033333333333334,0.26506375738458077,-0.07080550589949887
0.8,1.2066666666666668,0.2619370154495838,-0.07084670766778214
0.8,1.21,0.25880682388515136,-0.07088636198188893
0.8,1.2133333333333334,0.2556732440476142,-0.07092447782825888
0.8,1.2166666666666668,0.2525363371593132,-0.07096106417422408
0.8,1.22,0.24939616430727754,-0.07099612996771315
0.8,1.2233333333333334,0.24625278644192272,-0.0710296841369613
0.8,1.2266666666666666,0.2431062643757684,-0.07106173559022613
0.8,1.23,0.23995665878217234,-0.07109229321550947
0.8,1.2333333333333334,0.2368040301940861,-0.07112136588028466
0.8,1.2366666666666668,0.23364843900282617,-0.07114896243122971
0.8,1.24,0.23048994545687357,-0.07117509169396419
0.8,1.2433333333333334,0.22732860966069363,-0.0711997624727906
0.8,1.2466666666666666,0.2241644915735435,-0.07122298355044872
0.8,1.25,0.22099765100832772,-0.07124476368786782
0.8,1.2533333333333334,0.21782814763046385,-0.07126511162392664
0.8,1.2566666666666668,0.2146560409567637,-0.07128403607521869
0.8,1.26,0.21148139035433286,-0.07130154573582265
0.8,1.2633333333333334,0.20830425503948682,-0.07131764927707789
0.8,1.2666666666666666,0.20512469407668696,-0.0713323553473649
0.8,1.27,0.20194276637749023,-0.07134567257189074
0.8,1.2733333333333334,0.19875853069951943,-0.07135760955247941
0.8,1.2766666666666666,0.1955720456454481,-0.07136817486736702
0.8,1.28,0.1923833696620022,-0.07137737707100174
0.8,1.2833333333333332,0.18919256103898038,-0.07138522469384859
0.8,1.2866666666666666,0.18599967790828778,-0.07139172624219886
0.8,1.29,0.18280477824298896,-0.07139689019798413
0.8,1.2933333333333334,0.17960791985637473,-0.07140072501859492
0.8,1.2966666666666666,0.1764091604010463,-0.07140323913670388
0.8,1.3,0.1732085573680136,-0.07140444096009345
0.8,1.3033333333333332,0.17000616808581198,-0.07140433887148792
0.8,1.3066666666666666,0.16680204971963083,-0.07140294122838992
0.8,1.31,0.1635962592704607,-0.07140025636292112
0.8,1.3133333333333335,0.1603888535742536,-0.07139629258166734
0.8,1.3166666666666667,0.15717988930109886,-0.07139105816552777
0.8,1.32,0.15396942295441318,-0.07138456136956835
0.8,1.3233333333333333,0.1507575108701472,-0.07137681042287936
0.8,1.3266666666666667,0.14754420921601552,-0.07136781352843417
0.8,1.33,0.14432957399074176,-0.071357578862953
0.8,1.3333333333333335,0.14111366102328385,-0.07134611457677745
0.8,1.3366666666666667,0.13789652597211183,-0.07133342879374048
0.8,1.34,0.13467822432448606,-0.07131952961104335
0.8,1.3433333333333333,0.13145881139575177,-0.07130442509913623
0.8,1.3466666666666667,0.12823834232864448,-0.07128812330160259
0.8,1.35,0.12501687209261259,-0.07127063223504701
0.8,1.3533333333333333,0.12179445548315167,-0.07125195988898672
0.8,1.3566666666666667,0.11857114712115246,-0.07123211422574653
0.8,1.36,0.1153470014522643,-0.07121110318035732
0.8,1.3633333333333333,0.11212207274626998,-0.07118893466045795
0.8,1.3666666666666667,0.10889641509647398,-0.0711656165462005
0.8,1.37,0.10567008241910576,-0.07114115669015895
0.8,1.3733333333333333,0.10244312845273414,-0.07111556291724114
0.8,1.3766666666666667,0.09921560675769438,-0.07108884302460394
0.8,1.38,0.09598757071553043,-0.07106100478157171
0.8,1.3833333333333333,0.09275907352844634,-0.0710320559295579
0.8,1.3866666666666667,0.08953016821877342,-0.07100200418198988
0.8,1.3900000000000001,0.08630090762844743,-0.07097085722423668
0.8,1.3933333333333333,0.08307134441849912,-0.07093862271354001
0.8,1.3966666666666667,0.07984153106855575,-0.07090530827894813
0.8,1.4,0.07661151987635666,-0.07087092152125272
0.8,1.4033333333333333,0.07338136295727754,-0.07083547001292881
0.8,1.4066666666666667,0.0701511122438696,-0.07079896129807738
0.8,1.4100000000000001,0.06692081948540789,-0.07076140289237094
0.8,1.4133333333333333,0.0636905362474521,-0.07072280228300197
0.8,1.4166666666666667,0.06046031391141772,-0.07068316692863397
0.8,1.42,0.0572302036741702,-0.07064250425935241
0.8,1.4233333333333333,0.054000256547625414,-0.07060082167661974
0.8,1.4266666666666667,0.05077052335833638,-0.07055812655323998
0.8,1.4300000000000002,0.04754105474712001,-0.0705144262333169
0.8,1.4333333333333333,0.0443119011686862,-0.0704697280322181
0.8,1.4366666666666668,0.04108311289127607,-0.07042403923654161
0.8,1.44,0.037854739996313475,-0.0703773671040849
0.8,1.4433333333333334,0.03462683237806361,-0.07032971886381624
0.8,1.4466666666666668,0.0313994397433056,-0.07028110171584842
0.8,1.45,0.028172611611013122,-0.07023152283141482
0.8,1.4533333333333334,0.024946397312045385,-0.07018098935284774
0.8,1.4566666666666668,0.021720845988850237,-0.07012950839355893
0.8,1.46,0.018496006595175314,-0.07007708703802248
0.8,1.4633333333333334,0.015271927895789291,-0.07002373234175972
0.8,1.4666666666666668,0.012048658466214744,-0.06996945133132645
0.8,1.47,0.008826246692469043,-0.0699142510043022
0.8,1.4733333333333334,0.005604740770814692,-0.0698581383292816
0.8,1.4766666666666666,0.0023841887075215368,-0.06980112024586789
0.8,1.48,-0.0008353616813649394,-0.06974320366466832
0.8,1.4833333333333334,-0.004053862770242675,-0.06968439546729176
0.8,1.4866666666666668,-0.007271267124165273,-0.06962470250634806
0.8,1.49,-0.010487527499043782,-0.06956413160544958
0.8,1.4933333333333334,-0.01370259684184076,-0.0695026895592144
0.8,1.4966666666666666,-0.016916428290753082,-0.06944038313327165
0.8,1.5,-0.020128975175389096,-0.06937721906426848
0.8,1.5033333333333334,-0.023340191016933888,-0.06931320405987902
0.8,1.5066666666666668,-0.026550029528308285,-0.06924834479881498
0.8,1.51,-0.029758444614318095,-0.06918264793083814
0.8,1.5133333333333334,-0.03296539037179617,-0.06911612007677449
0.8,1.5166666666666666,-0.03617082108973386,-0.06904876782853007
0.8,1.52,-0.03937469124940591,-0.0689805977491073
0.8,1.5233333333333334,-0.04257695552447759,-0.06891161637261972
0.8,1.5266666666666668,-0.04577756878112245,-0.06884183020432007
0.8,1.53,-0.04897648607812066,-0.06877124572061943
0.8,1.5333333333333332,-0.05217366266695066,-0.06869986936911046
0.8,1.5366666666666666,-0.055369053991872294,-0.06862770756859281
0.8,1.54,-0.058562615690002436,-0.06855476670909985
0.8,1.5433333333333334,-0.0617543035913839,-0.06848105315192689
0.8,1.5466666666666669,-0.06494407371904606,-0.06840657322966077
0.8,1.55,-0.06813188228905796,-0.06833133324621088
0.8,1.5533333333333332,-0.07131768571057485,-0.06825533947684144
0.8,1.5566666666666666,-0.0745014405858763,-0.0681785981682052
0.8,1.56,-0.07768310371039719,-0.06810111553837854
0.8,1.5633333333333335,-0.08086263207275245,-0.06802289777689763
0.8,1.5666666666666667,-0.08403998285475368,-0.0679439510447961
0.8,1.57,-0.08721511343142006,-0.06786428147464382
0.8,1.5733333333333333,-0.0903879813709798,-0.06778389517058703
0.8,1.5766666666666667,-0.09355854443486816,-0.06770279820838951
0.8,1.58,-0.09672676057771522,-0.06762099663547518
0.8,1.5833333333333335,-0.09989258794732936,-0.06753849647097164
0.8,1.5866666666666667,-0.10305598488467284,-0.06745530370575502
0.8,1.59,-0.10621690992383201,-0.06737142430249587
0.8,1.5933333333333333,-0.10937532179197863,-0.06728686419570622
0.8,1.5966666666666667,-0.11253117940932802,-0.0672016292917876
0.8,1.6,-0.1156844418890877,-0.06711572546908037
0.8,1.6033333333333335,-0.11883506853740183,-0.06702915857791382
0.8,1.6066666666666667,-0.12198301885328847,-0.06694193444065748
0.8,1.6099999999999999,-0.12512825252857154,-0.06685405885177331
0.8,1.6133333333333333,-0.1282707294478057,-0.066765537577869
0.8,1.6166666666666667,-0.1314104096881954,-0.06667637635775212
0.8,1.62,-0.13454725351950866,-0.06658658090248523
0.8,1.6233333333333335,-0.13768122140398464,-0.066496156895442
0.8,1.6266666666666667,-0.14081227399623517,-0.06640510999236407
0.8,1.63,-0.14394037214314542,-0.06631344582141765
0.8,1.6333333333333333,-0.14706547688377478,-0.06622116998324855
0.8,1.6366666666666667,-0.15018754944921686,-0.06612828805104859
0.8,1.6400000000000001,-0.153306551262493,-0.0660348055706129
0.8,1.6433333333333335,-0.1564224439384267,-0.06594072806040055
0.8,1.6466666666666667,-0.1595351892835117,-0.06584606101159647
0.8,1.65,-0.16264474929577583,-0.06575080988817414
0.8,1.6533333333333333,-0.16575108616463824,-0.06565498012695889
0.8,1.6566666666666667,-0.168854162270762,-0.06555857713769206
0.8,1.6600000000000001,-0.17195394018590276,-0.06546160630309568
0.8,1.6633333333333333,-0.1750503826727511,-0.065364072978938
0.8,1.6666666666666667,-0.1781434526847716,-0.06526598249409957
0.8,1.67,-0.18123311336603448,-0.06516734015063999
0.8,1.6733333333333333,-0.18431932805104578,-0.06506815122386536
0.8,1.6766666666666667,-0.18740206026456957,-0.06496842096239634
0.8,1.6800000000000002,-0.19048127372144774,-0.06486815458823675
0.8,1.6833333333333333,-0.1935569323264138,-0.06476735729684285
0.8,1.6866666666666668,-0.19662900017390358,-0.06466603425719321
0.8,1.69,-0.1996974415478588,-0.06456419061185907
0.8,1.6933333333333334,-0.2027622209215293,-0.06446183147707542
0.8,1.6966666666666668,-0.20582330295726797,-0.06435896194281239
0.8,1.7000000000000002,-0.20888065250632293,-0.0642555870728475
0.8,1.7033333333333334,-0.2119342346086249,-0.06415171190483804
0.8,1.7066666666666666,-0.21498401449257043,-0.06404734145039434
0.8,1.71,-0.21802995757480054,-0.06394248069515326
0.8,1.7133333333333334,-0.22107202945997476,-0.06383713459885229
0.8,1.7166666666666668,-0.22411019594054193,-0.0637313080954041
0.8,1.7200000000000002,-0.22714442299650636,-0.06362500609297156
0.8,1.7233333333333334,-0.23017467679518963,-0.0635182334740431
0.8,1.7266666666666666,-0.2332009236909893,-0.06341099509550868
0.8,1.73,-0.23622313022513253,-0.063303295788736
0.8,1.7333333333333334,-0.23924126312542585,-0.06319514035964721
0.8,1.7366666666666668,-0.242255289306002,-0.06308653358879601
0.8,1.7400000000000002,-0.24526517586706195,-0.0629774802314451
0.8,1.7433333333333334,-0.24827089009461342,-0.06286798501764396
0.8,1.7466666666666666,-0.25127239946020624,-0.06275805265230704
0.8,1.75,-0.25426967162069414,-0.06264768781529004
0.8,1.7533333333333334,-0.25726267441796297,-0.06253689516146885
0.8,1.7566666666666668,-0.2602513758786007,-0.06242567932082244
0.8,1.76,-0.2632357442136558,-0.06231404489850984
0.8,1.7633333333333334,-0.26621574781835516,-0.062201996474949804
0.8,1.7666666666666666,-0.2691913552718174,-0.06208953860590097
0.8,1.77,-0.27216253533676527,-0.06197667582254212
0.8,1.7733333333333334,-0.27512925695923224,-0.061863412631552844
0.8,1.7766666666666668,-0.2780914892682682,-0.06174975351519428
0.8,1.78,-0.28104920157564156,-0.061635702931390215
0.8,1.7833333333333334,-0.2840023633755383,-0.06152126531380832
0.8,1.7866666666666666,-0.2869509443442574,-0.061406445071941713
0.8,1.79,-0.28989491433990505,-0.06129124659119062
0.8,1.7933333333333334,-0.29283424340208397,-0.061175674232944295
0.8,1.7966666666666669,-0.2957689017515812,-0.06105973233466317
0.8,1.8,-0.29869885979005256,-0.060943425209961107
0.8,1.8033333333333332,-0.3016240880997049,-0.060826757148687904
0.8,1.8066666666666666,-0.30454455744297476,-0.060709732417011913
0.8,1.81,-0.30746023876220396,-0.060592355257502936
0.8,1.8133333333333335,-0.310371103179314,-0.06047462988921511
0.8,1.8166666666666669,-0.31327712199547625,-0.06035656050777012
0.8,1.82,-0.3161782666907803,-0.06023815128544039
0.8,1.8233333333333333,-0.31907450892389955,-0.06011940637123256
0.8,1.8266666666666667,-0.3219658205317539,-0.06000032989097095
0.8,1.83,-0.3248521735291693,-0.059880925947381286
0.8,1.8333333333333335,-0.3277335401085364,-0.059761198620174434
0.8,1.8366666666666667,-0.33060989263946483,-0.05964115196613026
0.8,1.84,-0.3334812036684367,-0.05952079001918162
0.8,1.8433333333333333,-0.3363474459184552,-0.05940011679049839
0.8,1.8466666666666667,-0.33920859228869416,-0.05927913626857166
0.8,1.85,-0.34206461585414094,-0.0591578524192979
0.8,1.8533333333333335,-0.34491548986524095,-0.05903626918606327
0.8,1.8566666666666667,-0.3477611877475371,-0.05891439048982796
0.8,1.86,-0.35060168310130835,-0.058792220229210566
0.8,1.8633333333333333,-0.3534369497012044,-0.05866976228057257
0.8,1.8666666666666667,-0.3562669614958803,-0.05854702049810276
0.8,1.87,-0.3590916926076264,-0.05842399871390179
0.8,1.8733333333333335,-0.36191111733199754,-0.05830070073806668
0.8,1.8766666666666667,-0.3647252101374566,-0.058177130358774996
0.8,1.88,-0.3675339456650874,-0.058053291342367676
0.8,1.8833333333333333,-0.37033729872807525,-0.05792918743343672
0.8,1.8866666666666667,-0.37313524431137385,-0.0578048223549087
0.8,1.8900000000000001,-0.37592775757134,-0.057680199808129023
0.8,1.8933333333333335,-0.3787148138353517,-0.05755532347294654
0.8,1.8966666666666667,-0.38149638860142426,-0.05743019700779813
0.8,1.9,-0.38427245753782596,-0.057304824049793195
0.8,1.9033333333333333,-0.38704299648269125,-0.05717920821479821
0.8,1.9066666666666667,-0.3898079814436321,-0.057053353097521194
0.8,1.9100000000000001,-0.3925673885973488,-0.05692726227159614
0.8,1.9133333333333336,-0.3953211942892388,-0.05680093928966739
0.8,1.9166666666666667,-0.3980693750330036,-0.056674387683474006
0.8,1.92,-0.4008119075102552,-0.056547610963934056
0.8,1.9233333333333333,-0.40354876857012006,-0.056420612621228806
0.8,1.9266666666666667,-0.40627993522884137,-0.056293396124886985
0.8,1.9300000000000002,-0.40900538466938113,-0.05616596492386883
0.8,1.9333333333333333,-0.4117250942410197,-0.05603832244665016
0.8,1.9366666666666668,-0.41443904145895477,-0.05591047210130635
0.8,1.94,-0.4171472040038974,-0.05578241727559621
0.8,1.9433333333333334,-0.4198495597216691,-0.05565416133704584
0.8,1.9466666666666668,-0.42254608662279447,-0.055525707633032356
0.8,1.9500000000000002,-0.4252367628820953,-0.055397059490867526
0.8,1.9533333333333334,-0.42792156683828114,-0.05526822021788134
0.8,1.9566666666666668,-0.4306004769935407,-0.05513919310150547
0.8,1.96,-0.43327347201312894,-0.055009981409356645
0.8,1.9633333333333334,-0.4359405307249562,-0.05488058838931989
0.8,1.9666666666666668,-0.438601632119173,-0.054751017269631705
0.8,1.9700000000000002,-0.44125675534775566,-0.05462127125896309
0.8,1.9733333333333334,-0.4439058797240894,-0.0544913535465025
0.8,1.9766666666666666,-0.44654898472255117,-0.05436126730203858
0.8,1.98,-0.44918604997809036,-0.05423101567604293
0.8,1.9833333333333334,-0.45181705528580796,-0.05410060179975262
0.8,1.9866666666666668,-0.45444198060053614,-0.05397002878525266
0.8,1.9900000000000002,-0.4570608060364146,-0.0538392997255582
0.8,1.9933333333333334,-0.4596735118664672,-0.05370841769469678
0.8,1.9966666666666666,-0.46228007852217684,-0.053577385747790286
0.8,2.0,-0.4648804865930589,-0.0534462069211368
0.8,4.0,-0.2733782305111437,0.02979751234725572
0.8,4.003333333333333,-0.2703777803437852,0.02978758899978345
0.8,4.006666666666667,-0.2673789141512129,0.029777486475995308
0.8,4.01,-0.2643816485164173,0.02976720557945164
0.8,4.013333333333334,-0.26138599996700074,0.029756747111607446
0.8,4.016666666666667,-0.25839198497522653,0.02974611187181503
0.8,4.02,-0.25539961995805716,0.02973530065732659
0.8,4.023333333333333,-0.25240892127720266,0.029724314263296935
0.8,4.026666666666666,-0.249419905239166,0.029713153482786078
0.8,4.03,-0.24643258809528168,0.029701819106761913
0.8,4.033333333333333,-0.243446986041768,0.029690311924102902
0.8,4.036666666666667,-0.24046311521976602,0.02967863272160075
0.8,4.04,-0.2374809917153919,0.02966678228396313
0.8,4.043333333333333,-0.2345006315597778,0.029654761393816377
0.8,4.046666666666667,-0.2315220507291209,0.02964257083170821
0.8,4.05,-0.22854526514473286,0.029630211376110493
0.8,4.053333333333334,-0.22557029067308135,0.029617683803421956
0.8,4.056666666666667,-0.22259714312584444,0.029604988887970956
0.8,4.06,-0.21962583825995285,0.029592127402018248
0.8,4.0633333333333335,-0.2166563917776407,0.029579100115759743
0.8,4.066666666666666,-0.21368881932649664,0.02956590779732933
0.8,4.07,-0.2107231364995073,0.029552551212801627
0.8,4.073333333333333,-0.20775935883511285,0.029539031126194833
0.8,4.076666666666667,-0.20479750181725068,0.029525348299473498
0.8,4.08,-0.20183758087541123,0.029511503492551383
0.8,4.083333333333333,-0.1988796113846832,0.029497497463294275
0.8,4.086666666666667,-0.1959236086658065,0.029483330967522838
0.8,4.09,-0.1929695879852253,0.02946900475901547
0.8,4.093333333333334,-0.1900175645551342,0.02945451958951115
0.8,4.096666666666667,-0.18706755353353588,0.029439876208712336
0.8,4.1,-0.18411957002428772,0.02942507536428782
0.8,4.1033333333333335,-0.18117362907715617,0.029410117801875628
0.8,4.1066666666666665,-0.17822974568787192,0.02939500426508592
0.8,4.11,-0.17528793479817717,0.0293797354955039
0.8,4.113333333333333,-0.1723482112958851,0.029364312232692723
0.8,4.116666666666666,-0.16941059001492792,0.029348735214196422
0.8,4.12,-0.16647508573541311,0.029333005175542833
0.8,4.123333333333333,-0.1635417131836798,0.02931712285024657
0.8,4.126666666666667,-0.16061048703234776,0.029301088969811918
0.8,4.13,-0.15768142190037843,0.029284904263735846
0.8,4.133333333333334,-0.15475453235312378,0.02926856945951093
0.8,4.136666666666667,-0.1518298329023878,0.029252085282628355
0.8,4.14,-0.1489073380064768,0.02923545245658087
0.8,4.1433333333333335,-0.14598706207025772,0.029218671702865795
0.8,4.1466666666666665,-0.14306901944521672,0.029201743740988027
0.8,4.15,-0.14015322442951014,0.029184669288462996
0.8,4.153333333333333,-0.13723969126802796,0.029167449060819747
0.8,4.156666666666666,-0.13432843415244525,0.029150083771603892
0.8,4.16,-0.13141946722128192,0.02913257413238066
0.8,4.163333333333333,-0.12851280455996214,0.029114920852737942
0.8,4.166666666666667,-0.12560846020084926,0.029097124640289043
0.8,4.17,-0.12270644812333859,0.02907918620067615
0.8,4.173333333333334,-0.11980678225390375,0.029061106237573273
0.8,4.176666666666667,-0.11690947646615428,0.029042885452689238
0.8,4.18,-0.1140145445808893,0.02902452454577071
0.8,4.183333333333334,-0.11112200036615946,0.029006024214605294
0.8,4.1866666666666665,-0.1082318575373288,0.028987385155024616
0.8,4.19,-0.10534412975712923,0.028968608060907383
0.8,4.193333333333333,-0.102458830635727,0.02894969362418251
0.8,4.196666666666666,-0.0995759737307775,0.028930642534832178
0.8,4.2,-0.09669557254748827,0.02891145548089494
0.8,4.203333333333333,-0.09381764053868209,0.02889213314846887
0.8,4.206666666666667,-0.09094219110485278,0.028872676221714598
0.8,4.21,-0.08806923759423242,0.02885308538285851
0.8,4.213333333333333,-0.08519879330284769,0.0288333613121958
0.8,4.216666666666667,-0.08233087147458382,0.02881350468809363
0.8,4.22,-0.07946548530124892,0.02879351618699427
0.8,4.223333333333334,-0.07660264792263081,0.028773396483418198
0.8,4.226666666666667,-0.07374237242656553,0.028753146249967294
0.8,4.23,-0.07088467184899391,0.028732766157327918
0.8,4.233333333333333,-0.06802955917403061,0.028712256874274138
0.8,4.236666666666666,-0.06517704733402177,0.02869161906767082
0.8,4.24,-0.06232714920961076,0.028670853402476812
0.8,4.243333333333333,-0.05947987762980394,0.02864996054174814
0.8,4.246666666666667,-0.05663524537202912,0.02862894114664111
0.8,4.25,-0.05379326516220564,0.028607795876415557
0.8,4.253333333333333,-0.05095394967480332,0.028586525388437953
0.8,4.256666666666667,-0.04811731153290916,0.028565130338184638
0.8,4.26,-0.04528336330829421,0.028543611379244993
0.8,4.263333333333334,-0.042452117521473265,0.028521969163324612
0.8,4.266666666666667,-0.039623586641775996,0.028500204340248532
0.8,4.27,-0.03679778308740688,0.0284783175579644
0.8,4.273333333333333,-0.03397471922551321,0.02845630946254568
0.8,4.276666666666666,-0.03115440737225288,0.02843418069819489
0.8,4.28,-0.028336859792855305,0.02841193190724676
0.8,4.283333333333333,-0.025522088701693507,0.0283895637301715
0.8,4.286666666666667,-0.02271010626234457,0.02836707680557797
0.8,4.29,-0.019900924587662246,0.028344471770216956
0.8,4.293333333333333,-0.017094555739838625,0.028321749258984327
0.8,4.296666666666667,-0.014291011730473282,0.028298909904924313
0.8,4.3,-0.011490304520643004,0.028275954339232738
0.8,4.303333333333334,-0.008692446020963888,0.02825288319126022
0.8,4.306666666666667,-0.005897448091665067,0.02822969708851544
0.8,4.31,-0.003105322542651411,0.02820639665666837
0.8,4.3133333333333335,-0.000316081133573878,0.02818298251955352
0.8,4.316666666666666,0.0024702644260998895,0.0281594552991732
0.8,4.32,0.005253702477022275,0.028135815615700735
0.8,4.323333333333333,0.008034221409890959,0.028112064087483766
0.8,4.326666666666666,0.010811809665385108,0.02808820133104747
0.8,4.33,0.013586455734094045,0.02806422796109783
0.8,4.333333333333333,0.016358148156445554,0.028040144590524917
0.8,4.336666666666667,0.019126875522641584,0.02801595183040612
0.8,4.34,0.021892626472582395,0.027991650290009447
0.8,4.343333333333334,0.02465538969580257,0.027967240576796767
0.8,4.346666666666667,0.027415153931394886,0.02794272329642712
0.8,4.35,0.030171907967944965,0.027918099052759944
0.8,4.3533333333333335,0.032925640643458466,0.027893368447858388
0.8,4.3566666666666665,0.03567634084528817,0.027868532081992588
0.8,4.36,0.0384239975100679,0.027843590553642928
0.8,4.363333333333333,0.04116859962363559,0.027818544459503367
0.8,4.366666666666667,0.043910136220967566,0.027793394394484666
0.8,4.37,0.04664859638615755,0.02776814095171716
0.8,4.373333333333333,0.04938396925231616,0.027742784722554332
0.8,4.376666666666667,0.05211624400143376,0.0277173262965768
0.8,4.38,0.05484540986435474,0.027691766261595103
0.8,4.383333333333334,0.05757145612071061,0.02766610520365298
0.8,4.386666666666667,0.060294372098842135,0.027640343707030692
0.8,4.39,0.06301414717573212,0.027614482354248283
0.8,4.3933333333333335,0.06573077077693086,0.02758852172606889
0.8,4.3966666666666665,0.06844423237648152,0.027562462401502064
0.8,4.4,0.07115452149685243,0.027536304957807026
0.8,4.403333333333333,0.07386162770885873,0.027510049970496008
0.8,4.406666666666666,0.07656554063159435,0.02748369801333752
0.8,4.41,0.07926624993235684,0.02745724965835966
0.8,4.413333333333333,0.08196374532657212,0.02743070547585345
0.8,4.416666666666667,0.08465801657772616,0.027404066034376073
0.8,4.42,0.08734905349728586,0.027377331900754247
0.8,4.423333333333334,0.0900368459446311,0.027350503640087467
0.8,4.426666666666667,0.0927213838269755,0.02732358181575137
0.8,4.43,0.09540265709929752,0.027296566989400983
0.8,4.433333333333334,0.09808065576426434,0.027269459720974068
0.8,4.4366666666666665,0.10075536987215569,0.027242260568694426
0.8,4.44,0.10342678952079473,0.027214970089075176
0.8,4.443333333333333,0.1060949048554678,0.027187588836922114
0.8,4.446666666666666,0.10875970606885516,0.027160117365336956
0.8,4.45,0.11142118340095414,0.027132556225720694
0.8,4.453333333333333,0.11407932713900235,0.02710490596777691
0.8,4.456666666666667,0.11673412761740784,0.027077167139515038
0.8,4.46,0.11938557521766839,0.027049340287253736
0.8,4.463333333333333,0.12203366036830142,0.027021425955624137
0.8,4.466666666666667,0.12467837354476662,0.026993424687573195
0.8,4.47,0.12731970526938852,0.026965337024366993
0.8,4.473333333333334,0.12995764611128602,0.026937163505594035
0.8,4.476666666666667,0.13259218668629097,0.026908904669168586
0.8,4.48,0.1352233176568783,0.026880561051333938
0.8,4.483333333333333,0.1378510297320844,0.026852133186665784
0.8,4.486666666666666,0.14047531366743618,0.026823621608075457
0.8,4.49,0.14309616026487276,0.02679502684681329
0.8,4.493333333333333,0.14571356037266728,0.026766349432471925
0.8,4.496666666666667,0.1483275048853554,0.02673758989298958
0.8,4.5,0.15093798474365322,0.026708748754653424
0.8,4.503333333333334,0.15354499093438628,0.026679826542102825
0.8,4.506666666666667,0.15614851449040743,0.0266508237783327
0.8,4.51,0.15874854649052475,0.02662174098469681
0.8,4.513333333333334,0.16134507805942236,0.026592578680911052
0.8,4.516666666666667,0.16393810036758175,0.026563337385056816
0.8,4.52,0.16652760463120816,0.026534017613584232
0.8,4.523333333333333,0.16911358211215172,0.026504619881315514
0.8,4.526666666666666,0.1716960241178275,0.026475144701448277
0.8,4.53,0.17427492200114314,0.0264455925855588
0.8,4.533333333333333,0.17685026716041555,0.026415964043605376
0.8,4.536666666666667,0.1794220510392986,0.026386259583931586
0.8,4.54,0.18199026512669958,0.02635647971326963
0.8,4.543333333333333,0.18455490095670643,0.026326624936743603
0.8,4.546666666666667,0.18711595010850693,0.0262966957578728
0.8,4.55,0.189673404206309,0.026266692678575072
0.8,4.553333333333334,0.1922272549192665,0.026236616199170032
0.8,4.556666666666667,0.19477749396139585,0.026206466818382446
0.8,4.5600000000000005,0.1973241130915026,0.026176245033345463
0.8,4.5633333333333335,0.19986710411309702,0.026145951339603974
0.8,4.566666666666666,0.2024064588743266,0.026115586231117812
0.8,4.57,0.2049421692679504,0.02608515020026468
0.8,4.573333333333333,0.2074742272311682,0.0260546437378441
0.8,4.576666666666666,0.21000262474556605,0.026024067333080523
0.8,4.58,0.21252735383704913,0.025993421473626533
0.8,4.583333333333333,0.21504840657576108,0.025962706645566175
0.8,4.586666666666667,0.21756577507600924,0.02593192333341817
0.8,4.59,0.2200794514961805,0.025901072020139287
0.8,4.593333333333334,0.22258942803866713,0.025870153187127543
0.8,4.596666666666667,0.22509569694978243,0.025839167314225565
0.8,4.6,0.227598250519686,0.02580811487972381
0.8,4.6033333333333335,0.23009708108230226,0.025776996360363874
0.8,4.6066666666666665,0.23259218101523924,0.02574581223134178
0.8,4.61,0.23508354273971357,0.02571456296631121
0.8,4.613333333333333,0.23757115872046572,0.025683249037386856
0.8,4.616666666666667,0.2400550214656857,0.025651870915147597
0.8,4.62,0.24253512352692796,0.025620429068639865
0.8,4.623333333333333,0.2450114574990366,0.025588923965380837
0.8,4.626666666666667,0.24748401602006334,0.02555735607136174
0.8,4.63,0.24995279177118593,0.025525725851051135
0.8,4.633333333333334,0.25241777747663263,0.025494033767398127
0.8,4.636666666666667,0.25487896590359727,0.025462280281835684
0.8,4.64,0.2573363498621638,0.025430465854283848
0.8,4.6433333333333335,0.25978992220522407,0.025398590943153016
0.8,4.6466666666666665,0.26223967582839597,0.025366656005347217
0.8,4.65,0.26468560366994787,0.02533466149626731
0.8,4.653333333333333,0.26712769871071296,0.0253026078698143
0.8,4.656666666666666,0.26956595397401373,0.025270495578392536
0.8,4.66,0.27200036252557974,0.02523832507291297
0.8,4.663333333333333,0.27443091747346504,0.02520609680279644
0.8,4.666666666666667,0.27685761196797254,0.025173811215976855
0.8,4.67,0.2792804392015682,0.02514146875890449
0.8,4.673333333333334,0.28169939240880554,0.02510906987654917
0.8,4.676666666666667,0.2841144648662403,0.025076615012403568
0.8,4.68,0.28652564989235374,0.025044104608486387
0.8,4.683333333333334,0.28893294084747045,0.0250115391053456
0.8,4.6866666666666665,0.29133633113367535,0.02497891894206173
0.8,4.69,0.2937358141947376,0.024946244556250996
0.8,4.693333333333333,0.29613138351602447,0.02491351638406862
0.8,4.696666666666666,0.2985230326244249,0.024880734860211983
0.8,4.7,0.3009107550882666,0.024847900417923872
0.8,4.703333333333333,0.3032945445172332,0.024815013488995726
0.8,4.706666666666667,0.30567439456228757,0.024782074503770787
0.8,4.71,0.30805029891558544,0.024749083891147383
0.8,4.713333333333333,0.310422251310399,0.024716042078582086
0.8,4.716666666666667,0.3127902455210333,0.024682949492092928
0.8,4.72,0.31515427536274354,0.02464980655626265
0.8,4.723333333333334,0.3175143346916575,0.024616613694241837
0.8,4.726666666666667,0.31987041740468997,0.02458337132775218
0.8,4.73,0.3222225174394656,0.024550079877089615
0.8,4.733333333333333,0.32457062877423254,0.02451673976112759
0.8,4.736666666666666,0.3269147454277855,0.024483351397320184
0.8,4.74,0.3292548614593819,0.02444991520170532
0.8,4.743333333333333,0.3315909709686587,0.024416431588908005
0.8,4.746666666666667,0.3339230680955547,0.024382900972143413
0.8,4.75,0.33625114702022435,0.024349323763220174
0.8,4.753333333333334,0.33857520196295987,0.024315700372543454
0.8,4.756666666666667,0.34089522718410553,0.02428203120911822
0.8,4.76,0.3432112169839794,0.024248316680552336
0.8,4.763333333333334,0.3455231657027899,0.024214557193059767
0.8,4.766666666666667,0.3478310677205632,0.02418075315146373
0.8,4.77,0.35013491745710557,0.024146904959199595
0.8,4.773333333333333,0.35243470937183347,0.02411301301831848
0.8,4.776666666666666,0.35473043796372267,0.024079077729490302
0.8,4.78,0.35702209777123706,0.024045099492006797
0.8,4.783333333333333,0.35930968337224206,0.024011078703784786
0.8,4.786666666666667,0.36159318938392737,0.02397701576136923
0.8,4.79,0.3638726104627202,0.02394291105993644
0.8,4.793333333333333,0.36614794130420764,0.023908764993297173
0.8,4.796666666666667,0.36841917664305296,0.023874577953899793
0.8,4.8,0.37068631125291174,0.023840350332833424
0.8,4.803333333333334,0.3729493399463542,0.023806082519831028
0.8,4.806666666666667,0.3752082575747786,0.0237717749032726
0.8,4.8100000000000005,0.37746305902833377,0.023737427870188232
0.8,4.8133333333333335,0.3797137392358327,0.023703041806261285
0.8,4.816666666666666,0.3819602931646746,0.023668617095831474
0.8,4.82,0.3842027158207615,0.023634154121897986
0.8,4.823333333333333,0.3864410022484137,0.02359965326612263
0.8,4.826666666666667,0.38867514753029303,0.023565114908832882
0.8,4.83,0.3909051467873155,0.02353053942902506
0.8,4.833333333333333,0.3931309951785738,0.023495927204367374
0.8,4.836666666666667,0.3953526879012533,0.023461278611203024
0.8,4.84,0.39757022019054844,0.023426594024553354
0.8,4.843333333333334,0.39978358731958513,0.02339187381812086
0.8,4.846666666666667,0.4019927845993339,0.023357118364292363
0.8,4.85,0.4041978073785321,0.02332232803414202
0.8,4.8533333333333335,0.40639865104359996,0.023287503197434434
0.8,4.8566666666666665,0.40859531101855723,0.023252644222627773
0.8,4.86,0.4107877827649454,0.023217751476876755
0.8,4.863333333333333,0.4129760617817404,0.023182825326035824
0.8,4.866666666666667,0.41516014360527614,0.023147866134662114
0.8,4.87,0.4173400238091573,0.023112874266018605
0.8,4.873333333333333,0.4195156980041818,0.023077850082077106
0.8,4.876666666666667,0.4216871618382569,0.023042793943521357
0.8,4.88,0.4238544109963154,0.02300770620975009
0.8,4.883333333333334,0.426017441200238,0.02297258723888003
0.8,4.886666666666667,0.4281762482087667,0.022937437387749
0.8,4.89,0.43033082781742654,0.02290225701191892
0.8,4.8933333333333335,0.4324811758584423,0.02286704646567884
0.8,4.8966666666666665,0.43462728820065455,0.02283180610204804
0.8,4.9,0.43676916074944155,0.022796536272778972
0.8,4.903333333333333,0.43890678944663336,0.02276123732836037
0.8,4.906666666666666,0.44104017027043296,0.022725909618020207
0.8,4.91,0.44316929923533344,0.02269055348972875
0.8,4.913333333333333,0.4452941723920335,0.022655169290201595
0.8,4.916666666666667,0.4474147858273601,0.022619757364902612
0.8,4.92,0.44953113566418157,0.022584318058047052
0.8,4.923333333333334,0.4516432180613302,0.02254885171260445
0.8,4.926666666666667,0.4537510292135159,0.022513358670301707
0.8,4.93,0.455854565351248,0.022477839271626044
0.8,4.933333333333334,0.4579538227407517,0.022442293855828
0.8,4.9366666666666665,0.4600487976838841,0.022406722760924456
0.8,4.94,0.4621394865180566,0.022371126323701564
0.8,4.943333333333333,0.46422588561614797,0.022335504879717798
0.8,4.946666666666667,0.4663079913864271,0.022299858763306857
0.8,4.95,0.46838580027246657,0.022264188307580722
0.8,4.953333333333333,0.4704593087530641,0.02222849384443255
0.8,4.956666666666667,0.47252851334215956,0.022192775704539678
0.8,4.96,0.4745934105887509,0.02215703421736662
0.8,4.963333333333333,0.4766539970768152,0.022121269711167953
0.8,4.966666666666667,0.4787102694252256,0.022085482512991316
0.8,4.97,0.48076222428768045,0.022049672948680345
0.8,4.973333333333334,0.48280985835265633,0.02201384134287749
0.8,4.976666666666667,0.4848531683432493,0.0219779880190272
0.8,4.98,0.4868921510171261,0.021942113299378733
0.8,4.983333333333333,0.48892680316644177,0.021906217504989143
0.8,4.986666666666666,0.4909571216177622,0.021870300955726157
0.8,4.99,0.4929831032319808,0.021834363970271116
0.8,4.993333333333333,0.49500474490423524,0.021798406866121944
0.8,4.996666666666667,0.4970220435638302,0.02176242995959598
0.8,5.0,0.49903499617415126,0.021726433565832984
0.8,7.0,1.0,-0.0042370619340279265
0.8,7.003333333333333,0.9985350333072828,-0.00425215510146429
0.8,7.006666666666667,0.9970687797482765,-0.00426719104347561
0.8,7.01,0.9956012470462083,-0.004282169858844011
0.8,7.013333333333334,0.994132442913785,-0.004297091646329268
0.8,7.016666666666667,0.9926623750531837,-0.0043119565046682365
0.8,7.02,0.9911910511560368,-0.004326764532574349
0.8,7.023333333333333,0.9897184789034219,-0.004341515828737073
0.8,7.026666666666666,0.9882446659658491,-0.004356210491821374
0.8,7.03,0.9867696200032479,-0.004370848620467214
0.8,7.033333333333333,0.9852933486649574,-0.004385430313288996
0.8,7.036666666666667,0.9838158595897122,-0.004399955668875076
0.8,7.04,0.9823371604056332,-0.004414424785787211
0.8,7.043333333333333,0.9808572587302139,-0.004428837762560073
0.8,7.046666666666667,0.9793761621703094,-0.004443194697700726
0.8,7.05,0.9778938783221265,-0.004457495689688102
0.8,7.053333333333334,0.9764104147712095,-0.0044717408369725166
0.8,7.056666666666667,0.9749257790924326,-0.004485930237975136
0.8,7.06,0.9734399788499851,-0.004500063991087504
0.8,7.0633333333333335,0.9719530215973627,-0.004514142194671019
0.8,7.066666666666666,0.9704649148773564,-0.004528164947056438
0.8,7.07,0.9689756662220401,-0.004542132346543393
0.8,7.073333333333333,0.9674852831527626,-0.004556044491399877
0.8,7.076666666666667,0.9659937731801335,-0.004569901479861777
0.8,7.08,0.9645011438040157,-0.004583703410132363
0.8,7.083333333333333,0.9630074025135131,-0.004597450380381813
0.8,7.086666666666667,0.9615125567869605,-0.0046111424887467336
0.8,7.09,0.9600166140919143,-0.004624779833329656
0.8,7.093333333333334,0.9585195818851406,-0.004638362512198588
0.8,7.096666666666667,0.9570214676126076,-0.004651890623386505
0.8,7.1,0.9555222787094726,-0.004665364264890901
0.8,7.1033333333333335,0.9540220226000735,-0.004678783534673303
0.8,7.1066666666666665,0.9525207066979204,-0.004692148530658796
0.8,7.11,0.951018338405683,-0.004705459350735574
0.8,7.113333333333333,0.9495149251151833,-0.00471871609275445
0.8,7.116666666666666,0.9480104742073847,-0.004731918854528414
0.8,7.12,0.9465049930523823,-0.0047450677338321656
0.8,7.123333333333333,0.9449984890093962,-0.0047581628284016405
0.8,7.126666666666667,0.9434909694267577,-0.004771204235933581
0.8,7.13,0.9419824416419045,-0.0047841920540850555
0.8,7.133333333333334,0.9404729129813681,-0.004797126380473029
0.8,7.136666666666667,0.9389623907607679,-0.004810007312673893
0.8,7.14,0.9374508822847993,-0.004822834948223036
0.8,7.1433333333333335,0.9359383948472263,-0.0048356093846143935
0.8,7.1466666666666665,0.9344249357308738,-0.004848330719299989
0.8,7.15,0.9329105122076161,-0.004860999049689525
0.8,7.153333333333333,0.9313951315383715,-0.004873614473149908
0.8,7.156666666666666,0.929878800973091,-0.004886177087004846
0.8,7.16,0.9283615277507513,-0.004898686988534397
0.8,7.163333333333333,0.9268433190993471,-0.00491114427497453
0.8,7.166666666666667,0.9253241822358808,-0.004923549043516721
0.8,7.17,0.9238041243663565,-0.004935901391307495
0.8,7.173333333333334,0.92228315268577,-0.00494820141544803
0.8,7.176666666666667,0.9207612743781028,-0.00496044921299371
0.8,7.18,0.9192384966163123,-0.0049726448809537215
0.8,7.183333333333334,0.9177148265623242,-0.004984788516290629
0.8,7.1866666666666665,0.916190271367027,-0.004996880215919949
0.8,7.19,0.914664838170261,-0.00500892007670976
0.8,7.193333333333333,0.9131385341008135,-0.00502090819548026
0.8,7.196666666666666,0.9116113662764131,-0.005032844669003253
0.8,7.2,0.9100833418037201,-0.005044729594001856
0.8,7.203333333333333,0.9085544677783132,-0.005056563067150284
0.8,7.206666666666667,0.9070247512846867,-0.005068345185073249
0.8,7.21,0.9054941993962466,-0.005080076044345541
0.8,7.213333333333333,0.9039628191752999,-0.005091755741491645
0.8,7.216666666666667,0.9024306176730494,-0.005103384372985338
0.8,7.22,0.900897601929588,-0.005114962035249287
0.8,7.223333333333334,0.8993637789738883,-0.005126488824654676
0.8,7.226666666666667,0.8978291558238002,-0.005137964837520796
0.8,7.23,0.8962937394860399,-0.005149390170114674
0.8,7.233333333333333,0.8947575369561868,-0.00516076491865067
0.8,7.236666666666666,0.8932205552186748,-0.0051720891792901074
0.8,7.24,0.891682801246786,-0.005183363048140887
0.8,7.243333333333333,0.8901442820026466,-0.0051945866212570945
0.8,7.246666666666667,0.8886050044372169,-0.005205759994638644
0.8,7.25,0.8870649754902887,-0.005216883264230879
0.8,7.253333333333333,0.8855242020904766,-0.005227956525924214
0.8,7.256666666666667,0.8839826911552127,-0.00523897987555376
0.8,7.26,0.8824404495907421,-0.005249953408898939
0.8,7.263333333333334,0.8808974842921146,-0.0052608772216831395
0.8,7.266666666666667,0.879353802143181,-0.005271751409573322
0.8,7.27,0.877809410016586,-0.005282576068179681
0.8,7.273333333333333,0.8762643147737624,-0.005293351293055268
0.8,7.276666666666666,0.874718523264928,-0.005304077179695622
0.8,7.28,0.8731720423290762,-0.005314753823538434
0.8,7.283333333333333,0.8716248787939747,-0.005325381319963161
0.8,7.286666666666667,0.8700770394761561,-0.005335959764290699
0.8,7.29,0.8685285311809171,-0.005346489251783005
0.8,7.293333333333333,0.8669793607023091,-0.0053569698776427645
0.8,7.296666666666667,0.8654295348231356,-0.005367401737013031
0.8,7.3,0.8638790603149471,-0.005377784924976875
0.8,7.303333333333334,0.8623279439380349,-0.0053881195365570525
0.8,7.306666666666667,0.8607761924414279,-0.005398405666715641
0.8,7.31,0.8592238125628863,-0.005408643410353717
0.8,7.3133333333333335,0.8576708110288972,-0.005418832862311005
0.8,7.316666666666666,0.8561171945546717,-0.0054289741173655336
0.8,7.32,0.8545629698441374,-0.0054390672702333154
0.8,7.323333333333333,0.8530081435899367,-0.0054491124155679905
0.8,7.326666666666666,0.8514527224734209,-0.005459109647960515
0.8,7.33,0.8498967131646452,-0.00546905906193882
0.8,7.333333333333333,0.8483401223223674,-0.00547896075196747
0.8,7.336666666666667,0.8467829565940398,-0.005488814812447363
0.8,7.34,0.8452252226158088,-0.005498621337715374
0.8,7.343333333333334,0.8436669270125073,-0.005508380422044062
0.8,7.346666666666667,0.8421080763976548,-0.005518092159641318
0.8,7.35,0.8405486773734496,-0.005527756644650066
0.8,7.3533333333333335,0.838988736530767,-0.00553737397114794
0.8,7.3566666666666665,0.8374282604491563,-0.005546944233146955
0.8,7.36,0.8358672556968345,-0.005556467524593211
0.8,7.363333333333333,0.8343057288306863,-0.005565943939366564
0.8,7.366666666666667,0.832743686396257,-0.005575373571280329
0.8,7.37,0.8311811349277517,-0.005584756514080954
0.8,7.373333333333333,0.8296180809480305,-0.0055940928614477275
0.8,7.376666666666667,0.8280545309686049,-0.005603382706992468
0.8,7.38,0.8264904914896375,-0.005612626144259208
0.8,7.383333333333334,0.8249259689999339,-0.0056218232667239135
0.8,7.386666666666667,0.8233609699769445,-0.0056309741677941635
0.8,7.39,0.8217955008867583,-0.005640078940808864
0.8,7.3933333333333335,0.8202295681841006,-0.005649137679037946
0.8,7.3966666666666665,0.818663178312332,-0.005658150475682066
0.8,7.4,0.8170963377034423,-0.005667117423872324
0.8,7.403333333333333,0.8155290527780509,-0.005676038616669956
0.8,7.406666666666666,0.813961329945402,-0.005684914147066059
0.8,7.41,0.8123931756033628,-0.005693744107981297
0.8,7.413333333333333,0.8108245961384216,-0.0057025285922656065
0.8,7.416666666666667,0.8092555979256836,-0.005711267692697926
0.8,7.42,0.8076861873288708,-0.005719961501985899
0.8,7.423333333333334,0.8061163707003168,-0.005728610112765606
0.8,7.426666666666667,0.804546154380968,-0.005737213617601272
0.8,7.43,0.802975544700378,-0.005745772108984997
0.8,7.433333333333334,0.8014045479767072,-0.00575428567933648
0.8,7.4366666666666665,0.7998331705167219,-0.0057627544210027346
0.8,7.44,0.7982614186157886,-0.005771178426257832
0.8,7.443333333333333,0.7966892985578766,-0.005779557787302611
0.8,7.446666666666666,0.7951168166155528,-0.005787892596264427
0.8,7.45,0.7935439790499803,-0.005796182945196874
0.8,7.453333333333333,0.7919707921109191,-0.0058044289260795155
0.8,7.456666666666667,0.790397262036721,-0.005812630630817633
0.8,7.46,0.7888233950543307,-0.0058207881512419455
0.8,7.463333333333333,0.7872491973792827,-0.0058289015791083655
0.8,7.466666666666667,0.7856746752156994,-0.005836971006097733
0.8,7.47,0.7840998347562929,-0.005844996523815551
0.8,7.473333333333334,0.7825246821823583,-0.00585297822379174
0.8,7.476666666666667,0.7809492236637781,-0.005860916197480377
0.8,7.48,0.7793734653590157,-0.0058688105362594495
0.8,7.483333333333333,0.7777974134151194,-0.005876661331430591
0.8,7.486666666666666,0.7762210739677163,-0.00588446867421885
0.8,7.49,0.7746444531410143,-0.005892232655772429
0.8,7.493333333333333,0.773067557047801,-0.00589995336716244
0.8,7.496666666666667,0.7714903917894409,-0.005907630899382665
0.8,7.5,0.769912963455877,-0.005915265343349308
0.8,7.503333333333334,0.7683352781256275,-0.005922856789900758
0.8,7.506666666666667,0.7667573418657876,-0.005930405329797345
0.8,7.51,0.7651791607320262,-0.005937911053721106
0.8,7.513333333333334,0.7636007407685866,-0.005945374052275549
0.8,7.516666666666667,0.7620220880082869,-0.00595279441598541
0.8,7.52,0.7604432084725172,-0.005960172235296431
0.8,7.523333333333333,0.7588641081712406,-0.005967507600575126
0.8,7.526666666666666,0.7572847931029932,-0.005974800602108537
0.8,7.53,0.7557052692548819,-0.005982051330104031
0.8,7.533333333333333,0.7541255426025868,-0.005989259874689048
0.8,7.536666666666667,0.7525456191103576,-0.005996426325910896
0.8,7.54,0.7509655047310171,-0.0060035507737365105
0.8,7.543333333333333,0.7493852054059691,-0.0060106333080519
0.8,7.546666666666667,0.7478047270652486,-0.006017674018660498
0.8,7.55,0.7462240756274182,-0.006024672995286099
0.8,7.553333333333334,0.7446432569996028,-0.006031630327571487
0.8,7.556666666666667,0.7430622770775026,-0.006038546105077908
0.8,7.5600000000000005,0.7414811417453899,-0.006045420417284867
0.8,7.5633333333333335,0.7398998568761128,-0.0060522533535899035
0.8,7.566666666666666,0.7383184283310927,-0.006059045003308384
0.8,7.57,0.7367368619603264,-0.006065795455673289
0.8,7.573333333333333,0.7351551636023866,-0.006072504799834997
0.8,7.576666666666666,0.7335733390844216,-0.006079173124861088
0.8,7.58,0.731991394222156,-0.006085800519736124
0.8,7.583333333333333,0.7304093348198931,-0.006092387073361441
0.8,7.586666666666667,0.7288271666705128,-0.00609893287455496
0.8,7.59,0.7272448955554751,-0.006105438012050963
0.8,7.593333333333334,0.7256625272448187,-0.0061119025744999075
0.8,7.596666666666667,0.7240800674971642,-0.00611832665046821
0.8,7.6,0.722497522059713,-0.00612471032843806
0.8,7.6033333333333335,0.7209148966682485,-0.006131053696807217
0.8,7.6066666666666665,0.71933219704714,-0.006137356843888805
0.8,7.61,0.7177494289093395,-0.006143619857911132
0.8,7.613333333333333,0.7161665979563869,-0.006149842827017479
0.8,7.616666666666667,0.714583709878408,-0.006156025839265922
0.8,7.62,0.7130007703541189,-0.006162168982629129
0.8,7.623333333333333,0.7114177850508246,-0.0061682723449941745
0.8,7.626666666666667,0.7098347596244217,-0.006174336014162353
0.8,7.63,0.7082516997194006,-0.006180360077848979
0.8,7.633333333333334,0.7066686109688454,-0.00618634462368322
0.8,7.636666666666667,0.7050854989944376,-0.006192289739207889
0.8,7.64,0.7035023694064554,-0.006198195511879278
0.8,7.6433333333333335,0.7019192278037765,-0.006204062029066969
0.8,7.6466666666666665,0.7003360797738812,-0.006209889378053646
0.8,7.65,0.6987529308928515,-0.00621567764603493
0.8,7.653333333333333,0.6971697867253759,-0.006221426920119181
0.8,7.656666666666666,0.6955866528247486,-0.006227137287327337
0.8,7.66,0.6940035347328731,-0.006232808834592732
0.8,7.663333333333333,0.6924204379802648,-0.006238441648760914
0.8,7.666666666666667,0.6908373680860508,-0.006244035816589484
0.8,7.67,0.689254330557975,-0.006249591424747909
0.8,7.673333333333334,0.6876713308923972,-0.006255108559817367
0.8,7.676666666666667,0.6860883745742987,-0.0062605873082905595
0.8,7.68,0.6845054670772813,-0.006266027756571558
0.8,7.683333333333334,0.6829226138635719,-0.006271429990975631
0.8,7.6866666666666665,0.6813398203840244,-0.00627679409772907
0.8,7.69,0.6797570920781215,-0.006282120162969038
0.8,7.693333333333333,0.6781744343739788,-0.006287408272743394
0.8,7.696666666666666,0.676591852688345,-0.00629265851301054
0.8,7.7,0.6750093524266062,-0.006297870969639255
0.8,7.703333333333333,0.6734269389827894,-0.006303045728408531
0.8,7.706666666666667,0.6718446177395621,-0.006308182875007424
0.8,7.71,0.670262394068239,-0.006313282495034886
0.8,7.713333333333333,0.6686802733287814,-0.006318344673999619
0.8,7.716666666666667,0.6670982608698023,-0.006323369497319913
0.8,7.72,0.6655163620285687,-0.00632835705032349
0.8,7.723333333333334,0.6639345821310035,-0.006333307418247361
0.8,7.726666666666667,0.6623529264916912,-0.0063382206862376625
0.8,7.73,0.6607714004138777,-0.0063430969393495195
0.8,7.733333333333333,0.6591900091894763,-0.006347936262546883
0.8,7.736666666666666,0.6576087580990688,-0.006352738740702394
0.8,7.74,0.6560276524119094,-0.006357504458597228
0.8,7.743333333333333,0.6544466973859293,-0.006362233500920956
0.8,7.746666666666667,0.6528658982677373,-0.006366925952271395
0.8,7.75,0.6512852602926266,-0.006371581897154471
0.8,7.753333333333334,0.6497047886845745,-0.006376201419984071
0.8,7.756666666666667,0.6481244886562495,-0.006380784605081904
0.8,7.76,0.6465443654090122,-0.006385331536677369
0.8,7.763333333333334,0.6449644241329189,-0.006389842298907406
0.8,7.766666666666667,0.6433846700067285,-0.006394316975816364
0.8,7.77,0.6418051081979014,-0.006398755651355866
0.8,7.773333333333333,0.6402257438626063,-0.006403158409384672
0.8,7.776666666666666,0.6386465821457245,-0.006407525333668548
0.8,7.78,0.6370676281808503,-0.0064118565078801325
0.8,7.783333333333333,0.6354888870902989,-0.006416152015598802
0.8,7.786666666666667,0.633910363985107,-0.00642041194031055
0.8,7.79,0.6323320639650394,-0.006424636365407846
0.8,7.793333333333333,0.6307539921185908,-0.00642882537418952
0.8,7.796666666666667,0.6291761535229909,-0.006432979049860626
0.8,7.8,0.6275985532442092,-0.006437097475532323
0.8,7.803333333333334,0.6260211963369569,-0.006441180734221749
0.8,7.806666666666667,0.624444087844694,-0.0064452289088518955
0.8,7.8100000000000005,0.6228672327996306,-0.00644924208225149
0.8,7.8133333333333335,0.621290636222734,-0.006453220337154872
0.8,7.816666666666666,0.6197143031237303,-0.006457163756201874
0.8,7.82,0.6181382385011103,-0.006461072421937705
0.8,7.823333333333333,0.6165624473421345,-0.006464946416812828
0.8,7.826666666666667,0.6149869346228354,-0.006468785823182853
0.8,7.83,0.6134117053080244,-0.00647259072330841
0.8,7.833333333333333,0.6118367643512944,-0.006476361199355045
0.8,7.836666666666667,0.6102621166950247,-0.006480097333393104
0.8,7.84,0.608687767270388,-0.006483799207397617
0.8,7.843333333333334,0.6071137209973504,-0.006487466903248194
0.8,7.846666666666667,0.6055399827846814,-0.006491100502728912
0.8,7.85,0.6039665575299542,-0.006494700087528207
0.8,7.8533333333333335,0.6023934501195526,-0.006498265739238767
0.8,7.8566666666666665,0.6008206654286768,-0.006501797539357425
0.8,7.86,0.5992482083213453,-0.006505295569285056
0.8,7.863333333333333,0.5976760836504029,-0.006508759910326471
0.8,7.866666666666667,0.5961042962575231,-0.006512190643690314
0.8,7.87,0.5945328509732156,-0.006515587850488962
0.8,7.873333333333333,0.5929617526168287,-0.006518951611738422
0.8,7.876666666666667,0.5913910059965556,-0.006522282008358238
0.8,7.88,0.589820615909441,-0.006525579121171378
0.8,7.883333333333334,0.5882505871413828,-0.006528843030904154
0.8,7.886666666666667,0.5866809244671416,-0.006532073818186112
0.8,7.89,0.5851116326503415,-0.006535271563549946
0.8,7.8933333333333335,0.5835427164434781,-0.006538436347431398
0.8,7.8966666666666665,0.581974180587924,-0.006541568250169164
0.8,7.9,0.5804060298139321,-0.006544667352004813
0.8,7.903333333333333,0.5788382688406434,-0.006547733733082677
0.8,7.906666666666666,0.5772709023760902,-0.006550767473449779
0.8,7.91,0.5757039351172029,-0.006553768653055736
0.8,7.913333333333333,0.5741373717498157,-0.006556737351752669
0.8,7.916666666666667,0.5725712169486937,-0.006559673649294187
0.8,7.92,0.5710054753775399,-0.006562577625335354
0.8,7.923333333333334,0.5694401516889445,-0.006565449359434753
0.8,7.926666666666667,0.5678752505244257,-0.0065682889310531055
0.8,7.93,0.5663107765144337,-0.006571096419553164
0.8,7.933333333333334,0.564746734278357,-0.006573871904199631
0.8,7.9366666666666665,0.5631831284245292,-0.006576615464159069
0.8,7.94,0.5616199635502337,-0.006579327178499823
0.8,7.943333333333333,0.5600572442417109,-0.006582007126191937
0.8,7.946666666666667,0.558494975074162,-0.006584655386107077
0.8,7.95,0.556933160611758,-0.006587272037018443
0.8,7.953333333333333,0.5553718054076431,-0.0065898571576007
0.8,7.956666666666667,0.5538109140039416,-0.006592410826429895
0.8,7.96,0.5522504909317654,-0.00659493312198338
0.8,7.963333333333333,0.550690540711218,-0.006597424122639736
0.8,7.966666666666667,0.5491310678514016,-0.0065998839066787034
0.8,7.97,0.5475720768504245,-0.0066023125522810975
0.8,7.973333333333334,0.5460135721954048,-0.006604710137528746
0.8,7.976666666666667,0.5444555583624797,-0.00660707674040441
0.8,7.98,0.5428980398168088,-0.006609412438791714
0.8,7.983333333333333,0.5413410210125837,-0.0066117173104750775
0.8,7.986666666666666,0.5397845063930313,-0.0066139914331396436
0.8,7.99,0.5382285003904219,-0.006616234884371209
0.8,7.993333333333333,0.5366730074260765,-0.006618447741656161
0.8,7.996666666666667,0.5351180319103709,-0.006620630082381405
0.8,8.0,0.5335635782427451,-0.006622781983834301
0.8,10.0,-0.2430884690687034,-0.0031131658867684544
0.8,10.003333333333334,-0.24352278694601487,-0.003108327652123276
0.8,10.006666666666666,-0.24395594539473828,-0.003103490929031107
0.8,10.01,-0.24438794509155443,-0.0030986557307285936
0.8,10.013333333333334,-0.24481878671556975,-0.0030938220704081146
0.8,10.016666666666667,-0.2452484709483096,-0.0030889899612178513
0.8,10.02,-0.2456769984737099,-0.003084159416261877
0.8,10.023333333333333,-0.24610436997811053,-0.00307933044860023
0.8,10.026666666666667,-0.24653058615024562,-0.003074503071249011
0.8,10.03,-0.24695564768123707,-0.003069677297180461
0.8,10.033333333333333,-0.24737955526458708,-0.003064853139323031
0.8,10.036666666666667,-0.24780230959616917,-0.0030600306105614855
0.8,10.04,-0.2482239113742212,-0.003055209723736974
0.8,10.043333333333333,-0.24864436129933815,-0.003050390491647109
0.8,10.046666666666667,-0.24906366007446315,-0.0030455729270460587
0.8,10.05,-0.2494818084048807,-0.0030407570426446255
0.8,10.053333333333333,-0.2498988069982085,-0.0030359428511103287
0.8,10.056666666666667,-0.25031465656439045,-0.003031130365067478
0.8,10.06,-0.25072935781568795,-0.003026319597097271
0.8,10.063333333333333,-0.2511429114666728,-0.0030215105597378683
0.8,10.066666666666666,-0.2515553182342199,-0.003016703265484467
0.8,10.07,-0.25196657883749884,-0.003011897726789397
0.8,10.073333333333334,-0.2523766939979667,-0.0030070939560621944
0.8,10.076666666666666,-0.25278566443935996,-0.003002291965669689
0.8,10.08,-0.2531934908876881,-0.002997491767936072
0.8,10.083333333333334,-0.2536001740712245,-0.0029926933751429964
0.8,10.086666666666666,-0.25400571472049915,-0.0029878967995296503
0.8,10.09,-0.25441011356829246,-0.002983102053292829
0.8,10.093333333333334,-0.2548133713496256,-0.002978309148587034
0.8,10.096666666666668,-0.2552154888017544,-0.0029735180975245415
0.8,10.1,-0.2556164666641609,-0.002968728912175491
0.8,10.103333333333333,-0.256016305678547,-0.0029639416045679546
0.8,10.106666666666667,-0.25641500658882543,-0.002959156186688035
0.8,10.11,-0.2568125701411129,-0.0029543726704799366
0.8,10.113333333333333,-0.2572089970837233,-0.0029495910678460405
0.8,10.116666666666667,-0.25760428816715886,-0.0029448113906470003
0.8,10.12,-0.25799844414410317,-0.0029400336507018135
0.8,10.123333333333333,-0.2583914657694145,-0.0029352578597878977
0.8,10.126666666666667,-0.25878335380011713,-0.0029304840296411824
0.8,10.13,-0.2591741089953943,-0.0029257121719561837
0.8,10.133333333333333,-0.2595637321165807,-0.0029209422983860855
0.8,10.136666666666667,-0.25995222392715583,-0.0029161744205428125
0.8,10.14,-0.2603395851927353,-0.002911408549997125
0.8,10.143333333333333,-0.26072581668106376,-0.002906644698278691
0.8,10.146666666666667,-0.26111091916200846,-0.002901882876876158
0.8,10.15,-0.26149489340755033,-0.0028971230972372505
0.8,10.153333333333334,-0.2618777401917775,-0.0028923653707688367
0.8,10.156666666666666,-0.2622594602908777,-0.002887609708837016
0.8,10.16,-0.26264005448313127,-0.002882856122767188
0.8,10.163333333333334,-0.2630195235489029,-0.002878104623844145
0.8,10.166666666666666,-0.2633978682706347,-0.002873355223312147
0.8,10.17,-0.2637750894328397,-0.0028686079323749928
0.8,10.173333333333334,-0.26415118782209307,-0.0028638627621961135
0.8,10.176666666666666,-0.26452616422702524,-0.002859119723898645
0.8,10.18,-0.2649000194383157,-0.002854378828565499
0.8,10.183333333333334,-0.26527275424868396,-0.0028496400872394592
0.8,10.186666666666667,-0.2656443694528833,-0.002844903510923248
0.8,10.19,-0.26601486584769307,-0.002840169110579611
0.8,10.193333333333333,-0.2663842442319122,-0.002835436897131387
0.8,10.196666666666667,-0.26675250540635076,-0.002830706881461601
0.8,10.2,-0.26711965017382305,-0.002825979074413535
0.8,10.203333333333333,-0.2674856793391412,-0.0028212534867908
0.8,10.206666666666667,-0.26785059370910685,-0.0028165301293574295
0.8,10.21,-0.2682143940925051,-0.002811809012837948
0.8,10.213333333333333,-0.26857708130009583,-0.0028070901479174534
0.8,10.216666666666667,-0.2689386561446076,-0.0028023735452416864
0.8,10.22,-0.2692991194407296,-0.0027976592154171235
0.8,10.223333333333333,-0.26965847200510495,-0.0027929471690110465
0.8,10.226666666666667,-0.270016714656324,-0.0027882374165516155
0.8,10.23,-0.27037384821491617,-0.002783529968527959
0.8,10.233333333333333,-0.2707298735033433,-0.0027788248353902475
0.8,10.236666666666666,-0.2710847913459931,-0.0027741220275497597
0.8,10.24,-0.2714386025691708,-0.0027694215553789796
0.8,10.243333333333334,-0.27179130800109275,-0.002764723429211661
0.8,10.246666666666666,-0.2721429084718791,-0.0027600276593429114
0.8,10.25,-0.2724934048135472,-0.0027553342560292593
0.8,10.253333333333334,-0.2728427978600036,-0.0027506432294887462
0.8,10.256666666666666,-0.2731910884470374,-0.002745954589900997
0.8,10.26,-0.2735382774123137,-0.0027412683474072885
0.8,10.263333333333334,-0.27388436559536544,-0.0027365845121106428
0.8,10.266666666666667,-0.2742293538375872,-0.0027319030940758946
0.8,10.27,-0.2745732429822276,-0.0027272241033297717
0.8,10.273333333333333,-0.27491603387438324,-0.0027225475498609624
0.8,10.276666666666667,-0.2752577273609902,-0.002717873443620208
0.8,10.28,-0.275598324290818,-0.002713201794520371
0.8,10.283333333333333,-0.2759378255144627,-0.0027085326124365056
0.8,10.286666666666667,-0.2762762318843393,-0.002703865907205947
0.8,10.29,-0.2766135442546748,-0.0026992016886283826
0.8,10.293333333333333,-0.27694976348150235,-0.00269453996646592
0.8,10.296666666666667,-0.2772848904226524,-0.002689880750443177
0.8,10.3,-0.2776189259377473,-0.002685224050247351
0.8,10.303333333333333,-0.2779518708881935,-0.0026805698755282955
0.8,10.306666666666667,-0.27828372613717534,-0.002675918235898591
0.8,10.31,-0.2786144925496474,-0.0026712691409336315
0.8,10.313333333333333,-0.2789441709923277,-0.002666622600171697
0.8,10.316666666666666,-0.2792727623336916,-0.002661978623114018
0.8,10.32,-0.27960026744396377,-0.002657337219224869
0.8,10.323333333333334,-0.279926687195112,-0.0026526983979316314
0.8,10.326666666666666,-0.2802520224608399,-0.0026480621686248776
0.8,10.33,-0.280576274116581,-0.0026434285406584327
0.8,10.333333333333334,-0.28089944303949044,-0.002638797523349467
0.8,10.336666666666666,-0.2812215301084391,-0.002634169125978563
0.8,10.34,-0.2815425362040068,-0.0026295433577897837
0.8,10.343333333333334,-0.28186246220847516,-0.002624920227990762
0.8,10.346666666666668,-0.2821813090058205,-0.002620299745752764
0.8,10.35,-0.2824990774817075,-0.0026156819202107742
0.8,10.353333333333333,-0.2828157685234829,-0.0026110667604635545
0.8,10.356666666666667,-0.2831313830201673,-0.002606454275573736
0.8,10.36,-0.2834459218624496,-0.0026018444745678874
0.8,10.363333333333333,-0.28375938594268,-0.0025972373664365812
0.8,10.366666666666667,-0.28407177615486284,-0.0025926329601344816
0.8,10.37,-0.28438309339464984,-0.0025880312645804138
0.8,10.373333333333333,-0.2846933385593345,-0.002583432288657429
0.8,10.376666666666667,-0.28500251254784376,-0.0025788360412128952
0.8,10.38,-0.2853106162607323,-0.002574242531058559
0.8,10.383333333333333,-0.2856176506001754,-0.0025696517669706273
0.8,10.386666666666667,-0.28592361646996306,-0.0025650637576898287
0.8,10.39,-0.286228514775492,-0.0025604785119215045
0.8,10.393333333333333,-0.28653234642375974,-0.002555896038335673
0.8,10.396666666666667,-0.2868351123233586,-0.002551316345567097
0.8,10.4,-0.28713681338446745,-0.002546739442215373
0.8,10.403333333333334,-0.28743745051884656,-0.0025421653368449914
0.8,10.406666666666666,-0.2877370246398298,-0.0025375940379854193
0.8,10.41,-0.28803553666231935,-0.0025330255541311606
0.8,10.413333333333334,-0.2883329875027777,-0.002528459893741845
0.8,10.416666666666666,-0.2886293780792216,-0.002523897065242295
0.8,10.42,-0.28892470931121633,-0.0025193370770225884
0.8,10.423333333333334,-0.2892189821198674,-0.0025147799374381505
0.8,10.426666666666666,-0.2895121974278153,-0.002510225654809815
0.8,10.43,-0.2898043561592287,-0.002505674237423893
0.8,10.433333333333334,-0.2900954592397976,-0.0025011256935322575
0.8,10.436666666666667,-0.29038550759672677,-0.0024965800313524094
0.8,10.44,-0.29067450215872936,-0.0024920372590675507
0.8,10.443333333333333,-0.2909624438560209,-0.002487497384826652
0.8,10.446666666666667,-0.29124933362031163,-0.0024829604167445345
0.8,10.45,-0.2915351723848009,-0.00247842636290194
0.8,10.453333333333333,-0.29181996108417085,-0.0024738952313455905
0.8,10.456666666666667,-0.2921037006545787,-0.002469367030088279
0.8,10.46,-0.2923863920336516,-0.002464841767108931
0.8,10.463333333333333,-0.2926680361604793,-0.0024603194503526778
0.8,10.466666666666667,-0.2929486339756087,-0.002455800087730923
0.8,10.47,-0.29322818642103593,-0.002451283687121427
0.8,10.473333333333333,-0.2935066944402023,-0.0024467702563683736
0.8,10.476666666666667,-0.2937841589779887,-0.0024422598032824367
0.8,10.48,-0.2940605809807044,-0.002437752335640857
0.8,10.483333333333333,-0.2943359613960829,-0.002433247861187511
0.8,10.486666666666666,-0.2946103011732763,-0.002428746387632974
0.8,10.49,-0.29488360126284796,-0.0024242479226546086
0.8,10.493333333333334,-0.295155862616767,-0.002419752473896622
0.8,10.496666666666666,-0.29542708618840124,-0.0024152600489701454
0.8,10.5,-0.29569727293251186,-0.002410770655453294
0.8,10.503333333333334,-0.29596642380524585,-0.002406284300891252
0.8,10.506666666666666,-0.29623453976413033,-0.002401800992796337
0.8,10.51,-0.29650162176806644,-0.0023973207386480616
0.8,10.513333333333334,-0.29676767077732263,-0.0023928435458932204
0.8,10.516666666666667,-0.2970326877535284,-0.0023883694219459504
0.8,10.52,-0.29729667365966794,-0.002383898374187805
0.8,10.523333333333333,-0.2975596294600746,-0.002379430409967816
0.8,10.526666666666667,-0.2978215561204235,-0.002374965536602577
0.8,10.53,-0.298082454607726,-0.0023705037613763087
0.8,10.533333333333333,-0.29834232589032345,-0.002366045091540918
0.8,10.536666666666667,-0.29860117093788063,-0.002361589534316085
0.8,10.54,-0.29885899072137956,-0.002357137096889326
0.8,10.543333333333333,-0.29911578621311385,-0.002352687786416054
0.8,10.546666666666667,-0.2993715583866817,-0.002348241610019664
0.8,10.55,-0.2996263082169803,-0.0023437985747915935
0.8,10.553333333333333,-0.29988003668019897,-0.002339358687791395
0.8,10.556666666666667,-0.3001327447538143,-0.002334921956046798
0.8,10.56,-0.30038443341658244,-0.002330488386553791
0.8,10.563333333333333,-0.3006351036485338,-0.002326057986276684
0.8,10.566666666666666,-0.30088475643096707,-0.0023216307621481704
0.8,10.57,-0.3011333927464425,-0.0023172067210694117
0.8,10.573333333333334,-0.3013810135787761,-0.0023127858699100953
0.8,10.576666666666666,-0.30162761991303344,-0.002308368215508507
0.8,10.58,-0.30187321273552403,-0.002303953764671595
0.8,10.583333333333334,-0.3021177930337943,-0.0022995425241750466
0.8,10.586666666666666,-0.3023613617966222,-0.002295134500763355
0.8,10.59,-0.3026039200140114,-0.002290729701149877
0.8,10.593333333333334,-0.3028454686771841,-0.002286328132016918
0.8,10.596666666666668,-0.3030860087785762,-0.00228192980001579
0.8,10.6,-0.3033255413118304,-0.002277534711766884
0.8,10.603333333333333,-0.303564067271791,-0.002273142873859729
0.8,10.606666666666667,-0.30380158765449705,-0.002268754292853076
0.8,10.61,-0.3040381034571767,-0.0022643689752749555
0.8,10.613333333333333,-0.3042736156782414,-0.0022599869276227415
0.8,10.616666666666667,-0.3045081253172797,-0.0022556081563632315
0.8,10.62,-0.304741633375051,-0.002251232667932707
0.8,10.623333333333333,-0.3049741408534804,-0.002246860468736997
0.8,10.626666666666667,-0.3052056487556518,-0.002242491565151555
0.8,10.63,-0.30543615808580254,-0.002238125963521521
0.8,10.633333333333333,-0.30566566984931715,-0.002233763670161791
0.8,10.636666666666667,-0.305894185052722,-0.0022294046913570757
0.8,10.64,-0.30612170470367844,-0.002225049033361984
0.8,10.643333333333333,-0.30634822981097776,-0.0022206967024010777
0.8,10.646666666666667,-0.3065737613845349,-0.0022163477046689374
0.8,10.65,-0.3067983004353825,-0.0022120020463302394
0.8,10.653333333333332,-0.3070218479756651,-0.0022076597335198163
0.8,10.656666666666666,-0.30724440501863365,-0.0022033207723427184
0.8,10.66,-0.3074659725786389,-0.0021989851688742922
0.8,10.663333333333334,-0.3076865516711262,-0.0021946529291602393
0.8,10.666666666666666,-0.3079061433126293,-0.002190324059216686
0.8,10.67,-0.3081247485207649,-0.002185998565030241
0.8,10.673333333333334,-0.30834236831422634,-0.0021816764525580765
0.8,10.676666666666666,-0.30855900371277795,-0.002177357727727985
0.8,10.68,-0.3087746557372499,-0.0021730423964384416
0.8,10.683333333333334,-0.30898932540953117,-0.0021687304645586812
0.8,10.686666666666667,-0.3092030137525648,-0.0021644219379287565
0.8,10.69,-0.3094157217903417,-0.002160116822359608
0.8,10.693333333333333,-0.30962745054789514,-0.002155815123633121
0.8,10.696666666666667,-0.3098382010512946,-0.0021515168475022034
0.8,10.7,-0.3100479743276403,-0.0021472219996908474
0.8,10.703333333333333,-0.3102567714050577,-0.0021429305858941847
0.8,10.706666666666667,-0.31046459331269105,-0.0021386426117785675
0.8,10.71,-0.3106714410806986,-0.002134358082981625
0.8,10.713333333333333,-0.31087731574024596,-0.0021300770051123304
0.8,10.716666666666667,-0.3110822183235015,-0.0021257993837510607
0.8,10.72,-0.3112861498636295,-0.0021215252244496732
0.8,10.723333333333333,-0.3114891113947853,-0.0021172545327315627
0.8,10.726666666666667,-0.3116911039521094,-0.002112987314091721
0.8,10.73,-0.3118921285717217,-0.0021087235739968156
0.8,10.733333333333334,-0.31209218629071594,-0.0021044633178852433
0.8,10.736666666666666,-0.3122912781471553,-0.0021002065511672055
0.8,10.74,-0.31248940518006757,-0.002095953279224762
0.8,10.743333333333334,-0.31268656842943515,-0.002091703507411901
0.8,10.746666666666666,-0.31288276893619205,-0.002087457241054601
0.8,10.75,-0.3130780077422184,-0.0020832144854508886
0.8,10.753333333333334,-0.3132722858903344,-0.0020789752458709168
0.8,10.756666666666666,-0.31346560442429516,-0.0020747395275570206
0.8,10.76,-0.3136579643887853,-0.002070507335723777
0.8,10.763333333333334,-0.31384936682941283,-0.002066278675558079
0.8,10.766666666666667,-0.314039812792704,-0.0020620535522191934
0.8,10.77,-0.3142293033260976,-0.0020578319708388264
0.8,10.773333333333333,-0.31441783947794005,-0.00205361393652118
0.8,10.776666666666667,-0.31460542229747873,-0.002049399454343028
0.8,10.78,-0.31479205283485745,-0.0020451885293537734
0.8,10.783333333333333,-0.3149777321411108,-0.0020409811665755033
0.8,10.786666666666667,-0.3151624612681583,-0.0020367773710030677
0.8,10.79,-0.31534624126879907,-0.0020325771476041353
0.8,10.793333333333333,-0.3155290731967069,-0.002028380501319249
0.8,10.796666666666667,-0.31571095810642413,-0.002024187437061902
0.8,10.8,-0.31589189705335624,-0.002019997959718594
0.8,10.803333333333333,-0.31607189109376693,-0.0020158120741488954
0.8,10.806666666666667,-0.3162509412847725,-0.0020116297851855034
0.8,10.81,-0.3164290486843361,-0.0020074510976343172
0.8,10.813333333333333,-0.3166062143512627,-0.0020032760162744935
0.8,10.816666666666666,-0.31678243934519373,-0.0019991045458585014
0.8,10.82,-0.3169577247266015,-0.0019949366911122014
0.8,10.823333333333334,-0.3171320715567839,-0.0019907724567348947
0.8,10.826666666666666,-0.317305480897859,-0.0019866118473993916
0.8,10.83,-0.31747795381276,-0.0019824548677520658
0.8,10.833333333333334,-0.3176494913652296,-0.001978301522412927
0.8,10.836666666666666,-0.3178200946198143,-0.0019741518159756793
0.8,10.84,-0.31798976464186035,-0.0019700057530077733
0.8,10.843333333333334,-0.318158502497507,-0.001965863338050483
0.8,10.846666666666668,-0.318326309253682,-0.0019617245756189585
0.8,10.85,-0.3184931859780961,-0.00195758947020229
0.8,10.853333333333333,-0.31865913373923815,-0.0019534580262635637
0.8,10.856666666666667,-0.31882415360636895,-0.0019493302482399332
0.8,10.86,-0.3189882466495169,-0.0019452061405426761
0.8,10.863333333333333,-0.3191514139394726,-0.001941085707557248
0.8,10.866666666666667,-0.31931365654778293,-0.0019369689536433564
0.8,10.870000000000001,-0.3194749755467467,-0.0019328558831350135
0.8,10.873333333333333,-0.31963537200940867,-0.0019287465003406008
0.8,10.876666666666667,-0.3197948470095553,-0.0019246408095429223
0.8,10.88,-0.31995340162170854,-0.001920538814999277
0.8,10.883333333333333,-0.32011103692112103,-0.0019164405209415136
0.8,10.886666666666667,-0.32026775398377133,-0.0019123459315760847
0.8,10.89,-0.3204235538863582,-0.0019082550510841202
0.8,10.893333333333333,-0.3205784377062955,-0.0019041678836214807
0.8,10.896666666666667,-0.3207324065217075,-0.0019000844333188116
0.8,10.9,-0.3208854614114231,-0.0018960047042816171
0.8,10.903333333333334,-0.32103760345497134,-0.0018919287005903097
0.8,10.906666666666666,-0.3211888337325756,-0.0018878564263002764
0.8,10.91,-0.32133915332514923,-0.001883787885441929
0.8,10.913333333333334,-0.32148856331428993,-0.0018797230820207771
0.8,10.916666666666666,-0.32163706478227466,-0.0018756620200174813
0.8,10.92,-0.321784658812055,-0.0018716047033879072
0.8,10.923333333333334,-0.3219313464872515,-0.001867551136063196
0.8,10.926666666666666,-0.32207712889214907,-0.0018635013219498193
0.8,10.93,-0.3222220071116918,-0.0018594552649296317
0.8,10.933333333333334,-0.3223659822314778,-0.001855412968859942
0.8,10.936666666666667,-0.32250905533775415,-0.001851374437573565
0.8,10.94,-0.32265122751741204,-0.0018473396748788847
0.8,10.943333333333333,-0.32279249985798203,-0.0018433086845599032
0.8,10.946666666666667,-0.3229328734476282,-0.0018392814703763153
0.8,10.95,-0.3230723493751439,-0.0018352580360635582
0.8,10.953333333333333,-0.3232109287299465,-0.0018312383853328657
0.8,10.956666666666667,-0.3233486126020725,-0.001827222521871339
0.8,10.96,-0.32348540208217236,-0.001823210449341996
0.8,10.963333333333333,-0.3236212982615058,-0.0018192021713838355
0.8,10.966666666666667,-0.32375630223193674,-0.0018151976916118864
0.8,10.97,-0.3238904150859283,-0.0018111970136172784
0.8,10.973333333333333,-0.3240236379165378,-0.0018072001409672942
0.8,10.976666666666667,-0.3241559718174124,-0.0018032070772054216
0.8,10.98,-0.3242874178827833,-0.0017992178258514238
0.8,10.983333333333334,-0.32441797720746157,-0.0017952323904013884
0.8,10.986666666666666,-0.32454765088683263,-0.0017912507743277912
0.8,10.99,-0.32467644001685225,-0.0017872729810795435
0.8,10.993333333333334,-0.3248043456940407,-0.0017832990140820638
0.8,10.996666666666666,-0.32493136901547925,-0.0017793288767373305
0.8,11.0,-0.3250575110788062,-0.0017753625724239385
0.8,13.0,-0.30834376536728647,0.00022030496079296358
0.8,13.003333333333334,-0.30802932598602056,0.00022181105320028904
0.8,13.006666666666666,-0.3077147428358508,0.00022331330672466736
0.8,13.01,-0.3074000168499506,0.00022481172619141082
0.8,13.013333333333334,-0.30708514896017214,0.00022630631642543936
0.8,13.016666666666667,-0.3067701400970461,0.0002277970822512683
0.8,13.02,-0.306454991189782,0.00022928402849299123
0.8,13.023333333333333,-0.3061397031662671,0.0002307671599742676
0.8,13.026666666666667,-0.3058242769530681,0.00023224648151830274
0.8,13.03,-0.3055087134754301,0.00023372199794783477
0.8,13.033333333333333,-0.3051930136572765,0.00023519371408512154
0.8,13.036666666666667,-0.30487717842120976,0.0002366616347519208
0.8,13.04,-0.3045612086885111,0.0002381257647694771
0.8,13.043333333333333,-0.30424510537913996,0.00023958610895850915
0.8,13.046666666666667,-0.30392886941173525,0.00024104267213918991
0.8,13.05,-0.30361250170361426,0.00024249545913113458
0.8,13.053333333333333,-0.30329600317077365,0.00024394447475338413
0.8,13.056666666666667,-0.3029793747278884,0.0002453897238243933
0.8,13.06,-0.30266261728831284,0.00024683121116201114
0.8,13.063333333333333,-0.3023457317640808,0.00024826894158346826
0.8,13.066666666666666,-0.30202871906590434,0.0002497029199053643
0.8,13.07,-0.30171158010317556,0.00025113315094364887
0.8,13.073333333333334,-0.3013943157839654,0.00025255963951360924
0.8,13.076666666666666,-0.30107692701502464,0.0002539823904298548
0.8,13.08,-0.30075941470178286,0.00025540140850630484
0.8,13.083333333333334,-0.30044177974834974,0.0002568166985561697
0.8,13.086666666666666,-0.30012402305751457,0.0002582282653919385
0.8,13.09,-0.2998061455307459,0.0002596361138253667
0.8,13.093333333333334,-0.29948814806819274,0.0002610402486674572
0.8,13.096666666666668,-0.29917003156868366,0.00026244067472844907
0.8,13.1,-0.2988517969297276,0.00026383739681780133
0.8,13.103333333333333,-0.2985334450475132,0.00026523041974418183
0.8,13.106666666666667,-0.2982149768169099,0.00026661974831544856
0.8,13.11,-0.2978963931314674,0.0002680053873386374
0.8,13.113333333333333,-0.29757769488341546,0.00026938734161995043
0.8,13.116666666666667,-0.29725888296366526,0.000270765615964737
0.8,13.12,-0.29693995826180847,0.0002721402151774822
0.8,13.123333333333333,-0.2966209216661173,0.0002735111440617947
0.8,13.126666666666667,-0.2963017740635455,0.00027487840742038865
0.8,13.13,-0.29598251633972805,0.00027624201005507223
0.8,13.133333333333333,-0.29566314937898114,0.00027760195676673267
0.8,13.136666666666667,-0.29534367406430223,0.00027895825235532505
0.8,13.14,-0.2950240912773708,0.0002803109016198542
0.8,13.143333333333333,-0.2947044018985482,0.0002816599093583631
0.8,13.146666666666667,-0.29438460680687745,0.0002830052803679212
0.8,13.15,-0.2940647068800838,0.0002843470194446065
0.8,13.153333333333334,-0.2937447029945751,0.00028568513138349484
0.8,13.156666666666666,-0.2934245960254416,0.0002870196209786446
0.8,13.16,-0.2931043868464558,0.00028835049302308627
0.8,13.163333333333334,-0.2927840763300736,0.0002896777523088047
0.8,13.166666666666666,-0.2924636653474338,0.0002910014036267273
0.8,13.17,-0.2921431547683582,0.00029232145176671335
0.8,13.173333333333334,-0.2918225454613522,0.0002936379015175361
0.8,13.176666666666666,-0.2915018382936051,0.0002949507576668713
0.8,13.18,-0.2911810341309892,0.0002962600250012865
0.8,13.183333333333334,-0.2908601338380617,0.0002975657083062232
0.8,13.186666666666667,-0.2905391382780636,0.0002988678123659868
0.8,13.19,-0.29021804831292053,0.0003001663419637317
0.8,13.193333333333333,-0.2898968648032422,0.0003014613018814511
0.8,13.196666666666667,-0.2895755886083241,0.0003027526968999599
0.8,13.2,-0.28925422058614625,0.0003040405317988836
0.8,13.203333333333333,-0.2889327615933738,0.0003053248113566475
0.8,13.206666666666667,-0.2886112124853579,0.0003066055403504594
0.8,13.21,-0.28828957411613526,0.0003078827235562998
0.8,13.213333333333333,-0.2879678473384288,0.00030915636574890744
0.8,13.216666666666667,-0.28764603300364705,0.0003104264717017692
0.8,13.22,-0.28732413196190265,0.00031169304618702825
0.8,13.223333333333333,-0.28700214506198973,0.00031295609397557063
0.8,13.226666666666667,-0.28668007315137145,0.00031421561983707225
0.8,13.23,-0.2863579170761989,0.0003154716285398996
0.8,13.233333333333333,-0.2860356776813115,0.00031672412485109935
0.8,13.236666666666666,-0.2857133558102363,0.00031797311353638785
0.8,13.24,-0.2853909523051895,0.0003192185993601349
0.8,13.243333333333334,-0.28506846800707586,0.00032046058708535397
0.8,13.246666666666666,-0.28474590375548936,0.0003216990814736885
0.8,13.25,-0.28442326038871263,0.0003229340872854025
0.8,13.253333333333334,-0.28410053874371843,0.0003241656092793643
0.8,13.256666666666666,-0.28377773965616926,0.000325393652213036
0.8,13.26,-0.2834548639604172,0.00032661822084246387
0.8,13.263333333333334,-0.2831319124895051,0.000327839319922262
0.8,13.266666666666667,-0.28280888607516613,0.0003290569542056026
0.8,13.27,-0.28248578554782466,0.0003302711284442032
0.8,13.273333333333333,-0.2821626117365955,0.000331481847388317
0.8,13.276666666666667,-0.28183936546928556,0.0003326891157867168
0.8,13.28,-0.28151604757239324,0.0003338929383866855
0.8,13.283333333333333,-0.2811926588711085,0.0003350933199340056
0.8,13.286666666666667,-0.2808692001893142,0.00033629026517294414
0.8,13.29,-0.2805456723495857,0.00033748377884624224
0.8,13.293333333333333,-0.2802220761731906,0.0003386738656951055
0.8,13.296666666666667,-0.2798984124800904,0.00033986053045918866
0.8,13.3,-0.2795746820889398,0.000341043777876586
0.8,13.303333333333333,-0.27925088581708757,0.0003422236126838187
0.8,13.306666666666667,-0.278927024480576,0.000343400039615826
0.8,13.31,-0.2786030988941425,0.0003445730634059492
0.8,13.313333333333333,-0.27827910987121895,0.0003457426887859226
0.8,13.316666666666666,-0.2779550582239323,0.0003469089204858636
0.8,13.32,-0.277630944763105,0.0003480717632342575
0.8,13.323333333333334,-0.2773067702982554,0.0003492312217579488
0.8,13.326666666666666,-0.27698253563759806,0.0003503873007821282
0.8,13.33,-0.2766582415880435,0.00035154000503032404
0.8,13.333333333333334,-0.27633388895519945,0.0003526893392243871
0.8,13.336666666666666,-0.27600947854337105,0.00035383530808448136
0.8,13.34,-0.2756850111555602,0.0003549779163290744
0.8,13.343333333333334,-0.27536048759346754,0.00035611716867492264
0.8,13.346666666666668,-0.2750359086574914,0.0003572530698370627
0.8,13.35,-0.2747112751467291,0.0003583856245287989
0.8,13.353333333333333,-0.2743865878589765,0.0003595148374616948
0.8,13.356666666666667,-0.27406184759072927,0.0003606407133455582
0.8,13.36,-0.2737370551371828,0.00036176325688843226
0.8,13.363333333333333,-0.27341221129223214,0.0003628824727965863
0.8,13.366666666666667,-0.27308731684847337,0.0003639983657745011
0.8,13.37,-0.27276237259720343,0.00036511094052485985
0.8,13.373333333333333,-0.27243737932842005,0.0003662202017485392
0.8,13.376666666666667,-0.27211233783082334,0.0003673261541445948
0.8,13.38,-0.2717872488918151,0.00036842880241025273
0.8,13.383333333333333,-0.27146211329749986,0.0003695281512408979
0.8,13.386666666666667,-0.2711369318326847,0.00037062420533006546
0.8,13.39,-0.2708117052808804,0.00037171696936942654
0.8,13.393333333333333,-0.2704864344243015,0.00037280644804877966
0.8,13.396666666666667,-0.27016112004386605,0.0003738926460560416
0.8,13.4,-0.26983576291919753,0.00037497556807723347
0.8,13.403333333333334,-0.2695103638286239,0.0003760552187964725
0.8,13.406666666666666,-0.26918492354917894,0.00037713160289596043
0.8,13.41,-0.2688594428566016,0.00037820472505597526
0.8,13.413333333333334,-0.2685339225253378,0.0003792745899548574
0.8,13.416666666666666,-0.26820836332854014,0.0003803412022690012
0.8,13.42,-0.2678827660380678,0.0003814045666728462
0.8,13.423333333333334,-0.2675571314244882,0.0003824646878388631
0.8,13.426666666666666,-0.2672314602570768,0.0003835215704375459
0.8,13.43,-0.26690575330381694,0.0003845752191374026
0.8,13.433333333333334,-0.2665800113314017,0.0003856256386049422
0.8,13.436666666666667,-0.26625423510523316,0.0003866728335046665
0.8,13.44,-0.2659284253894237,0.0003877168084990589
0.8,13.443333333333333,-0.2656025829467953,0.0003887575682485766
0.8,13.446666666666667,-0.26527670853888147,0.00038979511741163723
0.8,13.45,-0.26495080292592693,0.0003908294606446104
0.8,13.453333333333333,-0.2646248668668877,0.00039186060260180944
0.8,13.456666666666667,-0.26429890111943244,0.0003928885479354782
0.8,13.46,-0.26397290643994253,0.0003939133012957834
0.8,13.463333333333333,-0.2636468835835126,0.00039493486733080337
0.8,13.466666666666667,-0.26332083330395056,0.00039595325068652074
0.8,13.47,-0.26299475635377895,0.0003969684560068093
0.8,13.473333333333333,-0.26266865348423496,0.0003979804879334257
0.8,13.476666666666667,-0.2623425254452706,0.0003989893511060015
0.8,13.48,-0.2620163729855538,0.0003999950501620304
0.8,13.483333333333333,-0.2616901968524688,0.00040099758973685977
0.8,13.486666666666666,-0.2613639977921161,0.00040199697446368304
0.8,13.49,-0.2610377765493138,0.0004029932089735268
0.8,13.493333333333334,-0.26071153386759743,0.0004039862978952433
0.8,13.496666666666666,-0.26038527048922105,0.0004049762458555001
0.8,13.5,-0.26005898715515674,0.00040596305747877235
0.8,13.503333333333334,-0.2597326846050966,0.0004069467373873307
0.8,13.506666666666666,-0.2594063635774522,0.00040792729020123293
0.8,13.51,-0.2590800248093551,0.0004089047205383166
0.8,13.513333333333334,-0.2587536690366581,0.0004098790330141863
0.8,13.516666666666667,-0.2584272969939351,0.0004108502322422068
0.8,13.52,-0.25810090941448205,0.00041181832283349225
0.8,13.523333333333333,-0.25777450703031696,0.0004127833093968995
0.8,13.526666666666667,-0.2574480905721812,0.00041374519653901545
0.8,13.53,-0.2571216607695396,0.00041470398886414984
0.8,13.533333333333333,-0.2567952183505804,0.0004156596909743273
0.8,13.536666666666667,-0.2564687640422172,0.0004166123074692755
0.8,13.54,-0.25614229857008847,0.0004175618429464173
0.8,13.543333333333333,-0.25581582265855796,0.0004185083020008638
0.8,13.546666666666667,-0.25548933703071625,0.00041945168922540173
0.8,13.55,-0.25516284240838033,0.000420392009210487
0.8,13.553333333333333,-0.2548363395120948,0.00042132926654423446
0.8,13.556666666666667,-0.2545098290611317,0.00042226346581241135
0.8,13.56,-0.2541833117734919,0.0004231946115984253
0.8,13.563333333333333,-0.25385678836590564,0.0004241227084833169
0.8,13.566666666666666,-0.2535302595538318,0.00042504776104575285
0.8,13.57,-0.25320372605146035,0.00042596977386201375
0.8,13.573333333333334,-0.2528771885717116,0.0004268887515059878
0.8,13.576666666666666,-0.2525506478262375,0.00042780469854916095
0.8,13.58,-0.2522241045254212,0.0004287176195606104
0.8,13.583333333333334,-0.25189755937837904,0.00042962751910699293
0.8,13.586666666666666,-0.2515710130929605,0.0004305344017525378
0.8,13.59,-0.2512444663757479,0.00043143827205903987
0.8,13.593333333333334,-0.25091791993205864,0.0004323391345858481
0.8,13.596666666666668,-0.25059137446594454,0.0004332369938898591
0.8,13.6,-0.25026483068019323,0.0004341318545255077
0.8,13.603333333333333,-0.24993828927632777,0.0004350237210447604
0.8,13.606666666666667,-0.24961175095460825,0.0004359125979971045
0.8,13.61,-0.24928521641403215,0.000436798489929541
0.8,13.613333333333333,-0.2489586863523342,0.00043768140138657755
0.8,13.616666666666667,-0.2486321614659881,0.0004385613369102178
0.8,13.62,-0.24830564245020648,0.00043943830103995436
0.8,13.623333333333333,-0.2479791299989413,0.0004403122983127621
0.8,13.626666666666667,-0.24765262480488517,0.0004411833332630873
0.8,13.63,-0.24732612755947136,0.00044205141042284117
0.8,13.633333333333333,-0.2469996389528749,0.0004429165343213913
0.8,13.636666666666667,-0.24667315967401238,0.00044377870948555487
0.8,13.64,-0.2463466904105436,0.00044463794043958857
0.8,13.643333333333333,-0.24602023184887178,0.00044549423170518157
0.8,13.646666666666667,-0.24569378467414352,0.00044634758780144894
0.8,13.65,-0.2453673495702505,0.00044719801324492154
0.8,13.653333333333332,-0.2450409272198298,0.00044804551254953883
0.8,13.656666666666666,-0.24471451830426372,0.000448890090226643
0.8,13.66,-0.24438812350368147,0.00044973175078496803
0.8,13.663333333333334,-0.24406174349695936,0.00045057049873063423
0.8,13.666666666666666,-0.24373537896172162,0.00045140633856713896
0.8,13.67,-0.24340903057434032,0.00045223927479535146
0.8,13.673333333333334,-0.24308269900993704,0.00045306931191350203
0.8,13.676666666666666,-0.2427563849423831,0.00045389645441717595
0.8,13.68,-0.2424300890442996,0.00045472070679930716
0.8,13.683333333333334,-0.24210381198705913,0.00045554207355016815
0.8,13.686666666666667,-0.2417775544407857,0.0004563605591573641
0.8,13.69,-0.24145131707435577,0.00045717616810582456
0.8,13.693333333333333,-0.24112510055539818,0.0004579889048777979
0.8,13.696666666666667,-0.24079890555029593,0.000458798773952841
0.8,13.7,-0.2404727327241861,0.0004596057798078135
0.8,13.703333333333333,-0.24014658274096026,0.00046040992691687144
0.8,13.706666666666667,-0.23982045626326595,0.0004612112197514577
0.8,13.71,-0.23949435395250673,0.00046200966278029613
0.8,13.713333333333333,-0.23916827646884328,0.0004628052604693836
0.8,13.716666666666667,-0.23884222447119313,0.0004635980172819845
0.8,13.72,-0.2385161986172326,0.0004643879376786212
0.8,13.723333333333333,-0.2381901995633969,0.00046517502611706756
0.8,13.726666666666667,-0.23786422796488021,0.00046595928705234403
0.8,13.73,-0.23753828447563732,0.0004667407249367072
0.8,13.733333333333334,-0.23721236974838375,0.0004675193442196448
0.8,13.736666666666666,-0.23688648443459684,0.00046829514934786803
0.8,13.74,-0.23656062918451545,0.000469068144765306
0.8,13.743333333333334,-0.23623480464714192,0.00046983833491309615
0.8,13.746666666666666,-0.23590901147024215,0.0004706057242295791
0.8,13.75,-0.23558325030034571,0.00047137031715029255
0.8,13.753333333333334,-0.23525752178274767,0.00047213211810796227
0.8,13.756666666666666,-0.23493182656150863,0.0004728911315324962
0.8,13.76,-0.23460616527945496,0.0004736473618509793
0.8,13.763333333333334,-0.23428053857818062,0.0004744008134876641
0.8,13.766666666666667,-0.23395494709804684,0.00047515149086396573
0.8,13.77,-0.2336293914781836,0.0004758993983984542
0.8,13.773333333333333,-0.23330387235648917,0.0004766445405068498
0.8,13.776666666666667,-0.23297839036963222,0.0004773869216020138
0.8,13.78,-0.23265294615305168,0.000478126546093943
0.8,13.783333333333333,-0.23232754034095723,0.00047886341838976473
0.8,13.786666666666667,-0.23200217356633074,0.0004795975428937276
0.8,13.79,-0.23167684646092654,0.00048032892400719647
0.8,13.793333333333333,-0.23135155965527177,0.0004810575661286469
0.8,13.796666666666667,-0.23102631377866786,0.0004817834736536567
0.8,13.8,-0.23070110945919067,0.000482506650974901
0.8,13.803333333333333,-0.23037594732369154,0.000483227102482145
0.8,13.806666666666667,-0.23005082799779722,0.00048394483256223946
0.8,13.81,-0.22972575210591173,0.0004846598455991119
0.8,13.813333333333333,-0.22940072027121644,0.00048537214597376164
0.8,13.816666666666666,-0.22907573311567034,0.0004860817380642545
0.8,13.82,-0.22875079126001163,0.00048678862624571467
0.8,13.823333333333334,-0.228425895323758,0.0004874928148903199
0.8,13.826666666666666,-0.2281010459252074,0.00048819430836729454
0.8,13.83,-0.22777624368143823,0.0004888931110429052
0.8,13.833333333333334,-0.22745148920831104,0.0004895892272804524
0.8,13.836666666666666,-0.22712678312046877,0.0004902826614402653
0.8,13.84,-0.22680212603133681,0.0004909734178796973
0.8,13.843333333333334,-0.2264775185531249,0.0004916615009531178
0.8,13.846666666666668,-0.22615296129682702,0.0004923469150119073
0.8,13.85,-0.22582845487222267,0.0004930296644044517
0.8,13.853333333333333,-0.22550399988787656,0.0004937097534761367
0.8,13.856666666666667,-0.2251795969511407,0.0004943871865693407
0.8,13.86,-0.22485524666815435,0.0004950619680234301
0.8,13.863333333333333,-0.2245309496438444,0.0004957341021747539
0.8,13.866666666666667,-0.224206706481927,0.0004964035933566364
0.8,13.870000000000001,-0.22388251778490753,0.0004970704458993728
0.8,13.873333333333333,-0.22355838415408205,0.0004977346641302229
0.8,13.876666666666667,-0.22323430618953674,0.0004983962523734068
0.8,13.88,-0.2229102844901502,0.000499055214950097
0.8,13.883333333333333,-0.22258631965359327,0.0004997115561784144
0.8,13.886666666666667,-0.22226241227632945,0.0005003652803734232
0.8,13.89,-0.2219385629536167,0.0005010163918471237
0.8,13.893333333333333,-0.22161477227952117,0.0005016648949083912
0.8,13.896666666666667,-0.22129104084712087,0.0005023107938621398
0.8,13.9,-0.22096736924816876,0.0005029540930107029
0.8,13.903333333333334,-0.22064375807314227,0.000503594796653625
0.8,13.906666666666666,-0.22032020791131846,0.000504232909087353
0.8,13.91,-0.21999671935077414,0.0005048684346052309
0.8,13.913333333333334,-0.21967329297838775,0.0005055013774974931
0.8,13.916666666666666,-0.21934992937983958,0.0005061317420512591
0.8,13.92,-0.219026629139612,0.0005067595325505299
0.8,13.923333333333334,-0.21870339284099147,0.0005073847532761798
0.8,13.926666666666666,-0.2183802210660686,0.0005080074085059524
0.8,13.93,-0.2180571143957387,0.000508627502514456
0.8,13.933333333333334,-0.21773407340970327,0.0005092450395731565
0.8,13.936666666666667,-0.21741109868647057,0.0005098600239503728
0.8,13.94,-0.21708819080335637,0.0005104724599112718
0.8,13.943333333333333,-0.21676535033648425,0.0005110823517178634
0.8,13.946666666666667,-0.2164425778607875,0.0005116897036289938
0.8,13.95,-0.2161198739500092,0.0005122945199003414
0.8,13.953333333333333,-0.21579723917670288,0.000512896804784412
0.8,13.956666666666667,-0.21547467411223398,0.0005134965625305321
0.8,13.96,-0.21515217932678027,0.0005140937973848452
0.8,13.963333333333333,-0.21482975538933285,0.0005146885135903055
0.8,13.966666666666667,-0.21450740286769637,0.0005152807153866744
0.8,13.97,-0.21418512232849088,0.0005158704070105134
0.8,13.973333333333333,-0.2138629143371521,0.00051645759269518
0.8,13.976666666666667,-0.21354077945793176,0.0005170422766708242
0.8,13.98,-0.2132187182538995,0.0005176244631643802
0.8,13.983333333333334,-0.21289673128694292,0.0005182041563995643
0.8,13.986666666666666,-0.21257481911776882,0.0005187813605968682
0.8,13.99,-0.21225298230590336,0.0005193560799735559
0.8,13.993333333333334,-0.21193122140969398,0.0005199283187436568
0.8,13.996666666666666,-0.21160953698630952,0.0005204980811179615
0.8,14.0,-0.2112879295917408,0.0005210653713040184
0.7,1.0,0.5782989921934042,-0.10285714285714288
0.7,1.0033333333333334,0.5718053179202257,-0.10294650504335566
0.7,1.0066666666666666,0.5653066429218307,-0.10303229430694788
0.7,1.01,0.5588031550848881,-0.10311453407407589
0.7,1.0133333333333334,0.5522950417117439,-0.10319324774431095
0.7,1.0166666666666666,0.5457824895141815,-0.10326845868914404
0.7,1.02,0.5392656846072799,-0.10334019025051608
0.7,1.0233333333333334,0.5327448125033801,-0.10340846573937158
0.7,1.0266666666666666,0.5262200581061621,-0.10347330843423488
0.7,1.03,0.5196916057048102,-0.10353474157981225
0.7,1.0333333333333334,0.5131596389682859,-0.10359278838561746
0.7,1.0366666666666666,0.5066243409396968,-0.10364747202462052
0.7,1.04,0.5000858940307658,-0.10369881563191972
0.7,1.0433333333333334,0.49354448001640455,-0.10374684230343634
0.7,1.0466666666666666,0.4870002800293819,-0.10379157509463229
0.7,1.05,0.48045347455508847,-0.10383303701925024
0.7,1.0533333333333332,0.47390424342640425,-0.10387125104807628
0.7,1.0566666666666666,0.467352765818655,-0.10390624010772465
0.7,1.06,0.4607992202446703,-0.10393802707944481
0.7,1.0633333333333332,0.45424378454993175,-0.10396663479795028
0.7,1.0666666666666667,0.44768663590781466,-0.10399208605026923
0.7,1.07,0.441127950814926,-0.10401440357461679
0.7,1.0733333333333333,0.4345679050865306,-0.10403361005928868
0.7,1.0766666666666667,0.4280066738520675,-0.10404972814157622
0.7,1.08,0.42144443155076067,-0.10406278040670228
0.7,1.0833333333333333,0.41488135192731507,-0.10407278938677836
0.7,1.0866666666666667,0.4083176080277003,-0.10407977755978236
0.7,1.09,0.40175337219505014,-0.10408376734855163
0.7,1.0933333333333333,0.3951888160656814,-0.10408478111978771
0.7,1.0966666666666667,0.38862411056506396,-0.10408284118311131
0.7,1.1,0.382059425903999,-0.10407796979011145
0.7,1.1033333333333333,0.3754949315748459,-0.10407018913342106
0.7,1.1066666666666667,0.36893079634783316,-0.10405952134581214
0.7,1.11,0.362367188267457,-0.10404598849930997
0.7,1.1133333333333333,0.3558042746489616,-0.10402961260432586
0.7,1.1166666666666667,0.3492422220749021,-0.10401041560880843
0.7,1.12,0.34268119639179484,-0.10398841939741332
0.7,1.1233333333333333,0.3361213627068451,-0.10396364579069099
0.7,1.1266666666666667,0.32956288538475614,-0.10393611654429252
0.7,1.13,0.3230059280446224,-0.10390585334819336
0.7,1.1333333333333333,0.31645065355689583,-0.10387287782593452
0.7,1.1366666666666667,0.3098972240404369,-0.10383721153388153
0.7,1.1400000000000001,0.3033458008596388,-0.10379887596050054
0.7,1.1433333333333333,0.29679654462163046,-0.10375789252565158
0.7,1.1466666666666667,0.2902496151735536,-0.10371428257989888
0.7,1.15,0.2837051715999186,-0.10366806740383798
0.7,1.1533333333333333,0.27716337222002907,-0.10361926820743944
0.7,1.1566666666666667,0.2706243745854858,-0.10356790612940911
0.7,1.16,0.26408833547775884,-0.10351400223656458
0.7,1.1633333333333333,0.2575554109058313,-0.10345757752322787
0.7,1.1666666666666667,0.25102575610397626,-0.10339865291062199
0.7,1.17,0.24449952552953105,-0.10333724924629746
0.7,1.1733333333333333,0.2379768728607262,-0.10327338730357745
0.7,1.1766666666666667,0.2314579509946492,-0.10320708778100579
0.7,1.18,0.22494291204524614,-0.10313837130181551
0.7,1.1833333333333333,0.21843190734139328,-0.10306725841341204
0.7,1.1866666666666668,0.2119250874250409,-0.10299376958687076
0.7,1.19,0.20542260204942087,-0.10291792521644884
0.7,1.1933333333333334,0.19892460017732186,-0.10283974561911105
0.7,1.1966666666666668,0.19243122997943457,-0.10275925103406974
0.7,1.2,0.18594263883275844,-0.10267646162233837
0.7,1.2033333333333334,0.17945897331907346,-0.10259139746629878
0.7,1.2066666666666668,0.17298037922347967,-0.10250407856928201
0.7,1.21,0.16650700153299647,-0.10241452485516232
0.7,1.2133333333333334,0.16003898443522396,-0.10232275616796448
0.7,1.2166666666666668,0.15357647131707014,-0.10222879227148401
0.7,1.22,0.14711960476353536,-0.10213265284892041
0.7,1.2233333333333334,0.14066852655655673,-0.1020343575025229
0.7,1.2266666666666666,0.13422337767391646,-0.10193392575324896
0.7,1.23,0.12778429828820237,-0.10183137704043511
0.7,1.2333333333333334,0.121351427765833,-0.10172673072148004
0.7,1.2366666666666668,0.11492490466613468,-0.10162000607153977
0.7,1.24,0.10850486674047798,-0.10151122228323482
0.7,1.2433333333333334,0.10209145093146725,-0.10140039846636918
0.7,1.2466666666666666,0.0956847933722334,-0.10128755364765125
0.7,1.25,0.0892850293857504,-0.10117270677043275
0.7,1.2533333333333334,0.08289229348413821,-0.10105587669447351
0.7,1.2566666666666668,0.07650671936811144,-0.10093708219569685
0.7,1.26,0.07012843992644972,-0.10081634196596356
0.7,1.2633333333333334,0.06375758723551884,-0.10069367461285665
0.7,1.2666666666666666,0.057394292558849216,-0.10056909865947622
0.7,1.27,0.05103868634676023,-0.10044263254424467
0.7,1.2733333333333334,0.044690898236042276,-0.10031429462072192
0.7,1.2766666666666666,0.038351057049685444,-0.10018410315743063
0.7,1.28,0.03201929079665837,-0.1000520763376912
0.7,1.2833333333333332,0.02569572667174086,-0.09991823225946657
0.7,1.2866666666666666,0.01938049105539916,-0.09978258893521645
0.7,1.29,0.013073709513715712,-0.0996451642917612
0.7,1.2933333333333334,0.0067755067983620455,-0.09950597617015486
0.7,1.2966666666666666,0.0004860068466211109,-0.09936504232556746
0.7,1.3,-0.00579466721854657,-0.09922238042717642
0.7,1.3033333333333332,-0.012066393088386291,-0.09907800805806687
0.7,1.3066666666666666,-0.01832904926819391,-0.09893194271514079
0.7,1.31,-0.024582515077109596,-0.09878420180903488
0.7,1.3133333333333335,-0.030826670647872784,-0.09863480266404703
0.7,1.3166666666666667,-0.03706139692653099,-0.0984837625180711
0.7,1.32,-0.043286575672108904,-0.09833109852254017
0.7,1.3233333333333333,-0.049502089456230816,-0.09817682774237795
0.7,1.3266666666666667,-0.05570782166270817,-0.09802096715595816
0.7,1.33,-0.06190365648708002,-0.09786353365507201
0.7,1.3333333333333335,-0.06808947893607357,-0.09770454404489096
0.7,1.3366666666666667,-0.07426517482707057,-0.0975440150439533
0.7,1.34,-0.0804306307875651,-0.09738196328416218
0.7,1.3433333333333333,-0.0865857342545177,-0.09721840531077552
0.7,1.3466666666666667,-0.09273037347369872,-0.09705335758241014
0.7,1.35,-0.09886443749898735,-0.09688683647105296
0.7,1.3533333333333333,-0.10498781619163673,-0.0967188582620791
0.7,1.3566666666666667,-0.11110040021950184,-0.09654943915427634
0.7,1.36,-0.11720208105622684,-0.09637859525987662
0.7,1.3633333333333333,-0.1232927509803998,-0.09620634260459367
0.7,1.3666666666666667,-0.1293723030746713,-0.09603269712766732
0.7,1.37,-0.1354406312248342,-0.09585767468191406
0.7,1.3733333333333333,-0.14149763011887234,-0.09568129103378377
0.7,1.3766666666666667,-0.14754319524597437,-0.09550356186342258
0.7,1.38,-0.15357722289551007,-0.09532450276474196
0.7,1.3833333333333333,-0.159599610155979,-0.09514412924549345
0.7,1.3866666666666667,-0.16561025491392053,-0.09496245672734956
0.7,1.3900000000000001,-0.1716090558527954,-0.09477950054599008
0.7,1.3933333333333333,-0.17759591245183323,-0.09459527595119441
0.7,1.3966666666666667,-0.18357072498485105,-0.09440979810693916
0.7,1.4,-0.1895333945190362,-0.09422308209150138
0.7,1.4033333333333333,-0.19548382291370486,-0.09403514289756706
0.7,1.4066666666666667,-0.20142191281902472,-0.0938459954323451
0.7,1.4100000000000001,-0.2073475676747124,-0.09365565451768616
0.7,1.4133333333333333,-0.21326069170869952,-0.09346413489020688
0.7,1.4166666666666667,-0.21916118993577263,-0.09327145120141891
0.7,1.42,-0.2250489681561809,-0.09307761801786296
0.7,1.4233333333333333,-0.2309239329542219,-0.09288264982124754
0.7,1.4266666666666667,-0.2367859916967828,-0.09268656100858289
0.7,1.4300000000000002,-0.2426350525318563,-0.09248936589232677
0.7,1.4333333333333333,-0.24847102438706298,-0.09229107870055135
0.7,1.4366666666666668,-0.2542938169681208,-0.09209171357709045
0.7,1.44,-0.26010334075728814,-0.09189128458170039
0.7,1.4433333333333334,-0.2658995070117881,-0.09168980569022474
0.7,1.4466666666666668,-0.2716822277622019,-0.09148729079476331
0.7,1.45,-0.27745141581084176,-0.09128375370384478
0.7,1.4533333333333334,-0.2832069847300999,-0.09107920814260337
0.7,1.4566666666666668,-0.2889488488607702,-0.09087366775295921
0.7,1.46,-0.29467692331034995,-0.09066714609380243
0.7,1.4633333333333334,-0.3003911239513189,-0.09045965664118084
0.7,1.4666666666666668,-0.30609136741939164,-0.09025121278849135
0.7,1.47,-0.31177757111175153,-0.09004182784667475
0.7,1.4733333333333334,-0.3174496531852626,-0.08983151504441389
0.7,1.4766666666666666,-0.3231075325546557,-0.08962028752833548
0.7,1.48,-0.3287511288906995,-0.0894081583632149
0.7,1.4833333333333334,-0.3343803626183446,-0.08919514053218454
0.7,1.4866666666666668,-0.33999515491485127,-0.08898124693694502
0.7,1.49,-0.3455954277078944,-0.0887664903979798
0.7,1.4933333333333334,-0.3511811036736517,-0.08855088365477264
0.7,1.4966666666666666,-0.35675210623486675,-0.08833443936602811
0.7,1.5,-0.3623083595589001,-0.08811717010989496
0.7,1.5033333333333334,-0.36784978855575456,-0.08789908838419247
0.7,1.5066666666666668,-0.37337631887608674,-0.08768020660663937
0.7,1.51,-0.3788878769091983,-0.08746053711508563
0.7,1.5133333333333334,-0.3843843897810109,-0.08724009216774675
0.7,1.5166666666666666,-0.38986578535202066,-0.08701888394344084
0.7,1.52,-0.39533199221523985,-0.08679692454182791
0.7,1.5233333333333334,-0.40078293969412093,-0.08657422598365089
0.7,1.5266666666666668,-0.406218557840507,-0.08635080021096751
0.7,1.53,-0.4116387774324599,-0.08612665908741082
0.7,1.5333333333333332,-0.4170435299721548,-0.08590181439843536
0.7,1.5366666666666666,-0.4224327476837483,-0.0856762778515651
0.7,1.54,-0.42780636351122003,-0.08545006107664635
0.7,1.5433333333333334,-0.43316431111620207,-0.08522317562610242
0.7,1.5466666666666669,-0.43850652487579184,-0.08499563297519036
0.7,1.55,-0.443832939880353,-0.08476744452225951
0.7,1.5533333333333332,-0.4491434919313019,-0.08453862158901183
0.7,1.5566666666666666,-0.45443811753888075,-0.08430917542076408
0.7,1.56,-0.4597167539199169,-0.08407911718671172
0.7,1.5633333333333335,-0.4649793389955707,-0.08384845798019444
0.7,1.5666666666666667,-0.47022581138906944,-0.08361720881896341
0.7,1.57,-0.4754561104234307,-0.08338538064545005
0.7,1.5733333333333333,-0.48067017611916946,-0.08315298432703648
0.7,1.5766666666666667,-0.4858679491919986,-0.08292003065632736
0.7,1.58,-0.4910493710505123,-0.08268653035142323
0.7,1.5833333333333335,-0.4962143837938616,-0.0824524940561954
0.7,1.5866666666666667,-0.5013629302094168,-0.08221793234056197
0.7,1.59,-0.5064949537704204,-0.08198285570076545
0.7,1.5933333333333333,-0.5116103986336257,-0.0817472745596515
0.7,1.5966666666666667,-0.5167092096369293,-0.08151119926694894
0.7,1.6,-0.5217913322969894,-0.08127464009955114
0.7,1.6033333333333335,-0.5268567128068351,-0.08103760726179828
0.7,1.6066666666666667,-0.5319052980334668,-0.08080011088576093
0.7,1.6099999999999999,-0.5369370355154451,-0.08056216103152468
0.7,1.6133333333333333,-0.5419518734604721,-0.08032376768747572
0.7,1.6166666666666667,-0.5469497607429598,-0.08008494077058748
0.7,1.62,-0.5519306469015938,-0.0798456901267082
0.7,1.6233333333333335,-0.5568944821368846,-0.07960602553084935
0.7,1.6266666666666667,-0.5618412173087582,-0.07936595668747175
0.7,1.63,-0.5667708039341456,-0.07912549323077175
0.7,1.6333333333333333,-0.5716831941843721,-0.07888464472498187
0.7,1.6366666666666667,-0.5765783408827546,-0.07864342066465733
0.7,1.6400000000000001,-0.5814561975021204,-0.07840183047496817
0.7,1.6433333333333335,-0.5863167181623145,-0.07815988351199196
0.7,1.6466666666666667,-0.5911598576277004,-0.07791758906300746
0.7,1.65,-0.5959855713046576,-0.07767495634678846
0.7,1.6533333333333333,-0.6007938152390689,-0.07743199451389834
0.7,1.6566666666666667,-0.6055845461138053,-0.07718871264698518
0.7,1.6600000000000001,-0.6103577212462039,-0.07694511976107707
0.7,1.6633333333333333,-0.6151132985855405,-0.07670122480387812
0.7,1.6666666666666667,-0.6198512367104984,-0.0764570366560647
0.7,1.67,-0.6245714948266273,-0.07621256413158221
0.7,1.6733333333333333,-0.6292740327638044,-0.07596781597794205
0.7,1.6766666666666667,-0.6339588109736825,-0.07572280087651902
0.7,1.6800000000000002,-0.6386257905271391,-0.07547752744284901
0.7,1.6833333333333333,-0.6432749331117187,-0.07523200422692695
0.7,1.6866666666666668,-0.6479062010290704,-0.07498623971350489
0.7,1.69,-0.6525195571923805,-0.07474024232239058
0.7,1.6933333333333334,-0.657114965123803,-0.07449402040874592
0.7,1.6966666666666668,-0.6616923889518824,-0.07424758226338582
0.7,1.7000000000000002,-0.6662517934089756,-0.07400093611307702
0.7,1.7033333333333334,-0.6707931438286681,-0.0737540901208372
0.7,1.7066666666666666,-0.6753164061431871,-0.07350705238623395
0.7,1.71,-0.6798215468808112,-0.07325983094568399
0.7,1.7133333333333334,-0.6843085331632741,-0.07301243377275238
0.7,1.7166666666666668,-0.6887773327031684,-0.0727648687784516
0.7,1.7200000000000002,-0.6932279138013436,-0.07251714381154083
0.7,1.7233333333333334,-0.6976602453443019,-0.07226926665882492
0.7,1.7266666666666666,-0.7020742968015912,-0.0720212450454535
0.7,1.73,-0.7064700382232026,-0.07177308663521961
0.7,1.7333333333333334,-0.7108474402371203,-0.0715247990308548
0.7,1.7366666666666668,-0.7152064740465323,-0.07127638977433205
0.7,1.7400000000000002,-0.719547111427228,-0.07102786634716392
0.7,1.7433333333333334,-0.7238693247250304,-0.07077923617069981
0.7,1.7466666666666666,-0.7281730868531803,-0.07053050660642396
0.7,1.75,-0.7324583712897186,-0.07028168495625337
0.7,1.7533333333333334,-0.7367251520748677,-0.0700327784628354
0.7,1.7566666666666668,-0.7409734038084157,-0.06978379430984506
0.7,1.76,-0.7452031016470962,-0.06953473962228197
0.7,1.7633333333333334,-0.7494142213019724,-0.06928562146676703
0.7,1.7666666666666666,-0.7536067390358162,-0.06903644685183881
0.7,1.77,-0.7577806316604916,-0.06878722272824943
0.7,1.7733333333333334,-0.7619358765343348,-0.0685379559892603
0.7,1.7766666666666668,-0.7660724515595368,-0.06828865347093724
0.7,1.78,-0.7701903351795241,-0.0680393219524454
0.7,1.7833333333333334,-0.7742895063763419,-0.06778996815634364
0.7,1.7866666666666666,-0.7783699446680343,-0.06754059874887854
0.7,1.79,-0.782431630106029,-0.06729122034027792
0.7,1.7933333333333334,-0.786474543272517,-0.06704183948504404
0.7,1.7966666666666669,-0.7904986652778382,-0.06679246268224612
0.7,1.8,-0.7945039777578633,-0.06654309637581252
0.7,1.8033333333333332,-0.7984904628713794,-0.06629374695482236
0.7,1.8066666666666666,-0.8024581032974735,-0.06604442075379663
0.7,1.81,-0.8064068822329176,-0.06579512405298883
0.7,1.8133333333333335,-0.8103367833895556,-0.06554586307867494
0.7,1.8166666666666669,-0.8142477909916893,-0.06529664400344289
0.7,1.82,-0.8181398897734661,-0.06504747294648151
0.7,1.8233333333333333,-0.8220130649762681,-0.06479835597386877
0.7,1.8266666666666667,-0.8258673023461008,-0.0645492990988594
0.7,1.83,-0.8297025881309833,-0.06430030828217216
0.7,1.8333333333333335,-0.8335189090783401,-0.06405138943227609
0.7,1.8366666666666667,-0.8373162524323934,-0.0638025484056763
0.7,1.84,-0.8410946059316835,-0.06355379100719845
0.7,1.8433333333333333,-0.844853957806475,-0.06330512299027355
0.7,1.8466666666666667,-0.8485942967759617,-0.06305655005722251
0.7,1.85,-0.8523156120457952,-0.06280807785953874
0.7,1.8533333333333335,-0.8560178933054937,-0.06255971199817045
0.7,1.8566666666666667,-0.8597011307258507,-0.06231145802380251
0.7,1.86,-0.8633653149563515,-0.062063321437137324
0.7,1.8633333333333333,-0.8670104371225866,-0.061815307689175265
0.7,1.8666666666666667,-0.8706364888236761,-0.06156742218149405
0.7,1.87,-0.8742434621296916,-0.06131967026652766
0.7,1.8733333333333335,-0.877831349579085,-0.06107205724784426
0.7,1.8766666666666667,-0.8814001441761198,-0.06082458838042352
0.7,1.88,-0.8849498393883061,-0.06057726887093302
0.7,1.8833333333333333,-0.8884804291438392,-0.060330103878003985
0.7,1.8866666666666667,-0.891991907829041,-0.06008309851250626
0.7,1.8900000000000001,-0.8954842702858062,-0.05983625783782233
0.7,1.8933333333333335,-0.898957511809052,-0.05958958687012066
0.7,1.8966666666666667,-0.9024116281441702,-0.05934309057862824
0.7,1.9,-0.9058466154844845,-0.059096773885902155
0.7,1.9033333333333333,-0.9092624704687108,-0.058850641668100556
0.7,1.9066666666666667,-0.9126591901784199,-0.05860469875525264
0.7,1.9100000000000001,-0.9160367721355062,-0.058358949931527834
0.7,1.9133333333333336,-0.9193952142996583,-0.05811339993550411
0.7,1.9166666666666667,-0.9227345150658345,-0.05786805346043551
0.7,1.92,-0.926054673261741,-0.05762291515451871
0.7,1.9233333333333333,-0.9293556881453142,-0.05737798962115876
0.7,1.9266666666666667,-0.932637559402207,-0.057133281419234065
0.7,1.9300000000000002,-0.9359002871432784,-0.05688879506336024
0.7,1.9333333333333333,-0.9391438719020869,-0.056644535024153286
0.7,1.9366666666666668,-0.9423683146323887,-0.05640050572849171
0.7,1.94,-0.9455736167056373,-0.056156711559777896
0.7,1.9433333333333334,-0.9487597799084906,-0.0559131568581984
0.7,1.9466666666666668,-0.951926806440317,-0.05566984592098348
0.7,1.9500000000000002,-0.9550746989107767,-0.055426783002665896
0.7,1.9533333333333334,-0.9582034603375036,-0.05518397231533952
0.7,1.9566666666666668,-0.9613130941433368,-0.05494141802891463
0.7,1.96,-0.9644036041539584,-0.05469912427137432
0.7,1.9633333333333334,-0.9674749945954478,-0.05445709512902939
0.7,1.9666666666666668,-0.9705272700918252,-0.054215334646772445
0.7,1.9700000000000002,-0.973560435662604,-0.05397384682833094
0.7,1.9733333333333334,-0.9765744967203462,-0.05373263563651929
0.7,1.9766666666666666,-0.9795694590682241,-0.05349170499349008
0.7,1.98,-0.9825453288975862,-0.05325105878098431
0.7,1.9833333333333334,-0.9855021127855301,-0.05301070084058072
0.7,1.9866666666666668,-0.988439817692479,-0.05277063497394414
0.7,1.9900000000000002,-0.9913584509597658,-0.052530864943072866
0.7,1.9933333333333334,-0.9942580203072193,-0.05229139447054514
0.7,1.9966666666666666,-0.9971385338307607,-0.05205222723976459
0.7,2.0,-1.0,-0.05181336689520476
0.7,4.0,0.9907869346170085,0.010992765596299435
0.7,4.003333333333333,0.9908811741555185,0.010929151422584183
0.7,4.006666666666667,0.9909675341622629,0.010865698757788766
0.7,4.01,0.9910460364887969,0.010802407591827006
0.7,4.013333333333334,0.9911167029983713,0.01073927791226472
0.7,4.016666666666667,0.9911795555655891,0.010676309704335703
0.7,4.02,0.9912346160760667,0.010613502950957405
0.7,4.023333333333333,0.9912819064260865,0.010550857632746631
0.7,4.026666666666666,0.9913214485222578,0.010488373728035221
0.7,4.03,0.9913532642811853,0.010426051212885543
0.7,4.033333333333333,0.9913773756291322,0.010363890061106103
0.7,4.036666666666667,0.9913938045016857,0.010301890244266828
0.7,4.04,0.9914025728434236,0.010240051731714526
0.7,4.043333333333333,0.9914037026075841,0.01017837449058804
0.7,4.046666666666667,0.9913972157557347,0.010116858485833496
0.7,4.05,0.9913831342574451,0.010055503680219484
0.7,4.053333333333334,0.99136148008996,0.009994310034351986
0.7,4.056666666666667,0.991332275237875,0.00993327750668951
0.7,4.06,0.9912955416928128,0.009872406053557877
0.7,4.0633333333333335,0.991251301453101,0.009811695629165134
0.7,4.066666666666666,0.9911995765234538,0.009751146185616365
0.7,4.07,0.991140388914651,0.009690757672928301
0.7,4.073333333333333,0.991073760643223,0.009630530039044079
0.7,4.076666666666667,0.9909997137311344,0.009570463229847698
0.7,4.08,0.9909182702054705,0.009510557189178637
0.7,4.083333333333333,0.990829452098125,0.009450811858846192
0.7,4.086666666666667,0.9907332814454888,0.009391227178643876
0.7,4.09,0.9906297802881413,0.009331803086363787
0.7,4.093333333333334,0.9905189706705418,0.00927253951781071
0.7,4.096666666666667,0.9904008746407243,0.009213436406816418
0.7,4.1,0.9902755142499923,0.009154493685253656
0.7,4.1033333333333335,0.9901429115526146,0.009095711283050222
0.7,4.1066666666666665,0.9900030886055253,0.00903708912820297
0.7,4.11,0.9898560674680219,0.00897862714679161
0.7,4.113333333333333,0.9897018702014675,0.008920325262992648
0.7,4.116666666666666,0.9895405188689926,0.008862183399093053
0.7,4.12,0.9893720355351998,0.008804201475503995
0.7,4.123333333333333,0.9891964422658691,0.008746379410774528
0.7,4.126666666666667,0.9890137611276641,0.00868871712160504
0.7,4.13,0.9888240141878417,0.008631214522860893
0.7,4.133333333333334,0.9886272235139607,0.008573871527585717
0.7,4.136666666666667,0.9884234111735937,0.00851668804701491
0.7,4.14,0.9882125992340388,0.008459663990588848
0.7,4.1433333333333335,0.9879948097620348,0.008402799265966151
0.7,4.1466666666666665,0.9877700648234751,0.00834609377903692
0.7,4.15,0.9875383864831256,0.00828954743393574
0.7,4.153333333333333,0.987299796804342,0.008233160133054836
0.7,4.156666666666666,0.9870543178487896,0.008176931777056976
0.7,4.16,0.9868019716761638,0.00812086226488841
0.7,4.163333333333333,0.9865427803439283,0.008064951493791961
0.7,4.166666666666667,0.9862767659070771,0.008009199359320136
0.7,4.17,0.9860039504177781,0.007953605755347088
0.7,4.173333333333334,0.9857243559251334,0.007898170574081535
0.7,4.176666666666667,0.9854380044749124,0.007842893706079546
0.7,4.18,0.9851449181092807,0.007787775040256982
0.7,4.183333333333334,0.9848451188665324,0.0077328144639020446
0.7,4.1866666666666665,0.9845386287808228,0.007678011862687745
0.7,4.19,0.9842254698819024,0.0076233671206841856
0.7,4.193333333333333,0.9839056641948538,0.007568880120370981
0.7,4.196666666666666,0.9835792337398271,0.007514550742649416
0.7,4.2,0.98324620053178,0.0074603788668546845
0.7,4.203333333333333,0.982906586580218,0.007406364370768065
0.7,4.206666666666667,0.9825604138889344,0.0073525071306288995
0.7,4.21,0.9822077044557553,0.007298807021146722
0.7,4.213333333333333,0.9818484802722819,0.007245263915513124
0.7,4.216666666666667,0.9814827633236376,0.007191877685413685
0.7,4.22,0.9811105755882147,0.007138648201039874
0.7,4.223333333333334,0.9807319390374226,0.007085575331100715
0.7,4.226666666666667,0.9803468756354383,0.007032658942834639
0.7,4.23,0.9799554073389565,0.006979898902021033
0.7,4.233333333333333,0.9795575560969435,0.006927295072991963
0.7,4.236666666666666,0.9791533438503905,0.006874847318643625
0.7,4.24,0.9787427925320683,0.006822555500447887
0.7,4.243333333333333,0.9783259240662849,0.006770419478463763
0.7,4.246666666666667,0.977902760368643,0.0067184391113487
0.7,4.25,0.9774733233457993,0.006666614256370009
0.7,4.253333333333333,0.9770376348952248,0.006614944769416038
0.7,4.256666666666667,0.9765957169049666,0.006563430505007421
0.7,4.26,0.9761475912534121,0.006512071316308275
0.7,4.263333333333334,0.9756932798090521,0.006460867055137202
0.7,4.266666666666667,0.9752328044302474,0.0064098175719784385
0.7,4.27,0.9747661869649955,0.006358922715992746
0.7,4.273333333333333,0.9742934492506986,0.006308182335028388
0.7,4.276666666666666,0.9738146131139341,0.006257596275632034
0.7,4.28,0.9733297003702241,0.006207164383059499
0.7,4.283333333333333,0.9728387328238088,0.006156886501286603
0.7,4.286666666666667,0.9723417322674183,0.00610676247301978
0.7,4.29,0.9718387204820484,0.006056792139706842
0.7,4.293333333333333,0.9713297192367357,0.006006975341547477
0.7,4.296666666666667,0.9708147502883343,0.005957311917503847
0.7,4.3,0.9702938353812953,0.00590780170531111
0.7,4.303333333333334,0.9697669962474675,0.005858444541488047
0.7,4.306666666666667,0.9692342546058768,0.005809240261347505
0.7,4.31,0.9686956321624709,0.005760188699006236
0.7,4.3133333333333335,0.9681511506099277,0.005711289687395487
0.7,4.316666666666666,0.9676008316274394,0.00566254305827127
0.7,4.32,0.9670446968804983,0.0056139486422244495
0.7,4.323333333333333,0.9664827680206853,0.005565506268690981
0.7,4.326666666666666,0.9659150666854576,0.005517215765961894
0.7,4.33,0.9653416144979394,0.005469076961193359
0.7,4.333333333333333,0.9647624330667139,0.005421089680416701
0.7,4.336666666666667,0.964177543985614,0.005373253748548237
0.7,4.34,0.9635869688335181,0.0053255689893992545
0.7,4.343333333333334,0.9629907291741445,0.005278035225685731
0.7,4.346666666666667,0.9623888465558481,0.0052306522790382115
0.7,4.35,0.9617813425114174,0.005183419970011446
0.7,4.3533333333333335,0.9611682385578739,0.005136338118094102
0.7,4.3566666666666665,0.9605495561962727,0.005089406541718425
0.7,4.36,0.9599253169115021,0.005042625058269726
0.7,4.363333333333333,0.959295542172089,0.004995993484096012
0.7,4.366666666666667,0.9586602534299999,0.004949511634517361
0.7,4.37,0.9580194721204477,0.004903179323835443
0.7,4.373333333333333,0.9573732196616969,0.004856996365342824
0.7,4.376666666666667,0.9567215174548714,0.004810962571332325
0.7,4.38,0.9560643868837634,0.004765077753106341
0.7,4.383333333333334,0.9554018493146421,0.004719341720985991
0.7,4.386666666666667,0.9547339260960663,0.004673754284320398
0.7,4.39,0.9540606385586944,0.0046283152514957435
0.7,4.3933333333333335,0.9533820080150991,0.004583024429944389
0.7,4.3966666666666665,0.9526980557595818,0.0045378816261539565
0.7,4.4,0.952008803067987,0.0044928866456762345
0.7,4.403333333333333,0.9513142711975204,0.00444803929313622
0.7,4.406666666666666,0.9506144813865659,0.004403339372240937
0.7,4.41,0.9499094548545037,0.0043587866857883175
0.7,4.413333333333333,0.9491992128015327,0.004314381035676047
0.7,4.416666666666667,0.9484837764084891,0.004270122222910234
0.7,4.42,0.9477631668366708,0.004226010047614217
0.7,4.423333333333334,0.9470374052276584,0.0041820443090371355
0.7,4.426666666666667,0.9463065127031425,0.00413822480556264
0.7,4.43,0.9455705103647465,0.004094551334717381
0.7,4.433333333333334,0.9448294192938548,0.004051023693179568
0.7,4.4366666666666665,0.9440832605514403,0.004007641676787491
0.7,4.44,0.9433320551778925,0.003964405080547859
0.7,4.443333333333333,0.9425758241928485,0.003921313698644294
0.7,4.446666666666666,0.9418145885950482,0.003878367324445914
0.7,4.45,0.9410483693621557,0.0038355657505155035
0.7,4.453333333333333,0.9402771874505648,0.0037929087686174754
0.7,4.456666666666667,0.9395010637952527,0.0037503961697262604
0.7,4.46,0.9387200193096186,0.0037080277440345675
0.7,4.463333333333333,0.9379340748853178,0.0036658032809614317
0.7,4.466666666666667,0.9371432513921005,0.003623722569160329
0.7,4.47,0.9363475696776523,0.0035817853965272534
0.7,4.473333333333334,0.935547050567432,0.003539991550208633
0.7,4.476666666666667,0.9347417148645153,0.0034983408166093777
0.7,4.48,0.9339315833494347,0.003456832981400699
0.7,4.483333333333333,0.9331166767800253,0.0034154678295280714
0.7,4.486666666666666,0.9322970158912686,0.003374245145218984
0.7,4.49,0.9314726213951371,0.003333164711990758
0.7,4.493333333333333,0.9306435139804433,0.0032922263126583247
0.7,4.496666666666667,0.9298097143126859,0.0032514297293418514
0.7,4.5,0.9289712430338993,0.003210774743474489
0.7,4.503333333333334,0.9281281207625038,0.003170261135809907
0.7,4.506666666666667,0.9272803680931565,0.003129888686429954
0.7,4.51,0.9264280055966033,0.003089657174752124
0.7,4.513333333333334,0.9255710538195322,0.0030495663795370802
0.7,4.516666666666667,0.9247095332844284,0.0030096160788961454
0.7,4.52,0.923843464489428,0.002969806050298651
0.7,4.523333333333333,0.922972867908175,0.0029301360705793404
0.7,4.526666666666666,0.92209776398968,0.002890605915945737
0.7,4.53,0.9212181731581759,0.0028512153619853617
0.7,4.533333333333333,0.9203341158129796,0.0028119641836730673
0.7,4.536666666666667,0.9194456123283512,0.0027728521553781697
0.7,4.54,0.9185526830533558,0.002733879050871703
0.7,4.543333333333333,0.9176553483117255,0.002695044643333477
0.7,4.546666666666667,0.9167536284017231,0.0026563487053592036
0.7,4.55,0.9158475435960064,0.0026177910089675784
0.7,4.553333333333334,0.9149371141414934,0.002579371325607225
0.7,4.556666666666667,0.9140223602592289,0.002541089426163748
0.7,4.5600000000000005,0.9131033021442507,0.002502945080966588
0.7,4.5633333333333335,0.9121799599654599,0.0024649380597960013
0.7,4.566666666666666,0.9112523538654875,0.0024270681318898403
0.7,4.57,0.9103205039605661,0.0023893350659504077
0.7,4.573333333333333,0.9093844303404014,0.0023517386301512636
0.7,4.576666666666666,0.908444153068042,0.0023142785921439063
0.7,4.58,0.9074996921797547,0.002276954719064508
0.7,4.583333333333333,0.9065510676848969,0.002239766777540604
0.7,4.586666666666667,0.9055982995657914,0.0022027145336976552
0.7,4.59,0.9046414077776032,0.0021657977531657118
0.7,4.593333333333334,0.903680412248214,0.002129016201085886
0.7,4.596666666666667,0.9027153328781048,0.0020923696421169774
0.7,4.6,0.9017461895402726,0.002055857840442413
0.7,4.6033333333333335,0.9007730020800576,0.0020194805597760087
0.7,4.6066666666666665,0.8997957903150288,0.0019832375633684787
0.7,4.61,0.898814574034877,0.0019471286140139087
0.7,4.613333333333333,0.8978293730012994,0.0019111534740561638
0.7,4.616666666666667,0.8968402069478807,0.0018753119053951106
0.7,4.62,0.8958470955799803,0.0018396036694929567
0.7,4.623333333333333,0.8948500585746152,0.001804028527380412
0.7,4.626666666666667,0.8938491155803472,0.0017685862396629084
0.7,4.63,0.8928442862171718,0.0017332765665267883
0.7,4.633333333333334,0.8918355900764035,0.0016980992677453597
0.7,4.636666666666667,0.8908230467205679,0.001663054102685061
0.7,4.64,0.88980667568329,0.001628140830311448
0.7,4.6433333333333335,0.8887864964691856,0.0015933592091952426
0.7,4.6466666666666665,0.8877625285537545,0.0015587089975183446
0.7,4.65,0.8867347913832715,0.0015241899530797185
0.7,4.653333333333333,0.8857033043746823,0.0014898018333013834
0.7,4.656666666666666,0.8846680869154964,0.0014555443952342312
0.7,4.66,0.8836291583636839,0.0014214173955639036
0.7,4.663333333333333,0.8825865380475726,0.001387420590616634
0.7,4.666666666666667,0.881540245265743,0.001353553736364966
0.7,4.67,0.8804902992869302,0.001319816588433571
0.7,4.673333333333334,0.8794367193499196,0.0012862089021048952
0.7,4.676666666666667,0.87837952466345,0.0012527304323249075
0.7,4.68,0.8773187344061122,0.0012193809337086876
0.7,4.683333333333334,0.876254367726252,0.0011861601605460672
0.7,4.6866666666666665,0.8751864437418737,0.0011530678668072378
0.7,4.69,0.8741149815405416,0.0011201038061482377
0.7,4.693333333333333,0.8730400001792866,0.0010872677319165391
0.7,4.696666666666666,0.8719615186845094,0.0010545593971564694
0.7,4.7,0.8708795560518878,0.0010219785546146888
0.7,4.703333333333333,0.8697941312462844,0.000989524956745636
0.7,4.706666666666667,0.8687052632016514,0.000957198355716851
0.7,4.71,0.8676129708209437,0.0009249985034144011
0.7,4.713333333333333,0.8665172729760235,0.0008929251514481402
0.7,4.716666666666667,0.8654181885075733,0.0008609780511570271
0.7,4.72,0.8643157362250071,0.0008291569536144061
0.7,4.723333333333334,0.8632099349063801,0.0007974616096331764
0.7,4.726666666666667,0.8621008032983039,0.000765891769771053
0.7,4.73,0.8609883601158571,0.0007344471843356631
0.7,4.733333333333333,0.8598726240425022,0.0007031276033897444
0.7,4.736666666666666,0.8587536137299987,0.0006719327767561885
0.7,4.74,0.8576313477983186,0.0006408624540231332
0.7,4.743333333333333,0.856505844835565,0.0006099163845490266
0.7,4.746666666666667,0.8553771233978867,0.0005790943174675768
0.7,4.75,0.8542452020093982,0.0005483960016927935
0.7,4.753333333333334,0.853110099162097,0.000517821185923868
0.7,4.756666666666667,0.8519718333157842,0.00048736961865015484
0.7,4.76,0.850830422897984,0.0004570410481559968
0.7,4.763333333333334,0.849685886303869,0.00042683522252567055
0.7,4.766666666666667,0.8485382418962387,0.0003967518896489723
0.7,4.77,0.8473875080053594,0.0003667907972248653
0.7,4.773333333333333,0.8462337029289021,0.00033695169276648485
0.7,4.776666666666666,0.8450768449318848,0.0003072343236061096
0.7,4.78,0.8439169522465946,0.00027763843689981665
0.7,4.783333333333333,0.842754043072516,0.0002481637796322273
0.7,4.786666666666667,0.8415881355762563,0.00021881009862109846
0.7,4.79,0.8404192478914743,0.00018957714052201196
0.7,4.793333333333333,0.8392473981188078,0.00016046465183291802
0.7,4.796666666666667,0.838072604325803,0.00013147237889872944
0.7,4.8,0.8368948845468452,0.00010260006791588776
0.7,4.803333333333334,0.8357142567830889,7.384746493682443e-05
0.7,4.806666666666667,0.8345307390023895,4.521431587450978e-05
0.7,4.8100000000000005,0.8333443491392355,1.6700366506852183e-05
0.7,4.8133333333333335,0.8321551050946822,-1.169463751880828e-05
0.7,4.816666666666666,0.8309630247362846,-3.997095068134746e-05
0.7,4.82,0.8297681258980325,-6.812882758145582e-05
0.7,4.823333333333333,0.8285704263802868,-9.61685229372651e-05
0.7,4.826666666666667,0.8273699439497136,-0.0001240902915800767
0.7,4.83,0.826166696339223,-0.00015189438845000357
0.7,4.833333333333333,0.8249607012479054,-0.00017958106859175386
0.7,4.836666666666667,0.8237519763409704,-0.00020715058715036275
0.7,4.84,0.8225405392496862,-0.00023460319936695546
0.7,4.843333333333334,0.8213264075713181,-0.0002619391605746061
0.7,4.846666666666667,0.8201095988690712,-0.0002891587261941174
0.7,4.85,0.818890130672029,-0.0003162621517299321
0.7,4.8533333333333335,0.8176680204750967,-0.00034324969276600125
0.7,4.8566666666666665,0.8164432857389449,-0.00037012160496167673
0.7,4.86,0.8152159438899502,-0.00039687814404770316
0.7,4.863333333333333,0.8139860123201426,-0.0004235195658221268
0.7,4.866666666666667,0.8127535083871466,-0.0004500461261463466
0.7,4.87,0.8115184494141295,-0.00047645808094107526
0.7,4.873333333333333,0.8102808526897458,-0.0005027556861824346
0.7,4.876666666666667,0.8090407354680847,-0.0005289391978980026
0.7,4.88,0.8077981149686178,-0.0005550088721628901
0.7,4.883333333333334,0.8065530083761455,-0.0005809649650959099
0.7,4.886666666666667,0.8053054328407484,-0.0006068077328556681
0.7,4.89,0.8040554054777345,-0.0006325374316367841
0.7,4.8933333333333335,0.8028029433675891,-0.0006581543176660677
0.7,4.8966666666666665,0.8015480635559283,-0.0006836586471987204
0.7,4.9,0.8002907830534468,-0.0007090506765146305
0.7,4.903333333333333,0.7990311188358725,-0.0007343306619145907
0.7,4.906666666666666,0.7977690878439172,-0.0007594988597166427
0.7,4.91,0.7965047069832305,-0.0007845555262523793
0.7,4.913333333333333,0.7952379931243555,-0.0008095009178632697
0.7,4.916666666666667,0.7939689631026793,-0.0008343352908970778
0.7,4.92,0.7926976337183922,-0.000859058901704205
0.7,4.923333333333334,0.79142402173644,-0.000883672006634162
0.7,4.926666666666667,0.7901481438864829,-0.0009081748620319611
0.7,4.93,0.7888700168628506,-0.0009325677242346295
0.7,4.933333333333334,0.7875896573244999,-0.000956850849567684
0.7,4.9366666666666665,0.7863070818949748,-0.0009810244943416254
0.7,4.94,0.7850223071623614,-0.0010050889148485271
0.7,4.943333333333333,0.7837353496792512,-0.0010290443673585457
0.7,4.946666666666667,0.7824462259626974,-0.0010528911081165609
0.7,4.95,0.7811549524942237,-0.0010766293933380992
0.7,4.953333333333333,0.7798615457197773,-0.001100259479206102
0.7,4.956666666666667,0.7785660220496141,-0.0011237816218686312
0.7,4.96,0.7772683978583081,-0.001147196077434893
0.7,4.963333333333333,0.7759686894847132,-0.0011705031019719676
0.7,4.966666666666667,0.7746669132319279,-0.001193702951501503
0.7,4.97,0.7733630853672616,-0.0012167958819964343
0.7,4.973333333333334,0.7720572221221976,-0.0012397821493777854
0.7,4.976666666666667,0.7707493396923619,-0.001262662009511401
0.7,4.98,0.7694394542374869,-0.0012854357182047987
0.7,4.983333333333333,0.7681275818813814,-0.001308103531203946
0.7,4.986666666666666,0.7668137387118964,-0.0013306657041901489
0.7,4.99,0.7654979407808937,-0.0013531224927769022
0.7,4.993333333333333,0.7641802041042175,-0.001375474152506762
0.7,4.996666666666667,0.7628605446616596,-0.001397720938848299
0.7,5.0,0.7615389783969337,-0.001419863107192985
0.7,7.0,-0.038903063361153886,-0.0021843924440198724
0.7,7.003333333333333,-0.03932810082423213,-0.002180630688334702
0.7,7.006666666666667,-0.039751902953197096,-0.002176867927858644
0.7,7.01,-0.04017447060364719,-0.0021731041964701795
0.7,7.013333333333334,-0.04059580463714123,-0.0021693395279031337
0.7,7.016666666666667,-0.04101590592116949,-0.002165573955747066
0.7,7.02,-0.041434775329126726,-0.002161807513447644
0.7,7.023333333333333,-0.04185241374028414,-0.002158040234307027
0.7,7.026666666666666,-0.04226882203976044,-0.0021542721514842484
0.7,7.03,-0.04268400111849549,-0.002150503297995591
0.7,7.033333333333333,-0.04309795187322176,-0.0021467337067149713
0.7,7.036666666666667,-0.043510675206437595,-0.0021429634103743113
0.7,7.04,-0.0439221720263788,-0.002139192441563925
0.7,7.043333333333333,-0.04433244324699181,-0.0021354208327328877
0.7,7.046666666666667,-0.04474148978790597,-0.0021316486161894184
0.7,7.05,-0.045149312574405784,-0.0021278758241012573
0.7,7.053333333333334,-0.04555591253740432,-0.0021241024884960363
0.7,7.056666666666667,-0.0459612906134151,-0.0021203286412616626
0.7,7.06,-0.0463654477445256,-0.0021165543141466866
0.7,7.0633333333333335,-0.0467683848783698,-0.0021127795387606793
0.7,7.066666666666666,-0.04717010296810073,-0.002109004346574611
0.7,7.07,-0.04757060297236419,-0.0021052287689212155
0.7,7.073333333333333,-0.047969885855270955,-0.0021014528369953742
0.7,7.076666666666667,-0.04836795258637062,-0.002097676581854479
0.7,7.08,-0.04876480414062393,-0.0020939000344188117
0.7,7.083333333333333,-0.049160441498376777,-0.0020901232254719126
0.7,7.086666666666667,-0.049554865645333006,-0.002086346185660949
0.7,7.09,-0.049948077572527526,-0.0020825689454970946
0.7,7.093333333333334,-0.05034007827630038,-0.0020787915353558885
0.7,7.096666666666667,-0.05073086875826929,-0.002075013985477614
0.7,7.1,-0.05112045002530397,-0.0020712363259676628
0.7,7.1033333333333335,-0.05150882308949925,-0.002067458586796904
0.7,7.1066666666666665,-0.05189598896814849,-0.002063680797802055
0.7,7.11,-0.05228194868371784,-0.0020599029886860455
0.7,7.113333333333333,-0.052666703263819226,-0.0020561251890183893
0.7,7.116666666666666,-0.05305025374118483,-0.002052347428235544
0.7,7.12,-0.05343260115364059,-0.002048569735641283
0.7,7.123333333333333,-0.053813746544079825,-0.0020447921404070607
0.7,7.126666666666667,-0.05419369096043785,-0.002041014671572371
0.7,7.13,-0.05457243545566524,-0.002037237358045122
0.7,7.133333333333334,-0.05494998108770262,-0.0020334602286019897
0.7,7.136666666666667,-0.05532632891945406,-0.00202968331188879
0.7,7.14,-0.05570148001876195,-0.002025906636420835
0.7,7.1433333333333335,-0.05607543545838087,-0.002022130230583298
0.7,7.1466666666666665,-0.05644819631595163,-0.0020183541226315785
0.7,7.15,-0.056819763673976356,-0.002014578340691655
0.7,7.153333333333333,-0.05719013861979204,-0.0020108029127604565
0.7,7.156666666666666,-0.05755932224554571,-0.0020070278667062135
0.7,7.16,-0.0579273156481687,-0.002003253230268822
0.7,7.163333333333333,-0.05829411992935086,-0.0019994790310602028
0.7,7.166666666666667,-0.05865973619551595,-0.0019957052965646578
0.7,7.17,-0.05902416555779547,-0.001991932054139232
0.7,7.173333333333334,-0.05938740913200428,-0.001988159331014064
0.7,7.176666666666667,-0.05974946803861452,-0.001984387154292752
0.7,7.18,-0.06011034340273125,-0.0019806155509527017
0.7,7.183333333333334,-0.06047003635406695,-0.0019768445478454866
0.7,7.1866666666666665,-0.06082854802691634,-0.0019730741716972046
0.7,7.19,-0.06118587956013197,-0.001969304449108827
0.7,7.193333333333333,-0.061542032097098555,-0.0019655354065565593
0.7,7.196666666666666,-0.06189700678570884,-0.0019617670703921905
0.7,7.2,-0.062250804778338435,-0.0019579994668434456
0.7,7.203333333333333,-0.06260342723182233,-0.0019542326220143456
0.7,7.206666666666667,-0.0629548753074329,-0.0019504665618855545
0.7,7.21,-0.06330515017084819,-0.0019467013123147308
0.7,7.213333333333333,-0.0636542529921311,-0.001942936899036876
0.7,7.216666666666667,-0.06400218494570478,-0.0019391733476646854
0.7,7.22,-0.06434894721032797,-0.0019354106836889041
0.7,7.223333333333334,-0.06469454096907114,-0.0019316489324786674
0.7,7.226666666666667,-0.06503896740929156,-0.0019278881192818574
0.7,7.23,-0.0653822277226097,-0.0019241282692254442
0.7,7.233333333333333,-0.06572432310488434,-0.0019203694073158405
0.7,7.236666666666666,-0.06606525475618898,-0.0019166115584392414
0.7,7.24,-0.06640502388078759,-0.001912854747361975
0.7,7.243333333333333,-0.06674363168711023,-0.0019090989987308497
0.7,7.246666666666667,-0.0670810793877298,-0.0019053443370734941
0.7,7.25,-0.0674173681993373,-0.001901590786798709
0.7,7.253333333333333,-0.0677524993427187,-0.0018978383721968035
0.7,7.256666666666667,-0.06808647404273088,-0.001894087117439944
0.7,7.26,-0.0684192935282776,-0.001890337046582498
0.7,7.263333333333334,-0.06875095903228641,-0.0018865881835613708
0.7,7.266666666666667,-0.06908147179168445,-0.001882840552196355
0.7,7.27,-0.06941083304737539,-0.001879094176190465
0.7,7.273333333333333,-0.06973904404421576,-0.0018753490791302806
0.7,7.276666666666666,-0.07006610603099116,-0.0018716052844862908
0.7,7.28,-0.07039202026039358,-0.0018678628156132253
0.7,7.283333333333333,-0.07071678798899732,-0.0018641216957504029
0.7,7.286666666666667,-0.07104041047723647,-0.0018603819480220607
0.7,7.29,-0.07136288898938094,-0.0018566435954377014
0.7,7.293333333333333,-0.07168422479351397,-0.0018529066608924225
0.7,7.296666666666667,-0.07200441916150874,-0.0018491711671672565
0.7,7.3,-0.07232347336900512,-0.0018454371369295104
0.7,7.303333333333334,-0.07264138869538728,-0.0018417045927330935
0.7,7.306666666666667,-0.07295816642376002,-0.0018379735570188617
0.7,7.31,-0.0732738078409266,-0.001834244052114944
0.7,7.3133333333333335,-0.07358831423736562,-0.0018305161002370794
0.7,7.316666666666666,-0.07390168690720797,-0.001826789723488954
0.7,7.32,-0.07421392714821484,-0.001823064943862526
0.7,7.323333333333333,-0.07452503626175429,-0.0018193417832383658
0.7,7.326666666666666,-0.07483501555277934,-0.0018156202633859814
0.7,7.33,-0.07514386632980513,-0.0018119004059641516
0.7,7.333333333333333,-0.07545158990488622,-0.0018081822325212598
0.7,7.336666666666667,-0.07575818759359473,-0.0018044657644956164
0.7,7.34,-0.07606366071499741,-0.0018007510232157966
0.7,7.343333333333334,-0.07636801059163384,-0.001797038029900961
0.7,7.346666666666667,-0.07667123854949365,-0.0017933268056611908
0.7,7.35,-0.07697334591799485,-0.0017896173714978098
0.7,7.3533333333333335,-0.07727433402996142,-0.0017859097483037126
0.7,7.3566666666666665,-0.07757420422160102,-0.0017822039568636955
0.7,7.36,-0.07787295783248348,-0.0017785000178547738
0.7,7.363333333333333,-0.07817059620551825,-0.001774797951846516
0.7,7.366666666666667,-0.07846712068693304,-0.0017710977793013597
0.7,7.37,-0.07876253262625135,-0.0017673995205749436
0.7,7.373333333333333,-0.0790568333762712,-0.0017637031959164245
0.7,7.376666666666667,-0.07935002429304316,-0.001760008825468802
0.7,7.38,-0.07964210673584836,-0.0017563164292692445
0.7,7.383333333333334,-0.07993308206717843,-0.001752626027249405
0.7,7.386666666666667,-0.08022295165271606,-0.0017489376392357569
0.7,7.39,-0.08051171686130774,-0.0017452512849498946
0.7,7.3933333333333335,-0.08079937906494467,-0.0017415669840088613
0.7,7.3966666666666665,-0.08108593963874146,-0.001737884755925472
0.7,7.4,-0.08137139996091537,-0.0017342046201086249
0.7,7.403333333333333,-0.08165576141276436,-0.001730526595863628
0.7,7.406666666666666,-0.08193902537864638,-0.001726850702392509
0.7,7.41,-0.082221193245958,-0.0017231769587943363
0.7,7.413333333333333,-0.08250226640511309,-0.0017195053840655368
0.7,7.416666666666667,-0.0827822462495222,-0.0017158359971002062
0.7,7.42,-0.08306113417557105,-0.0017121688166904312
0.7,7.423333333333334,-0.08333893158260011,-0.0017085038615265965
0.7,7.426666666666667,-0.0836156398728832,-0.0017048411501977064
0.7,7.43,-0.08389126045160708,-0.001701180701191692
0.7,7.433333333333334,-0.08416579472685057,-0.0016975225328957264
0.7,7.4366666666666665,-0.08443924410956347,-0.0016938666635965397
0.7,7.44,-0.08471161001354655,-0.0016902131114807243
0.7,7.443333333333333,-0.08498289385543031,-0.0016865618946350538
0.7,7.446666666666666,-0.08525309705465496,-0.0016829130310467863
0.7,7.45,-0.08552222103344963,-0.0016792665386039772
0.7,7.453333333333333,-0.08579026721681185,-0.0016756224350957917
0.7,7.456666666666667,-0.0860572370324876,-0.0016719807382128064
0.7,7.46,-0.08632313191095041,-0.0016683414655473254
0.7,7.463333333333333,-0.08658795328538164,-0.0016647046345936811
0.7,7.466666666666667,-0.08685170259165004,-0.0016610702627485436
0.7,7.47,-0.08711438126829132,-0.0016574383673112303
0.7,7.473333333333334,-0.08737599075648868,-0.0016538089654840047
0.7,7.476666666666667,-0.08763653250005204,-0.0016501820743723896
0.7,7.48,-0.08789600794539877,-0.0016465577109854633
0.7,7.483333333333333,-0.08815441854153308,-0.001642935892236172
0.7,7.486666666666666,-0.08841176574002667,-0.0016393166349416256
0.7,7.49,-0.0886680509949987,-0.0016356999558234042
0.7,7.493333333333333,-0.08892327576309586,-0.0016320858715078628
0.7,7.496666666666667,-0.089177441503473,-0.0016284743985264258
0.7,7.5,-0.08943054967777306,-0.0016248655533158962
0.7,7.503333333333334,-0.08968260175010792,-0.0016212593522187482
0.7,7.506666666666667,-0.08993359918703839,-0.001617655811483434
0.7,7.51,-0.09018354345755505,-0.0016140549472646777
0.7,7.513333333333334,-0.09043243603305873,-0.001610456775623775
0.7,7.516666666666667,-0.09068027838734084,-0.0016068613125288954
0.7,7.52,-0.09092707199656447,-0.0016032685738553733
0.7,7.523333333333333,-0.09117281833924484,-0.001599678575386008
0.7,7.526666666666666,-0.09141751889622993,-0.0015960913328113622
0.7,7.53,-0.09166117515068176,-0.0015925068617300517
0.7,7.533333333333333,-0.0919037885880567,-0.0015889251776490469
0.7,7.536666666666667,-0.09214536069608688,-0.001585346295983961
0.7,7.54,-0.09238589296476074,-0.00158177023205935
0.7,7.543333333333333,-0.09262538688630446,-0.0015781970011090004
0.7,7.546666666666667,-0.0928638439551628,-0.001574626618276224
0.7,7.55,-0.09310126566798012,-0.0015710590986141527
0.7,7.553333333333334,-0.09333765352358196,-0.001567494457086024
0.7,7.556666666666667,-0.09357300902295576,-0.001563932708565478
0.7,7.5600000000000005,-0.09380733366923269,-0.0015603738678368416
0.7,7.5633333333333335,-0.09404062896766972,-0.0015568179495954273
0.7,7.566666666666666,-0.09427289642563347,-0.001553264968447822
0.7,7.57,-0.09450413755257574,-0.0015497149389121642
0.7,7.573333333333333,-0.09473435386001762,-0.0015461678754184398
0.7,7.576666666666666,-0.09496354686153158,-0.0015426237923087665
0.7,7.58,-0.09519171807272288,-0.0015390827038376808
0.7,7.583333333333333,-0.09541886901121108,-0.001535544624172429
0.7,7.586666666666667,-0.09564500119661226,-0.0015320095673932448
0.7,7.59,-0.09587011615052027,-0.001528477547493642
0.7,7.593333333333334,-0.09609421539648906,-0.0015249485783806924
0.7,7.596666666666667,-0.09631730046001413,-0.0015214226738753153
0.7,7.6,-0.09653937286851484,-0.0015178998477125554
0.7,7.6033333333333335,-0.09676043415131637,-0.0015143801135418676
0.7,7.6066666666666665,-0.09698048583963148,-0.0015108634849274021
0.7,7.61,-0.09719952946654314,-0.0015073499753482794
0.7,7.613333333333333,-0.09741756656698614,-0.0015038395981988779
0.7,7.616666666666667,-0.09763459867772986,-0.0015003323667891072
0.7,7.62,-0.09785062733736007,-0.001496828294344695
0.7,7.623333333333333,-0.09806565408626164,-0.0014933273940074601
0.7,7.626666666666667,-0.09827968046660082,-0.001489829678835593
0.7,7.63,-0.09849270802230745,-0.0014863351618039364
0.7,7.633333333333334,-0.09870473829905783,-0.001482843855804257
0.7,7.636666666666667,-0.09891577284425697,-0.0014793557736455288
0.7,7.64,-0.09912581320702137,-0.001475870928054203
0.7,7.6433333333333335,-0.09933486093816167,-0.0014723893316744856
0.7,7.6466666666666665,-0.09954291759016513,-0.0014689109970686164
0.7,7.65,-0.09974998471717876,-0.0014654359367171359
0.7,7.653333333333333,-0.09995606387499176,-0.001461964163019167
0.7,7.656666666666666,-0.10016115662101864,-0.0014584956882926806
0.7,7.66,-0.10036526451428213,-0.0014550305247747729
0.7,7.663333333333333,-0.10056838911539584,-0.0014515686846219376
0.7,7.666666666666667,-0.10077053198654778,-0.0014481101799103334
0.7,7.67,-0.1009716946914829,-0.0014446550226360605
0.7,7.673333333333334,-0.10117187879548671,-0.0014412032247154236
0.7,7.676666666666667,-0.10137108586536796,-0.0014377547979852099
0.7,7.68,-0.10156931746944228,-0.0014343097542029505
0.7,7.683333333333334,-0.10176657517751533,-0.0014308681050471922
0.7,7.6866666666666665,-0.10196286056086586,-0.001427429862117768
0.7,7.69,-0.10215817519222956,-0.0014239950369360581
0.7,7.693333333333333,-0.10235252064578197,-0.0014205636409452638
0.7,7.696666666666666,-0.10254589849712242,-0.0014171356855106666
0.7,7.7,-0.10273831032325732,-0.0014137111819198978
0.7,7.703333333333333,-0.10292975770258365,-0.0014102901413832046
0.7,7.706666666666667,-0.10312024221487284,-0.0014068725750337092
0.7,7.71,-0.10330976544125414,-0.0014034584939276791
0.7,7.713333333333333,-0.10349832896419862,-0.0014000479090447843
0.7,7.716666666666667,-0.10368593436750287,-0.0013966408312883621
0.7,7.72,-0.10387258323627258,-0.0013932372714856828
0.7,7.723333333333334,-0.10405827715690685,-0.0013898372403882034
0.7,7.726666666666667,-0.1042430177170816,-0.001386440748671836
0.7,7.73,-0.10442680650573406,-0.0013830478069372016
0.7,7.733333333333333,-0.1046096451130463,-0.0013796584257098963
0.7,7.736666666666666,-0.10479153513042967,-0.0013762726154407435
0.7,7.74,-0.10497247815050896,-0.0013728903865060562
0.7,7.743333333333333,-0.10515247576710957,-0.0013695117492079066
0.7,7.746666666666667,-0.10533152957523781,-0.0013661367137743647
0.7,7.75,-0.10550964117106511,-0.0013627652903597637
0.7,7.753333333333334,-0.10568681215191372,-0.0013593974890449513
0.7,7.756666666666667,-0.10586304411624073,-0.001356033319837553
0.7,7.76,-0.10603833866362289,-0.0013526727926722198
0.7,7.763333333333334,-0.1062126973947408,-0.0013493159174108866
0.7,7.766666666666667,-0.1063861219113635,-0.001345962703843028
0.7,7.77,-0.10655861381633325,-0.0013426131616859059
0.7,7.773333333333333,-0.10673017471354998,-0.001339267300584826
0.7,7.776666666666666,-0.1069008062079559,-0.0013359251301133918
0.7,7.78,-0.10707050990552062,-0.00133258665977375
0.7,7.783333333333333,-0.10723928741322543,-0.0013292518989968488
0.7,7.786666666666667,-0.10740714033904866,-0.0013259208571426819
0.7,7.79,-0.10757407029195012,-0.0013225935435005436
0.7,7.793333333333333,-0.10774007888185637,-0.0013192699672892742
0.7,7.796666666666667,-0.10790516771964559,-0.0013159501376575093
0.7,7.8,-0.10806933841713254,-0.0013126340636839325
0.7,7.803333333333334,-0.10823259258705391,-0.0013093217543775153
0.7,7.806666666666667,-0.10839493184305306,-0.001306013218677772
0.7,7.8100000000000005,-0.10855635779966573,-0.0013027084654549984
0.7,7.8133333333333335,-0.10871687207230475,-0.0012994075035105258
0.7,7.816666666666666,-0.10887647627724575,-0.001296110341576959
0.7,7.82,-0.10903517203161232,-0.0012928169883184243
0.7,7.823333333333333,-0.10919296095336137,-0.0012895274523308162
0.7,7.826666666666667,-0.10934984466126867,-0.001286241742142035
0.7,7.83,-0.10950582477491419,-0.0012829598662122362
0.7,7.833333333333333,-0.10966090291466789,-0.001279681832934068
0.7,7.836666666666667,-0.10981508070167507,-0.0012764076506329143
0.7,7.84,-0.10996835975784199,-0.0012731373275671398
0.7,7.843333333333334,-0.11012074170582183,-0.0012698708719283247
0.7,7.846666666666667,-0.11027222816900001,-0.0012666082918415106
0.7,7.85,-0.11042282077148034,-0.0012633495953654358
0.7,7.8533333333333335,-0.1105725211380707,-0.0012600947904927752
0.7,7.8566666666666665,-0.11072133089426875,-0.0012568438851503826
0.7,7.86,-0.11086925166624816,-0.0012535968871995222
0.7,7.863333333333333,-0.1110162850808442,-0.0012503538044361128
0.7,7.866666666666667,-0.11116243276554019,-0.0012471146445909578
0.7,7.87,-0.11130769634845315,-0.0012438794153299879
0.7,7.873333333333333,-0.11145207745832016,-0.0012406481242544913
0.7,7.876666666666667,-0.11159557772448443,-0.0012374207789013511
0.7,7.88,-0.11173819877688138,-0.0012341973867432822
0.7,7.883333333333334,-0.11187994224602517,-0.0012309779551890599
0.7,7.886666666666667,-0.11202080976299462,-0.0012277624915837592
0.7,7.89,-0.1121608029594199,-0.0012245510032089825
0.7,7.8933333333333335,-0.11229992346746867,-0.0012213434972830938
0.7,7.8966666666666665,-0.11243817291983253,-0.0012181399809614532
0.7,7.9,-0.1125755529497136,-0.0012149404613366426
0.7,7.903333333333333,-0.11271206519081091,-0.0012117449454387016
0.7,7.906666666666666,-0.11284771127730703,-0.0012085534402353534
0.7,7.91,-0.11298249284385473,-0.0012053659526322354
0.7,7.913333333333333,-0.11311641152556341,-0.001202182489473131
0.7,7.916666666666667,-0.11324946895798746,-0.001199003057540197
0.7,7.92,-0.11338166677711321,-0.0011958276635541973
0.7,7.923333333333334,-0.11351300661934269,-0.0011926563141747165
0.7,7.926666666666667,-0.11364349012148188,-0.0011894890160003967
0.7,7.93,-0.11377311892072803,-0.0011863257755691582
0.7,7.933333333333334,-0.11390189465465633,-0.001183166599358428
0.7,7.9366666666666665,-0.11402981896120697,-0.0011800114937853665
0.7,7.94,-0.11415689347867228,-0.0011768604652070878
0.7,7.943333333333333,-0.11428311984568364,-0.0011737135199208885
0.7,7.946666666666667,-0.11440849970119892,-0.0011705706641644664
0.7,7.95,-0.11453303468448929,-0.0011674319041161483
0.7,7.953333333333333,-0.11465672643512681,-0.0011642972458951076
0.7,7.956666666666667,-0.11477957659297151,-0.0011611666955615883
0.7,7.96,-0.11490158679815865,-0.001158040259117129
0.7,7.963333333333333,-0.1150227586910863,-0.001154917942504778
0.7,7.966666666666667,-0.11514309391240261,-0.001151799751609317
0.7,7.97,-0.11526259410299328,-0.0011486856922574816
0.7,7.973333333333334,-0.11538126090396911,-0.0011455757702181768
0.7,7.976666666666667,-0.11549909595665352,-0.0011424699912027001
0.7,7.98,-0.1156161009025702,-0.001139368360864954
0.7,7.983333333333333,-0.11573227738343062,-0.0011362708848016699
0.7,7.986666666666666,-0.11584762704112186,-0.0011331775685526188
0.7,7.99,-0.11596215151769432,-0.0011300884176008307
0.7,7.993333333333333,-0.11607585245534932,-0.0011270034373728126
0.7,7.996666666666667,-0.11618873149642721,-0.001123922633238758
0.7,8.0,-0.11630079028339493,-0.0011208460105127684
0.7,10.0,-0.09147887717868619,0.00023490477002159241
0.7,10.003333333333334,-0.0912771074117453,0.00023531364028871367
0.7,10.006666666666666,-0.09107548070481372,0.00023571979436162792
0.7,10.01,-0.0908739976005606,0.00023612323993259503
0.7,10.013333333333334,-0.09067265863929812,0.00023652398468115485
0.7,10.016666666666667,-0.09047146435898544,0.00023692203627412637
0.7,10.02,-0.09027041529523333,0.0002373174023656063
0.7,10.023333333333333,-0.09006951198130822,0.0002377100905969684
0.7,10.026666666666667,-0.08986875494813709,0.00023810010859686134
0.7,10.03,-0.08966814472431157,0.0002384874639812085
0.7,10.033333333333333,-0.08946768183609209,0.00023887216435320758
0.7,10.036666666666667,-0.0892673668074129,0.0002392542173033284
0.7,10.04,-0.08906720015988621,0.00023963363040931286
0.7,10.043333333333333,-0.08886718241280615,0.0002400104112361751
0.7,10.046666666666667,-0.08866731408315398,0.00024038456733619973
0.7,10.05,-0.08846759568560186,0.00024075610624894222
0.7,10.053333333333333,-0.08826802773251763,0.00024112503550122841
0.7,10.056666666666667,-0.08806861073396867,0.00024149136260715495
0.7,10.06,-0.08786934519772702,0.0002418550950680881
0.7,10.063333333333333,-0.08767023162927333,0.00024221624037266447
0.7,10.066666666666666,-0.08747127053180112,0.0002425748059967915
0.7,10.07,-0.08727246240622163,0.00024293079940364683
0.7,10.073333333333334,-0.08707380775116794,0.00024328422804367904
0.7,10.076666666666666,-0.08687530706299944,0.00024363509935460806
0.7,10.08,-0.08667696083580594,0.00024398342076142616
0.7,10.083333333333334,-0.08647876956141255,0.00024432919967639754
0.7,10.086666666666666,-0.08628073372938393,0.00024467244349905967
0.7,10.09,-0.08608285382702818,0.0002450131596162245
0.7,10.093333333333334,-0.08588513033940204,0.00024535135540197845
0.7,10.096666666666668,-0.08568756374931472,0.000245687038217684
0.7,10.1,-0.08549015453733258,0.00024602021541198036
0.7,10.103333333333333,-0.0852929031817831,0.00024635089432078566
0.7,10.106666666666667,-0.08509581015875987,0.0002466790822672968
0.7,10.11,-0.08489887594212665,0.0002470047865619916
0.7,10.113333333333333,-0.0847021010035215,0.00024732801450263065
0.7,10.116666666666667,-0.08450548581236177,0.000247648773374258
0.7,10.12,-0.08430903083584813,0.00024796707044920315
0.7,10.123333333333333,-0.08411273653896872,0.00024828291298708335
0.7,10.126666666666667,-0.0839166033845041,0.0002485963082348044
0.7,10.13,-0.08372063183303124,0.00024890726342656337
0.7,10.133333333333333,-0.08352482234292813,0.0002492157857838501
0.7,10.136666666666667,-0.08332917537037768,0.00024952188251545004
0.7,10.14,-0.0831336913693728,0.00024982556081744556
0.7,10.143333333333333,-0.08293837079172044,0.0002501268278732185
0.7,10.146666666666667,-0.08274321408704563,0.00025042569085345314
0.7,10.15,-0.0825482217027965,0.00025072215691613784
0.7,10.153333333333334,-0.08235339408424829,0.000251016233206568
0.7,10.156666666666666,-0.0821587316745078,0.0002513079268573483
0.7,10.16,-0.08196423491451747,0.00025159724498839643
0.7,10.163333333333334,-0.08176990424306034,0.00025188419470694454
0.7,10.166666666666666,-0.0815757400967641,0.00025216878310754294
0.7,10.17,-0.08138174291010512,0.00025245101727206323
0.7,10.173333333333334,-0.0811879131154135,0.0002527309042697007
0.7,10.176666666666666,-0.08099425114287703,0.00025300845115697765
0.7,10.18,-0.08080075742054536,0.0002532836649777475
0.7,10.183333333333334,-0.0806074323743349,0.00025355655276319665
0.7,10.186666666666667,-0.08041427642803278,0.00025382712153184896
0.7,10.19,-0.08022129000330139,0.00025409537828956875
0.7,10.193333333333333,-0.08002847351968242,0.0002543613300295648
0.7,10.196666666666667,-0.07983582739460171,0.00025462498373239335
0.7,10.2,-0.07964335204337335,0.00025488634636596213
0.7,10.203333333333333,-0.07945104787920375,0.0002551454248855347
0.7,10.206666666666667,-0.07925891531319652,0.00025540222623373336
0.7,10.21,-0.0790669547543565,0.00025565675734054373
0.7,10.213333333333333,-0.07887516660959426,0.0002559090251233185
0.7,10.216666666666667,-0.07868355128372999,0.00025615903648678224
0.7,10.22,-0.07849210917949855,0.00025640679832303467
0.7,10.223333333333333,-0.0783008406975534,0.00025665231751155525
0.7,10.226666666666667,-0.0781097462364708,0.000256895600919208
0.7,10.23,-0.077918826192756,0.00025713665540024226
0.7,10.233333333333333,-0.07772808096084517,0.0002573754877963025
0.7,10.236666666666666,-0.07753751093310984,0.00025761210493643205
0.7,10.24,-0.07734711649986235,0.000257846513637076
0.7,10.243333333333334,-0.07715689804935968,0.00025807872070208657
0.7,10.246666666666666,-0.07696685596780801,0.0002583087329227275
0.7,10.25,-0.07677699063936667,0.00025853655707767974
0.7,10.253333333333334,-0.07658730244615307,0.00025876219993304543
0.7,10.256666666666666,-0.07639779176824663,0.0002589856682423535
0.7,10.26,-0.07620845898369287,0.00025920696874656484
0.7,10.263333333333334,-0.07601930446850837,0.0002594261081740773
0.7,10.266666666666667,-0.0758303285966846,0.000259643093240731
0.7,10.27,-0.07564153174019247,0.0002598579306498135
0.7,10.273333333333333,-0.07545291426898623,0.00026007062709206593
0.7,10.276666666666667,-0.07526447655100843,0.00026028118924568744
0.7,10.28,-0.07507621895219384,0.00026048962377634127
0.7,10.283333333333333,-0.07488814183647352,0.0002606959373371607
0.7,10.286666666666667,-0.07470024556577975,0.0002609001365687542
0.7,10.29,-0.07451253050004995,0.0002611022280992112
0.7,10.293333333333333,-0.07432499699723077,0.0002613022185441085
0.7,10.296666666666667,-0.0741376454132829,0.00026150011450651556
0.7,10.3,-0.07395047610218505,0.00026169592257700063
0.7,10.303333333333333,-0.07376348941593838,0.00026188964933363684
0.7,10.306666666666667,-0.07357668570457045,0.0002620813013420087
0.7,10.31,-0.07339006531614008,0.0002622708851552174
0.7,10.313333333333333,-0.07320362859674133,0.0002624584073138877
0.7,10.316666666666666,-0.0730173758905075,0.00026264387434617436
0.7,10.32,-0.07283130753961602,0.00026282729276776786
0.7,10.323333333333334,-0.07264542388429235,0.00026300866908190133
0.7,10.326666666666666,-0.0724597252628144,0.00026318800977935704
0.7,10.33,-0.07227421201151646,0.0002633653213384728
0.7,10.333333333333334,-0.07208888446479407,0.00026354061022514883
0.7,10.336666666666666,-0.07190374295510799,0.00026371388289285393
0.7,10.34,-0.07171878781298811,0.00026388514578263314
0.7,10.343333333333334,-0.07153401936703847,0.0002640544053231138
0.7,10.346666666666668,-0.07134943794394094,0.0002642216679305126
0.7,10.35,-0.07116504386845983,0.00026438694000864273
0.7,10.353333333333333,-0.07098083746344568,0.0002645502279489212
0.7,10.356666666666667,-0.07079681904984009,0.000264711538130375
0.7,10.36,-0.07061298894667976,0.0002648708769196491
0.7,10.363333333333333,-0.07042934747110041,0.00026502825067101346
0.7,10.366666666666667,-0.0702458949383416,0.00026518366572637
0.7,10.37,-0.07006263166175068,0.00026533712841526023
0.7,10.373333333333333,-0.06987955795278679,0.0002654886450548728
0.7,10.376666666666667,-0.06969667412102565,0.0002656382219500503
0.7,10.38,-0.06951398047416338,0.00026578586539329765
0.7,10.383333333333333,-0.06933147731802101,0.0002659315816647889
0.7,10.386666666666667,-0.06914916495654828,0.0002660753770323755
0.7,10.39,-0.06896704369182842,0.0002662172577515936
0.7,10.393333333333333,-0.06878511382408216,0.0002663572300656718
0.7,10.396666666666667,-0.06860337565167157,0.00026649530020553947
0.7,10.4,-0.06842182947110499,0.0002666314743898339
0.7,10.403333333333334,-0.06824047557704073,0.0002667657588249088
0.7,10.406666666666666,-0.06805931426229153,0.00026689815970484197
0.7,10.41,-0.06787834581782845,0.00026702868321144363
0.7,10.413333333333334,-0.06769757053278555,0.0002671573355142643
0.7,10.416666666666666,-0.06751698869446385,0.0002672841227706029
0.7,10.42,-0.06733660058833527,0.00026740905112551547
0.7,10.423333333333334,-0.06715640649804738,0.0002675321267118228
0.7,10.426666666666666,-0.06697640670542732,0.00026765335565011924
0.7,10.43,-0.06679660149048565,0.00026777274404878086
0.7,10.433333333333334,-0.06661699113142122,0.00026789029800397405
0.7,10.436666666666667,-0.06643757590462489,0.00026800602359966383
0.7,10.44,-0.06625835608468389,0.00026811992690762253
0.7,10.443333333333333,-0.06607933194438569,0.0002682320139874385
0.7,10.446666666666667,-0.06590050375472269,0.00026834229088652464
0.7,10.45,-0.06572187178489614,0.00026845076364012704
0.7,10.453333333333333,-0.06554343630231999,0.00026855743827133415
0.7,10.456666666666667,-0.06536519757262561,0.000268662320791085
0.7,10.46,-0.06518715585966567,0.00026876541719817864
0.7,10.463333333333333,-0.06500931142551836,0.00026886673347928267
0.7,10.466666666666667,-0.06483166453049123,0.0002689662756089427
0.7,10.47,-0.0646542154331259,0.0002690640495495908
0.7,10.473333333333333,-0.06447696439020192,0.00026916006125155494
0.7,10.476666666666667,-0.06429991165674062,0.00026925431665306826
0.7,10.48,-0.06412305748600983,0.0002693468216802779
0.7,10.483333333333333,-0.06394640212952767,0.00026943758224725445
0.7,10.486666666666666,-0.06376994583706651,0.00026952660425600127
0.7,10.49,-0.06359368885665757,0.00026961389359646373
0.7,10.493333333333334,-0.06341763143459467,0.0002696994561465387
0.7,10.496666666666666,-0.06324177381543858,0.0002697832977720838
0.7,10.5,-0.06306611624202071,0.0002698654243269273
0.7,10.503333333333334,-0.06289065895544921,0.00026994584165287517
0.7,10.506666666666666,-0.06271540219511491,0.0002700245555797176
0.7,10.51,-0.06254034619868862,0.00027010157192524926
0.7,10.513333333333334,-0.06236549120212873,0.00027017689649527364
0.7,10.516666666666667,-0.06219083743968525,0.00027025053508361255
0.7,10.52,-0.062016385143904125,0.0002703224934721158
0.7,10.523333333333333,-0.061842134545630915,0.00027039277743067127
0.7,10.526666666666667,-0.06166808587401551,0.0002704613927172144
0.7,10.53,-0.061494239356515885,0.00027052834507773827
0.7,10.533333333333333,-0.06132059521890196,0.0002705936402463038
0.7,10.536666666666667,-0.0611471536852602,0.00027065728394504927
0.7,10.54,-0.06097391497799748,0.00027071928188420076
0.7,10.543333333333333,-0.060800879317844815,0.0002707796397620821
0.7,10.546666666666667,-0.060628046923862054,0.000270838363265125
0.7,10.55,-0.06045541801344155,0.00027089545806787915
0.7,10.553333333333333,-0.06028299280231243,0.00027095092983302264
0.7,10.556666666666667,-0.060110771504544275,0.00027100478421137215
0.7,10.56,-0.05993875433255176,0.00027105702684189313
0.7,10.563333333333333,-0.05976694149709842,0.00027110766335171024
0.7,10.566666666666666,-0.059595333207300434,0.0002711566993561179
0.7,10.57,-0.059423929670631245,0.00027120414045859033
0.7,10.573333333333334,-0.05925273109292521,0.0002712499922507926
0.7,10.576666666666666,-0.05908173767838187,0.00027129426031259043
0.7,10.58,-0.05891094962956957,0.00027133695021206166
0.7,10.583333333333334,-0.058740367147430105,0.0002713780675055058
0.7,10.586666666666666,-0.05856999043128245,0.0002714176177374557
0.7,10.59,-0.05839981967882651,0.00027145560644068736
0.7,10.593333333333334,-0.05822985508614774,0.00027149203913623133
0.7,10.596666666666668,-0.058060096847720725,0.0002715269213333831
0.7,10.6,-0.05789054515641346,0.00027156025852971387
0.7,10.603333333333333,-0.057721200203490974,0.0002715920562110819
0.7,10.606666666666667,-0.05755206217861984,0.0002716223198516425
0.7,10.61,-0.057383131269872024,0.00027165105491386
0.7,10.613333333333333,-0.057214407663728484,0.0002716782668485178
0.7,10.616666666666667,-0.057045891545083834,0.00027170396109473004
0.7,10.62,-0.05687758309724996,0.0002717281430799521
0.7,10.623333333333333,-0.056709482501959854,0.0002717508182199922
0.7,10.626666666666667,-0.05654158993937205,0.00027177199191902215
0.7,10.63,-0.056373905588074306,0.0002717916695695886
0.7,10.633333333333333,-0.056206429625087755,0.0002718098565526242
0.7,10.636666666666667,-0.05603916222587048,0.00027182655823745905
0.7,10.64,-0.05587210356432209,0.0002718417799818316
0.7,10.643333333333333,-0.05570525381278739,0.0002718555271319003
0.7,10.646666666666667,-0.055538613142060086,0.00027186780502225466
0.7,10.65,-0.055372181721387255,0.00027187861897592686
0.7,10.653333333333332,-0.05520595971847308,0.000271887974304403
0.7,10.656666666666666,-0.0550399472994825,0.00027189587630763466
0.7,10.66,-0.0548741446290457,0.00027190233027405016
0.7,10.663333333333334,-0.054708551870261725,0.0002719073414805664
0.7,10.666666666666666,-0.05454316918470258,0.0002719109151926003
0.7,10.67,-0.054377996732416806,0.00027191305666408015
0.7,10.673333333333334,-0.05421303467193393,0.0002719137711374576
0.7,10.676666666666666,-0.0540482831602682,0.000271913063843719
0.7,10.68,-0.05388374235292213,0.00027191094000239725
0.7,10.683333333333334,-0.053719412403891054,0.00027190740482158364
0.7,10.686666666666667,-0.05355529346566665,0.0002719024634979394
0.7,10.69,-0.053391385689241,0.0002718961212167074
0.7,10.693333333333333,-0.0532276892241102,0.00027188838315172435
0.7,10.696666666666667,-0.05306420421827872,0.0002718792544654324
0.7,10.7,-0.052900930818263116,0.0002718687403088909
0.7,10.703333333333333,-0.05273786916909562,0.00027185684582178865
0.7,10.706666666666667,-0.05257501941432854,0.0002718435761324557
0.7,10.71,-0.052412381696037826,0.0002718289363578751
0.7,10.713333333333333,-0.05224995615482712,0.0002718129316036954
0.7,10.716666666666667,-0.05208774292983126,0.00027179556696424234
0.7,10.72,-0.051925742158720714,0.0002717768475225309
0.7,10.723333333333333,-0.05176395397770515,0.00027175677835027763
0.7,10.726666666666667,-0.05160237852153704,0.00027173536450791273
0.7,10.73,-0.05144101592351609,0.00027171261104459195
0.7,10.733333333333334,-0.051279866315492674,0.0002716885229982093
0.7,10.736666666666666,-0.05111892982787189,0.00027166310539540877
0.7,10.74,-0.05095820658961708,0.0002716363632515968
0.7,10.743333333333334,-0.05079769672825416,0.0002716083015709547
0.7,10.746666666666666,-0.05063740036987519,0.00027157892534645064
0.7,10.75,-0.05047731763914196,0.0002715482395598523
0.7,10.753333333333334,-0.050317448659290345,0.0002715162491817391
0.7,10.756666666666666,-0.05015779355213386,0.00027148295917151465
0.7,10.76,-0.04999835243806719,0.000271448374477419
0.7,10.763333333333334,-0.04983912543607054,0.00027141250003654137
0.7,10.766666666666667,-0.04968011266371312,0.0002713753407748324
0.7,10.77,-0.04952131423715709,0.0002713369016071168
0.7,10.773333333333333,-0.04936273027116278,0.0002712971874371043
0.7,10.776666666666667,-0.04920436087909113,0.000271256203157404
0.7,10.78,-0.04904620617290658,0.00027121395364953756
0.7,10.783333333333333,-0.048888266263181435,0.00027117044378395104
0.7,10.786666666666667,-0.04873054125910021,0.00027112567842002734
0.7,10.79,-0.04857303126846316,0.00027107966240609896
0.7,10.793333333333333,-0.04841573639768978,0.00027103240057946076
0.7,10.796666666666667,-0.048258656751823094,0.0002709838977663825
0.7,10.8,-0.048101792434533115,0.0002709341587821218
0.7,10.803333333333333,-0.04794514354812072,0.00027088318843093684
0.7,10.806666666666667,-0.04778871019352113,0.00027083099150609897
0.7,10.81,-0.04763249247030815,0.0002707775727899058
0.7,10.813333333333333,-0.04747649047669765,0.000270722937053694
0.7,10.816666666666666,-0.0473207043095511,0.00027066708905785196
0.7,10.82,-0.04716513406437976,0.0002706100335518328
0.7,10.823333333333334,-0.04700977983534815,0.0002705517752741674
0.7,10.826666666666666,-0.04685464171527791,0.00027049231895247733
0.7,10.83,-0.04669971979565118,0.0002704316693034875
0.7,10.833333333333334,-0.04654501416661487,0.0002703698310330395
0.7,10.836666666666666,-0.046390524916984095,0.00027030680883610454
0.7,10.84,-0.046236252134245676,0.00027024260739679624
0.7,10.843333333333334,-0.04608219590456231,0.000270177231388384
0.7,10.846666666666668,-0.045928356312775954,0.00027011068547330594
0.7,10.85,-0.045774733442411716,0.00027004297430318204
0.7,10.853333333333333,-0.04562132737568122,0.000269974102518827
0.7,10.856666666666667,-0.04546813819348674,0.0002699040747502639
0.7,10.86,-0.04531516597542471,0.0002698328956167369
0.7,10.863333333333333,-0.04516241079978915,0.0002697605697267244
0.7,10.866666666666667,-0.045009872743575784,0.00026968710167795296
0.7,10.870000000000001,-0.044857551882485434,0.00026961249605740947
0.7,10.873333333333333,-0.044705448290927874,0.00026953675744135526
0.7,10.876666666666667,-0.04455356204202508,0.00026945989039533884
0.7,10.88,-0.044401893207615506,0.0002693818994742095
0.7,10.883333333333333,-0.04425044185825737,0.0002693027892221305
0.7,10.886666666666667,-0.04409920806323214,0.00026922256417259233
0.7,10.89,-0.04394819189054865,0.00026914122884842613
0.7,10.893333333333333,-0.043797393406946494,0.00026905878776181723
0.7,10.896666666666667,-0.04364681267789942,0.0002689752454143181
0.7,10.9,-0.04349644976761943,0.00026889060629686225
0.7,10.903333333333334,-0.04334630473906014,0.00026880487488977725
0.7,10.906666666666666,-0.04319637765392049,0.0002687180556627986
0.7,10.91,-0.043046668572648106,0.0002686301530750825
0.7,10.913333333333334,-0.042897177554443354,0.0002685411715752203
0.7,10.916666666666666,-0.04274790465726271,0.0002684511156012512
0.7,10.92,-0.04259884993782216,0.0002683599895806759
0.7,10.923333333333334,-0.042450013451601244,0.00026826779793047054
0.7,10.926666666666666,-0.042301395252846416,0.00026817454505709997
0.7,10.93,-0.042152995394574407,0.0002680802353565311
0.7,10.933333333333334,-0.042004813928576266,0.00026798487321424687
0.7,10.936666666666667,-0.04185685090542064,0.0002678884630052598
0.7,10.94,-0.04170910637445752,0.0002677910090941255
0.7,10.943333333333333,-0.04156158038382146,0.00026769251583495606
0.7,10.946666666666667,-0.04141427298043564,0.0002675929875714342
0.7,10.95,-0.04126718421001516,0.0002674924286368268
0.7,10.953333333333333,-0.04112031411707044,0.00026739084335399824
0.7,10.956666666666667,-0.04097366274491114,0.00026728823603542446
0.7,10.96,-0.04082723013564943,0.00026718461098320664
0.7,10.963333333333333,-0.04068101633020373,0.00026707997248908485
0.7,10.966666666666667,-0.04053502136830188,0.00026697432483445166
0.7,10.97,-0.04038924528848516,0.00026686767229036623
0.7,10.973333333333333,-0.04024368812811156,0.0002667600191175679
0.7,10.976666666666667,-0.04009834992335913,0.0002666513695664898
0.7,10.98,-0.03995323070922988,0.00026654172787727307
0.7,10.983333333333334,-0.03980833051955305,0.00026643109827978033
0.7,10.986666666666666,-0.03966364938698871,0.0002663194849936099
0.7,10.99,-0.039519187343031004,0.00026620689222810895
0.7,10.993333333333334,-0.03937494441801209,0.0002660933241823881
0.7,10.996666666666666,-0.039230920641105387,0.00026597878504533505
0.7,11.0,-0.039087116040328856,0.00026586327899562817
0.7,13.0,0.01773959146966037,5.193742617544713e-05
0.7,13.003333333333334,0.017734248112987572,5.17774532908296e-05
0.7,13.006666666666666,0.017728855545712775,5.16177784723295e-05
0.7,13.01,0.0177234139236188,5.145840147215049e-05
0.7,13.013333333333334,0.017717923402252412,5.129932204179929e-05
0.7,13.016666666666667,0.01771238413692426,5.114053993208954e-05
0.7,13.02,0.017706796282708888,5.0982054893146006e-05
0.7,13.023333333333333,0.017701159994444673,5.082386667440843e-05
0.7,13.026666666666667,0.01769547542673386,5.066597502463611e-05
0.7,13.03,0.017689742733942533,5.050837969191173e-05
0.7,13.033333333333333,0.017683962070200662,5.035108042364523e-05
0.7,13.036666666666667,0.017678133589401852,5.0194076966578226e-05
0.7,13.04,0.017672257445203482,5.003736906678793e-05
0.7,13.043333333333333,0.017666333791026716,4.988095646969092e-05
0.7,13.046666666666667,0.017660362780056494,4.972483892004768e-05
0.7,13.05,0.017654344565241516,4.956901616196625e-05
0.7,13.053333333333333,0.017648279299294238,4.941348793890643e-05
0.7,13.056666666666667,0.017642167134690846,4.9258253993683414e-05
0.7,13.06,0.01763600822367127,4.9103314068472266e-05
0.7,13.063333333333333,0.017629802718239176,4.894866790481164e-05
0.7,13.066666666666666,0.01762355077016194,4.879431524360747e-05
0.7,13.07,0.017617252530970677,4.864025582513744e-05
0.7,13.073333333333334,0.017610908151960206,4.8486489389054546e-05
0.7,13.076666666666666,0.017604517784189092,4.833301567439118e-05
0.7,13.08,0.017598081578479592,4.817983441956273e-05
0.7,13.083333333333334,0.01759159968541771,4.802694536237194e-05
0.7,13.086666666666666,0.017585072255353176,4.7874348240012574e-05
0.7,13.09,0.01757849943839944,4.7722042789072986e-05
0.7,13.093333333333334,0.0175718813844337,4.757002874554054e-05
0.7,13.096666666666668,0.017565218243096904,4.741830584480507e-05
0.7,13.1,0.017558510163793763,4.726687382166289e-05
0.7,13.103333333333333,0.017551757295692735,4.7115732410320304e-05
0.7,13.106666666666667,0.017544959787726067,4.696488134439791e-05
0.7,13.11,0.01753811778858981,4.681432035693411e-05
0.7,13.113333333333333,0.017531231446743796,4.666404918038872e-05
0.7,13.116666666666667,0.017524300910411697,4.651406754664716e-05
0.7,13.12,0.017517326327581007,4.6364375187024025e-05
0.7,13.123333333333333,0.01751030784600309,4.621497183226659e-05
0.7,13.126666666666667,0.01750324561319317,4.6065857212559e-05
0.7,13.13,0.017496139776430372,4.591703105752571e-05
0.7,13.133333333333333,0.017488990482757743,4.576849309623535e-05
0.7,13.136666666666667,0.017481797878982245,4.562024305720411e-05
0.7,13.14,0.017474562111674825,4.547228066839991e-05
0.7,13.143333333333333,0.01746728332717041,4.532460565724585e-05
0.7,13.146666666666667,0.017459961671567933,4.5177217750623635e-05
0.7,13.15,0.01745259729073037,4.503011667487773e-05
0.7,13.153333333333334,0.017445190330284768,4.4883302155818646e-05
0.7,13.156666666666666,0.017437740935622274,4.47367739187268e-05
0.7,13.16,0.017430249251898153,4.459053168835575e-05
0.7,13.163333333333334,0.01742271542403184,4.444457518893635e-05
0.7,13.166666666666666,0.017415139596706958,4.429890414418008e-05
0.7,13.17,0.017407521914371355,4.4153518277282394e-05
0.7,13.173333333333334,0.01739986252123715,4.400841731092679e-05
0.7,13.176666666666666,0.017392161561280754,4.386360096728815e-05
0.7,13.18,0.017384419178242908,4.371906896803603e-05
0.7,13.183333333333334,0.017376635515628736,4.35748210343387e-05
0.7,13.186666666666667,0.017368810716707775,4.343085688686638e-05
0.7,13.19,0.017360944924514014,4.328717624579487e-05
0.7,13.193333333333333,0.017353038281845926,4.3143778830808795e-05
0.7,13.196666666666667,0.017345090931266537,4.3000664361105566e-05
0.7,13.2,0.017337103015103453,4.285783255539862e-05
0.7,13.203333333333333,0.01732907467544889,4.271528313192068e-05
0.7,13.206666666666667,0.017321006054159753,4.257301580842768e-05
0.7,13.21,0.017312897292857655,4.243103030220192e-05
0.7,13.213333333333333,0.017304748532928987,4.228932633005565e-05
0.7,13.216666666666667,0.017296559915524926,4.214790360833423e-05
0.7,13.22,0.017288331581561543,4.2006761852919974e-05
0.7,13.223333333333333,0.017280063671719803,4.186590077923537e-05
0.7,13.226666666666667,0.017271756326445644,4.17253201022462e-05
0.7,13.23,0.01726340968595002,4.1585019536465465e-05
0.7,13.233333333333333,0.017255023890208963,4.144499879595647e-05
0.7,13.236666666666666,0.017246599078963608,4.130525759433598e-05
0.7,13.24,0.017238135391720293,4.1165795644778066e-05
0.7,13.243333333333334,0.017229632967750586,4.1026612660017116e-05
0.7,13.246666666666666,0.01722109194609135,4.088770835235131e-05
0.7,13.25,0.01721251246554478,4.0749082433645704e-05
0.7,13.253333333333334,0.017203894664678504,4.061073461533592e-05
0.7,13.256666666666666,0.017195238681825615,4.04726646084313e-05
0.7,13.26,0.01718654465508472,4.033487212351789e-05
0.7,13.263333333333334,0.017177812722320038,4.0197356870762266e-05
0.7,13.266666666666667,0.017169043021161432,4.0060118559914415e-05
0.7,13.27,0.017160235689004478,3.9923156900311215e-05
0.7,13.273333333333333,0.017151390863010534,3.978647160087936e-05
0.7,13.276666666666667,0.0171425086801068,3.9650062370139044e-05
0.7,13.28,0.017133589276986404,3.9513928916206955e-05
0.7,13.283333333333333,0.017124632790108417,3.9378070946799306e-05
0.7,13.286666666666667,0.017115639355697987,3.924248816923546e-05
0.7,13.29,0.017106609109746356,3.9107180290440905e-05
0.7,13.293333333333333,0.017097542188010947,3.8972147016950235e-05
0.7,13.296666666666667,0.01708843872601544,3.883738805491076e-05
0.7,13.3,0.017079298859049824,3.870290311008538e-05
0.7,13.303333333333333,0.017070122722170494,3.8568691887855874e-05
0.7,13.306666666666667,0.01706091045020029,3.8434754093225775e-05
0.7,13.31,0.017051662177729313,3.830108943082427e-05
0.7,13.313333333333333,0.017042378039115916,3.816769760490962e-05
0.7,13.316666666666666,0.01703305816848308,3.803457831937024e-05
0.7,13.32,0.017023702699720516,3.7901731277729176e-05
0.7,13.323333333333334,0.017014311766484897,3.7769156183147026e-05
0.7,13.326666666666666,0.017004885502199953,3.7636852738425116e-05
0.7,13.33,0.016995424040056505,3.750482064600833e-05
0.7,13.333333333333334,0.016985927513012596,3.7373059607988585e-05
0.7,13.336666666666666,0.016976396053793547,3.724156932610767e-05
0.7,13.34,0.016966829794892023,3.711034950176007e-05
0.7,13.343333333333334,0.016957228868568142,3.6979399835996424e-05
0.7,13.346666666666668,0.016947593406849554,3.6848720029526294e-05
0.7,13.35,0.016937923541531504,3.671830978272127e-05
0.7,13.353333333333333,0.016928219404176933,3.6588168795617724e-05
0.7,13.356666666666667,0.016918481126116564,3.645829676792022e-05
0.7,13.36,0.016908708838449006,3.6328693399004286e-05
0.7,13.363333333333333,0.016898902672040795,3.6199358387919165e-05
0.7,13.366666666666667,0.016889062757526534,3.607029143339122e-05
0.7,13.37,0.016879189225308976,3.594149223382664e-05
0.7,13.373333333333333,0.016869282205559073,3.581296048731425e-05
0.7,13.376666666666667,0.01685934182821612,3.568469589162876e-05
0.7,13.38,0.016849368222987833,3.555669814423349e-05
0.7,13.383333333333333,0.01683936151935044,3.542896694228339e-05
0.7,13.386666666666667,0.01682932184654877,3.53015019826277e-05
0.7,13.39,0.01681924933359636,3.517430296181319e-05
0.7,13.393333333333333,0.01680914410927557,3.504736957608693e-05
0.7,13.396666666666667,0.016799006302137636,3.492070152139888e-05
0.7,13.4,0.01678883604050282,3.479429849340522e-05
0.7,13.403333333333334,0.016778633452460494,3.46681601874709e-05
0.7,13.406666666666666,0.016768398665869225,3.454228629867266e-05
0.7,13.41,0.01675813180835689,3.441667652180155e-05
0.7,13.413333333333334,0.016747833007320797,3.4291330551366194e-05
0.7,13.416666666666666,0.01673750238992778,3.4166248081595405e-05
0.7,13.42,0.01672714008311427,3.4041428806440776e-05
0.7,13.423333333333334,0.01671674621358647,3.39168724195799e-05
0.7,13.426666666666666,0.016706320907820413,3.3792578614418956e-05
0.7,13.43,0.01669586429206207,3.366854708409526e-05
0.7,13.433333333333334,0.0166853764923275,3.3544777521480484e-05
0.7,13.436666666666667,0.016674857634402917,3.3421269619183104e-05
0.7,13.44,0.01666430784384484,3.329802306955133e-05
0.7,13.443333333333333,0.01665372724598016,3.317503756467554e-05
0.7,13.446666666666667,0.0166431159659063,3.305231279639144e-05
0.7,13.45,0.016632474128491306,3.292984845628258e-05
0.7,13.453333333333333,0.016621801858373954,3.2807644235682867e-05
0.7,13.456666666666667,0.016611099279963893,3.2685699825679675e-05
0.7,13.46,0.01660036651744174,3.2564014917116264e-05
0.7,13.463333333333333,0.016589603694759217,3.244258920059461e-05
0.7,13.466666666666667,0.01657881093563923,3.2321422366477816e-05
0.7,13.47,0.016567988363576036,3.220051410489317e-05
0.7,13.473333333333333,0.016557136101835353,3.20798641057346e-05
0.7,13.476666666666667,0.01654625427345444,3.1959472058665164e-05
0.7,13.48,0.016535343001242278,3.183933765312003e-05
0.7,13.483333333333333,0.016524402407779665,3.171946057830893e-05
0.7,13.486666666666666,0.016513432615419318,3.159984052321863e-05
0.7,13.49,0.01650243374628604,3.148047717661587e-05
0.7,13.493333333333334,0.016491405922276815,3.1361370227049735e-05
0.7,13.496666666666666,0.016480349265060954,3.124251936285438e-05
0.7,13.5,0.016469263896080184,3.112392427215137e-05
0.7,13.503333333333334,0.016458149936548833,3.100558464285261e-05
0.7,13.506666666666666,0.016447007507453915,3.088750016266274e-05
0.7,13.51,0.016435836729555255,3.076967051908152e-05
0.7,13.513333333333334,0.01642463772338566,3.065209539940672e-05
0.7,13.516666666666667,0.016413410609251007,3.053477449073645e-05
0.7,13.52,0.016402155507230398,3.041770747997177e-05
0.7,13.523333333333333,0.016390872537176276,3.0300894053819007e-05
0.7,13.526666666666667,0.016379561818714562,3.0184333898792615e-05
0.7,13.53,0.016368223471244815,3.0068026701217508e-05
0.7,13.533333333333333,0.0163568576139403,2.9951972147231366e-05
0.7,13.536666666666667,0.016345464365748196,2.9836169922787484e-05
0.7,13.54,0.016334043845389695,2.9720619713657073e-05
0.7,13.543333333333333,0.01632259617136012,2.960532120543155e-05
0.7,13.546666666666667,0.016311121461929094,2.949027408352535e-05
0.7,13.55,0.01629961983514067,2.9375478033178155e-05
0.7,13.553333333333333,0.016288091408813456,2.9260932739457436e-05
0.7,13.556666666666667,0.01627653630054075,2.914663788726066e-05
0.7,13.56,0.016264954627690703,2.9032593161318067e-05
0.7,13.563333333333333,0.016253346507406438,2.8918798246194923e-05
0.7,13.566666666666666,0.016241712056606177,2.8805252826293724e-05
0.7,13.57,0.01623005139198342,2.8691956585856974e-05
0.7,13.573333333333334,0.01621836463000706,2.8578909208969333e-05
0.7,13.576666666666666,0.016206651886921514,2.8466110379560108e-05
0.7,13.58,0.01619491327874689,2.8353559781405387e-05
0.7,13.583333333333334,0.01618314892127911,2.8241257098130785e-05
0.7,13.586666666666666,0.016171358930090078,2.81292020132136e-05
0.7,13.59,0.016159543420527778,2.8017394209984974e-05
0.7,13.593333333333334,0.016147702507716463,2.7905833371632612e-05
0.7,13.596666666666668,0.01613583630655678,2.779451918120287e-05
0.7,13.6,0.01612394493172592,2.768345132160317e-05
0.7,13.603333333333333,0.016112028497677743,2.7572629475604108e-05
0.7,13.606666666666667,0.016100087118642956,2.7462053325842103e-05
0.7,13.61,0.01608812090862924,2.7351722554821513e-05
0.7,13.613333333333333,0.01607612998142139,2.724163684491674e-05
0.7,13.616666666666667,0.016064114450581486,2.7131795878374877e-05
0.7,13.62,0.016052074429449018,2.7022199337317797e-05
0.7,13.623333333333333,0.016040010031141038,2.6912846903744226e-05
0.7,13.626666666666667,0.016027921368552314,2.680373825953238e-05
0.7,13.63,0.016015808554355488,2.6694873086441942e-05
0.7,13.633333333333333,0.016003671701001206,2.6586251066116437e-05
0.7,13.636666666666667,0.01599151092071826,2.647787188008523e-05
0.7,13.64,0.01597932632551377,2.6369735209766078e-05
0.7,13.643333333333333,0.015967118027173325,2.626184073646719e-05
0.7,13.646666666666667,0.01595488613726109,2.615418814138924e-05
0.7,13.65,0.015942630767120027,2.6046777105627932e-05
0.7,13.653333333333332,0.015930352027872,2.5939607310175975e-05
0.7,13.656666666666666,0.015918050030417928,2.583267843592514e-05
0.7,13.66,0.015905724885437955,2.5725990163668734e-05
0.7,13.663333333333334,0.015893376703391592,2.5619542174103566e-05
0.7,13.666666666666666,0.015881005594517873,2.551333414783219e-05
0.7,13.67,0.015868611668835495,2.540736576536485e-05
0.7,13.673333333333334,0.015856195036142995,2.5301636707121936e-05
0.7,13.676666666666666,0.015843755806018885,2.5196146653435957e-05
0.7,13.68,0.01583129408782179,2.5090895284553495e-05
0.7,13.683333333333334,0.015818809990690658,2.4985882280637653e-05
0.7,13.686666666666667,0.015806303623544845,2.4881107321769948e-05
0.7,13.69,0.01579377509508433,2.47765700879525e-05
0.7,13.693333333333333,0.015781224513789813,2.467227025910992e-05
0.7,13.696666666666667,0.015768651987922908,2.456820751509172e-05
0.7,13.7,0.01575605762552631,2.4464381535674224e-05
0.7,13.703333333333333,0.015743441534423887,2.4360792000562454e-05
0.7,13.706666666666667,0.015730803822221296,2.425743858939271e-05
0.7,13.71,0.01571814459631456,2.415432098173805e-05
0.7,13.713333333333333,0.015705463963877855,2.4051438857105055e-05
0.7,13.716666666666667,0.01569276203186405,2.3948791894935864e-05
0.7,13.72,0.015680038907008288,2.3846379774611964e-05
0.7,13.723333333333333,0.015667294695828123,2.3744202175456062e-05
0.7,13.726666666666667,0.015654529504623656,2.3642258776733923e-05
0.7,13.73,0.015641743439477773,2.354054925765672e-05
0.7,13.733333333333334,0.015628936606256257,2.343907329738281e-05
0.7,13.736666666666666,0.015616109110607984,2.3337830575019827e-05
0.7,13.74,0.015603261057965074,2.323682076962647e-05
0.7,13.743333333333334,0.015590392553543097,2.3136043560214795e-05
0.7,13.746666666666666,0.015577503702341209,2.3035498625752018e-05
0.7,13.75,0.015564594609142335,2.2935185645162325e-05
0.7,13.753333333333334,0.015551665378513355,2.2835104297329143e-05
0.7,13.756666666666666,0.015538716114805276,2.2735254261096933e-05
0.7,13.76,0.015525746922153374,2.2635635215272976e-05
0.7,13.763333333333334,0.015512757904477415,2.2536246838629603e-05
0.7,13.766666666666667,0.015499749165481797,2.243708880990593e-05
0.7,13.77,0.015486720808655758,2.2338160807809873e-05
0.7,13.773333333333333,0.015473672937273501,2.2239462511019855e-05
0.7,13.776666666666667,0.015460605654394428,2.2140993598187005e-05
0.7,13.78,0.015447519062863293,2.2042753747936926e-05
0.7,13.783333333333333,0.015434413265310358,2.1944742638871397e-05
0.7,13.786666666666667,0.015421288364151613,2.1846959949570592e-05
0.7,13.79,0.015408144461588945,2.1749405358594786e-05
0.7,13.793333333333333,0.015394981659610275,2.1652078544486055e-05
0.7,13.796666666666667,0.015381800059989811,2.1554979185770472e-05
0.7,13.8,0.015368599764288168,2.1458106960959733e-05
0.7,13.803333333333333,0.015355380873852588,2.13614615485531e-05
0.7,13.806666666666667,0.015342143489817085,2.1265042627039065e-05
0.7,13.81,0.01532888771310267,2.1168849874897448e-05
0.7,13.813333333333333,0.015315613644417515,2.1072882970601085e-05
0.7,13.816666666666666,0.01530232138425711,2.0977141592617503e-05
0.7,13.82,0.015289011032904497,2.0881625419411005e-05
0.7,13.823333333333334,0.015275682690430422,2.07863341294443e-05
0.7,13.826666666666666,0.015262336456693535,2.0691267401180373e-05
0.7,13.83,0.015248972431340546,2.0596424913084086e-05
0.7,13.833333333333334,0.015235590713806462,2.0501806343624252e-05
0.7,13.836666666666666,0.015222191403314734,2.040741137127527e-05
0.7,13.84,0.015208774598877442,2.0313239674518717e-05
0.7,13.843333333333334,0.015195340399295511,2.0219290931845435e-05
0.7,13.846666666666668,0.015181888903158889,2.0125564821757065e-05
0.7,13.85,0.01516842020884672,2.0032061022767894e-05
0.7,13.853333333333333,0.015154934414527534,1.9938779213406402e-05
0.7,13.856666666666667,0.01514143161815946,1.984571907221728e-05
0.7,13.86,0.015127911917490406,1.975288027776302e-05
0.7,13.863333333333333,0.015114375410058216,1.9660262508625465e-05
0.7,13.866666666666667,0.015100822193190916,1.9567865443407833e-05
0.7,13.870000000000001,0.015087252364006863,1.9475688760736212e-05
0.7,13.873333333333333,0.015073666019414964,1.9383732139261357e-05
0.7,13.876666666666667,0.015060063256114833,1.9291995257660183e-05
0.7,13.88,0.015046444170597017,1.9200477794637753e-05
0.7,13.883333333333333,0.015032808859143187,1.910917942892879e-05
0.7,13.886666666666667,0.01501915741782629,1.90180998392992e-05
0.7,13.89,0.015005489942510795,1.892723870454804e-05
0.7,13.893333333333333,0.014991806528852871,1.8836595703509027e-05
0.7,13.896666666666667,0.014978107272300542,1.8746170515052022e-05
0.7,13.9,0.01496439226809394,1.8655962818084985e-05
0.7,13.903333333333334,0.014950661611265462,1.8565972291555403e-05
0.7,13.906666666666666,0.014936915396639988,1.8476198614452014e-05
0.7,13.91,0.014923153718835038,1.838664146580625e-05
0.7,13.913333333333334,0.014909376672261018,1.8297300524694124e-05
0.7,13.916666666666666,0.01489558435112139,1.8208175470237708e-05
0.7,13.92,0.014881776849412854,1.8119265981606573e-05
0.7,13.923333333333334,0.014867954260925569,1.8030571738019692e-05
0.7,13.926666666666666,0.01485411667924336,1.7942092418746875e-05
0.7,13.93,0.014840264197743864,1.7853827703110207e-05
0.7,13.933333333333334,0.014826396909598787,1.7765777270485907e-05
0.7,13.936666666666667,0.014812514907774068,1.767794080030571e-05
0.7,13.94,0.014798618285030095,1.759031797205853e-05
0.7,13.943333333333333,0.014784707133921864,1.7502908465291813e-05
0.7,13.946666666666667,0.014770781546799236,1.7415711959613377e-05
0.7,13.95,0.014756841615807113,1.7328728134692817e-05
0.7,13.953333333333333,0.014742887432885597,1.724195667026289e-05
0.7,13.956666666666667,0.014728919089770254,1.715539724612133e-05
0.7,13.96,0.014714936677992282,1.7069049542132195e-05
0.7,13.963333333333333,0.014700940288878708,1.6982913238227453e-05
0.7,13.966666666666667,0.014686930013552582,1.6896988014408334e-05
0.7,13.97,0.014672905942933214,1.6811273550747086e-05
0.7,13.973333333333333,0.014658868167736337,1.6725769527388358e-05
0.7,13.976666666666667,0.014644816778474314,1.6640475624550537e-05
0.7,13.98,0.014630751865456362,1.6555391522527506e-05
0.7,13.983333333333334,0.01461667351878873,1.6470516901689955e-05
0.7,13.986666666666666,0.014602581828374917,1.638585144248693e-05
0.7,13.99,0.014588476883915846,1.6301394825447125e-05
0.7,13.993333333333334,0.014574358774910109,1.621714673118061e-05
0.7,13.996666666666666,0.01456022759065414,1.6133106840380143e-05
0.7,14.0,0.014546083420242408,1.60492748338225e-05
