scale,alpha,t,x_normalised,lambda
harmonic,1.0,1.0,0.0,1.6076424038791752
harmonic,1.0,1.5,0.6620835795830985,1.6076424038791752
harmonic,1.0,1.8333333333333333,0.9260736930635132,1.6076424038791752
harmonic,1.0,2.083333333333333,1.0,1.6076424038791752
harmonic,1.0,2.283333333333333,0.9787589253552311,1.6076424038791752
harmonic,1.0,2.4499999999999997,0.9086082180987138,1.6076424038791752
harmonic,1.0,2.5928571428571425,0.8137000618805423,1.6076424038791752
harmonic,1.0,2.7178571428571425,0.7072958051268157,1.6076424038791752
harmonic,1.0,2.8289682539682537,0.5969214834511734,1.6076424038791752
harmonic,1.0,2.9289682539682538,0.4869219685143998,1.6076424038791752
harmonic,1.0,3.0198773448773446,0.37980607853584114,1.6076424038791752
harmonic,1.0,3.103210678210678,0.27699081304712153,1.6076424038791752
harmonic,1.0,3.180133755133755,0.17922991300279328,1.6076424038791752
harmonic,1.0,3.251562326562327,0.08686876071884617,1.6076424038791752
harmonic,1.0,3.3182289932289937,0.0,1.6076424038791752
pulse,1.0,0.0,0.0,0.6110298154981794
pulse,1.0,0.0025,0.001888920856277217,0.6110298154981794
pulse,1.0,0.005,0.0037778344988882158,0.6110298154981794
pulse,1.0,0.0075,0.0056667337141943245,0.6110298154981794
pulse,1.0,0.01,0.007555611288611973,0.6110298154981794
pulse,1.0,0.0125,0.00944446000864023,0.6110298154981794
pulse,1.0,0.015,0.01133327266088836,0.6110298154981794
pulse,1.0,0.0175,0.013222042032103377,0.6110298154981794
pulse,1.0,0.02,0.015110760909197564,0.6110298154981794
pulse,1.0,0.0225,0.016999422079276048,0.6110298154981794
pulse,1.0,0.025,0.01888801832966434,0.6110298154981794
pulse,1.0,0.0275,0.020776542447935867,0.6110298154981794
pulse,1.0,0.03,0.022664987221939527,0.6110298154981794
pulse,1.0,0.0325,0.02455334543982724,0.6110298154981794
pulse,1.0,0.035,0.02644160989008145,0.6110298154981794
pulse,1.0,0.0375,0.02832977336154271,0.6110298154981794
pulse,1.0,0.04,0.03021782864343723,0.6110298154981794
pulse,1.0,0.0425,0.032105768525404324,0.6110298154981794
pulse,1.0,0.045,0.03399358579752409,0.6110298154981794
pulse,1.0,0.0475,0.03588127325034479,0.6110298154981794
pulse,1.0,0.05,0.03776882367491053,0.6110298154981794
pulse,1.0,0.0525,0.039656229862788654,0.6110298154981794
pulse,1.0,0.055,0.041543484606097365,0.6110298154981794
pulse,1.0,0.0575,0.043430580697533236,0.6110298154981794
pulse,1.0,0.06,0.045317510930398694,0.6110298154981794
pulse,1.0,0.0625,0.0472042680986296,0.6110298154981794
pulse,1.0,0.065,0.049090844996822695,0.6110298154981794
pulse,1.0,0.0675,0.050977234420263196,0.6110298154981794
pulse,1.0,0.07,0.05286342916495228,0.6110298154981794
pulse,1.0,0.0725,0.05474942202763454,0.6110298154981794
pulse,1.0,0.075,0.056635205805825574,0.6110298154981794
pulse,1.0,0.0775,0.058520773297839494,0.6110298154981794
pulse,1.0,0.08,0.06040611730281636,0.6110298154981794
pulse,1.0,0.0825,0.06229123062074966,0.6110298154981794
pulse,1.0,0.085,0.064176106052514,0.6110298154981794
pulse,1.0,0.08750000000000001,0.06606073639989231,0.6110298154981794
pulse,1.0,0.09,0.06794511446560356,0.6110298154981794
pulse,1.0,0.0925,0.06982923305333019,0.6110298154981794
pulse,1.0,0.095,0.07171308496774548,0.6110298154981794
pulse,1.0,0.0975,0.07359666301454121,0.6110298154981794
pulse,1.0,0.1,0.075479960000455,0.6110298154981794
pulse,1.0,0.10250000000000001,0.07736296873329782,0.6110298154981794
pulse,1.0,0.105,0.07924568202198143,0.6110298154981794
pulse,1.0,0.1075,0.08112809267654597,0.6110298154981794
pulse,1.0,0.11,0.08301019350818724,0.6110298154981794
pulse,1.0,0.1125,0.08489197732928425,0.6110298154981794
pulse,1.0,0.115,0.08677343695342665,0.6110298154981794
pulse,1.0,0.11750000000000001,0.08865456519544218,0.6110298154981794
pulse,1.0,0.12,0.09053535487142413,0.6110298154981794
pulse,1.0,0.1225,0.0924157987987587,0.6110298154981794
pulse,1.0,0.125,0.09429588979615255,0.6110298154981794
pulse,1.0,0.1275,0.0961756206836601,0.6110298154981794
pulse,1.0,0.13,0.09805498428271103,0.6110298154981794
pulse,1.0,0.1325,0.09993397341613765,0.6110298154981794
pulse,1.0,0.135,0.10181258090820236,0.6110298154981794
pulse,1.0,0.1375,0.10369079958462502,0.6110298154981794
pulse,1.0,0.14,0.10556862227261034,0.6110298154981794
pulse,1.0,0.14250000000000002,0.10744604180087525,0.6110298154981794
pulse,1.0,0.145,0.10932305099967639,0.6110298154981794
pulse,1.0,0.1475,0.11119964270083739,0.6110298154981794
pulse,1.0,0.15,0.11307580973777627,0.6110298154981794
pulse,1.0,0.1525,0.11495154494553282,0.6110298154981794
pulse,1.0,0.155,0.11682684116079596,0.6110298154981794
pulse,1.0,0.1575,0.11870169122193108,0.6110298154981794
pulse,1.0,0.16,0.12057608796900747,0.6110298154981794
pulse,1.0,0.1625,0.12245002424382541,0.6110298154981794
pulse,1.0,0.165,0.12432349288994396,0.6110298154981794
pulse,1.0,0.1675,0.12619648675270784,0.6110298154981794
pulse,1.0,0.17,0.128068998679275,0.6110298154981794
pulse,1.0,0.17250000000000001,0.1299410215186438,0.6110298154981794
pulse,1.0,0.17500000000000002,0.13181254812168056,0.6110298154981794
pulse,1.0,0.1775,0.13368357134114647,0.6110298154981794
pulse,1.0,0.18,0.1355540840317253,0.6110298154981794
pulse,1.0,0.1825,0.13742407905005044,0.6110298154981794
pulse,1.0,0.185,0.13929354925473214,0.6110298154981794
pulse,1.0,0.1875,0.14116248750638496,0.6110298154981794
pulse,1.0,0.19,0.14303088666765507,0.6110298154981794
pulse,1.0,0.1925,0.14489873960324717,0.6110298154981794
pulse,1.0,0.195,0.14676603917995207,0.6110298154981794
pulse,1.0,0.1975,0.14863277826667382,0.6110298154981794
pulse,1.0,0.2,0.150498949734457,0.6110298154981794
pulse,1.0,0.2025,0.15236454645651376,0.6110298154981794
pulse,1.0,0.20500000000000002,0.15422956130825125,0.6110298154981794
pulse,1.0,0.20750000000000002,0.15609398716729878,0.6110298154981794
pulse,1.0,0.21,0.15795781691353483,0.6110298154981794
pulse,1.0,0.2125,0.15982104342911463,0.6110298154981794
pulse,1.0,0.215,0.16168365959849687,0.6110298154981794
pulse,1.0,0.2175,0.16354565830847134,0.6110298154981794
pulse,1.0,0.22,0.1654070324481857,0.6110298154981794
pulse,1.0,0.2225,0.16726777490917277,0.6110298154981794
pulse,1.0,0.225,0.16912787858537795,0.6110298154981794
pulse,1.0,0.2275,0.17098733637318583,0.6110298154981794
pulse,1.0,0.23,0.17284614117144784,0.6110298154981794
pulse,1.0,0.2325,0.17470428588150894,0.6110298154981794
pulse,1.0,0.23500000000000001,0.17656176340723503,0.6110298154981794
pulse,1.0,0.23750000000000002,0.17841856665504005,0.6110298154981794
pulse,1.0,0.24,0.18027468853391268,0.6110298154981794
pulse,1.0,0.2425,0.182130121955444,0.6110298154981794
pulse,1.0,0.245,0.18398485983385404,0.6110298154981794
pulse,1.0,0.2475,0.18583889508601922,0.6110298154981794
pulse,1.0,0.25,0.18769222063149918,0.6110298154981794
pulse,1.0,0.2525,0.18954482939256387,0.6110298154981794
pulse,1.0,0.255,0.1913967142942205,0.6110298154981794
pulse,1.0,0.2575,0.19324786826424092,0.6110298154981794
pulse,1.0,0.26,0.19509828423318817,0.6110298154981794
pulse,1.0,0.2625,0.1969479551344436,0.6110298154981794
pulse,1.0,0.265,0.1987968739042341,0.6110298154981794
pulse,1.0,0.2675,0.20064503348165885,0.6110298154981794
pulse,1.0,0.27,0.20249242680871624,0.6110298154981794
pulse,1.0,0.2725,0.20433904683033108,0.6110298154981794
pulse,1.0,0.275,0.2061848864943812,0.6110298154981794
pulse,1.0,0.2775,0.20802993875172468,0.6110298154981794
pulse,1.0,0.28,0.2098741965562267,0.6110298154981794
pulse,1.0,0.28250000000000003,0.21171765286478622,0.6110298154981794
pulse,1.0,0.28500000000000003,0.2135603006373633,0.6110298154981794
pulse,1.0,0.28750000000000003,0.2154021328370056,0.6110298154981794
pulse,1.0,0.29,0.2172431424298754,0.6110298154981794
pulse,1.0,0.2925,0.21908332238527645,0.6110298154981794
pulse,1.0,0.295,0.22092266567568095,0.6110298154981794
pulse,1.0,0.2975,0.22276116527675618,0.6110298154981794
pulse,1.0,0.3,0.2245988141673914,0.6110298154981794
pulse,1.0,0.3025,0.22643560532972468,0.6110298154981794
pulse,1.0,0.305,0.22827153174916973,0.6110298154981794
pulse,1.0,0.3075,0.23010658641444268,0.6110298154981794
pulse,1.0,0.31,0.23194076231758876,0.6110298154981794
pulse,1.0,0.3125,0.23377405245400923,0.6110298154981794
pulse,1.0,0.315,0.23560644982248788,0.6110298154981794
pulse,1.0,0.3175,0.23743794742521818,0.6110298154981794
pulse,1.0,0.32,0.2392685382678295,0.6110298154981794
pulse,1.0,0.3225,0.2410982153594141,0.6110298154981794
pulse,1.0,0.325,0.24292697171255392,0.6110298154981794
pulse,1.0,0.3275,0.2447548003433471,0.6110298154981794
pulse,1.0,0.33,0.24658169427143467,0.6110298154981794
pulse,1.0,0.3325,0.24840764652002717,0.6110298154981794
pulse,1.0,0.335,0.2502326501159315,0.6110298154981794
pulse,1.0,0.3375,0.2520566980895772,0.6110298154981794
pulse,1.0,0.34,0.2538797834750434,0.6110298154981794
pulse,1.0,0.3425,0.25570189931008536,0.6110298154981794
pulse,1.0,0.34500000000000003,0.2575230386361609,0.6110298154981794
pulse,1.0,0.34750000000000003,0.25934319449845683,0.6110298154981794
pulse,1.0,0.35000000000000003,0.26116235994591636,0.6110298154981794
pulse,1.0,0.3525,0.2629805280312643,0.6110298154981794
pulse,1.0,0.355,0.26479769181103496,0.6110298154981794
pulse,1.0,0.3575,0.2666138443455976,0.6110298154981794
pulse,1.0,0.36,0.2684289786991836,0.6110298154981794
pulse,1.0,0.3625,0.2702430879399125,0.6110298154981794
pulse,1.0,0.365,0.27205616513981873,0.6110298154981794
pulse,1.0,0.3675,0.27386820337487816,0.6110298154981794
pulse,1.0,0.37,0.2756791957250344,0.6110298154981794
pulse,1.0,0.3725,0.2774891352742251,0.6110298154981794
pulse,1.0,0.375,0.2792980151104083,0.6110298154981794
pulse,1.0,0.3775,0.28110582832558956,0.6110298154981794
pulse,1.0,0.38,0.28291256801584735,0.6110298154981794
pulse,1.0,0.3825,0.28471822728136,0.6110298154981794
pulse,1.0,0.385,0.2865227992264319,0.6110298154981794
pulse,1.0,0.3875,0.28832627695951984,0.6110298154981794
pulse,1.0,0.39,0.2901286535932594,0.6110298154981794
pulse,1.0,0.3925,0.2919299222444911,0.6110298154981794
pulse,1.0,0.395,0.2937300760342868,0.6110298154981794
pulse,1.0,0.3975,0.2955291080879759,0.6110298154981794
pulse,1.0,0.4,0.29732701153517177,0.6110298154981794
pulse,1.0,0.4025,0.2991237795097978,0.6110298154981794
pulse,1.0,0.405,0.30091940515011345,0.6110298154981794
pulse,1.0,0.40750000000000003,0.3027138815987412,0.6110298154981794
pulse,1.0,0.41000000000000003,0.3045072020026916,0.6110298154981794
pulse,1.0,0.41250000000000003,0.3062993595133905,0.6110298154981794
pulse,1.0,0.41500000000000004,0.3080903472867046,0.6110298154981794
pulse,1.0,0.4175,0.30988015848296774,0.6110298154981794
pulse,1.0,0.42,0.31166878626700706,0.6110298154981794
pulse,1.0,0.4225,0.3134562238081691,0.6110298154981794
pulse,1.0,0.425,0.31524246428034597,0.6110298154981794
pulse,1.0,0.4275,0.317027500862001,0.6110298154981794
pulse,1.0,0.43,0.3188113267361953,0.6110298154981794
pulse,1.0,0.4325,0.3205939350906137,0.6110298154981794
pulse,1.0,0.435,0.3223753191175903,0.6110298154981794
pulse,1.0,0.4375,0.3241554720141353,0.6110298154981794
pulse,1.0,0.44,0.32593438698196014,0.6110298154981794
pulse,1.0,0.4425,0.3277120572275039,0.6110298154981794
pulse,1.0,0.445,0.3294884759619594,0.6110298154981794
pulse,1.0,0.4475,0.3312636364012986,0.6110298154981794
pulse,1.0,0.45,0.33303753176629886,0.6110298154981794
pulse,1.0,0.4525,0.334810155282569,0.6110298154981794
pulse,1.0,0.455,0.33658150018057476,0.6110298154981794
pulse,1.0,0.4575,0.3383515596956648,0.6110298154981794
pulse,1.0,0.46,0.3401203270680969,0.6110298154981794
pulse,1.0,0.4625,0.3418877955430628,0.6110298154981794
pulse,1.0,0.465,0.3436539583707154,0.6110298154981794
pulse,1.0,0.4675,0.3454188088061933,0.6110298154981794
pulse,1.0,0.47000000000000003,0.34718234010964705,0.6110298154981794
pulse,1.0,0.47250000000000003,0.3489445455462652,0.6110298154981794
pulse,1.0,0.47500000000000003,0.35070541838629943,0.6110298154981794
pulse,1.0,0.47750000000000004,0.3524649519050906,0.6110298154981794
pulse,1.0,0.48,0.3542231393830942,0.6110298154981794
pulse,1.0,0.4825,0.3559799741059065,0.6110298154981794
pulse,1.0,0.485,0.35773544936428947,0.6110298154981794
pulse,1.0,0.4875,0.3594895584541972,0.6110298154981794
pulse,1.0,0.49,0.3612422946768007,0.6110298154981794
pulse,1.0,0.4925,0.3629936513385141,0.6110298154981794
pulse,1.0,0.495,0.3647436217510198,0.6110298154981794
pulse,1.0,0.4975,0.36649219923129456,0.6110298154981794
pulse,1.0,0.5,0.3682393771016341,0.6110298154981794
pulse,1.0,0.5025000000000001,0.36998514868967974,0.6110298154981794
pulse,1.0,0.505,0.3717295073284428,0.6110298154981794
pulse,1.0,0.5075000000000001,0.37347244635633103,0.6110298154981794
pulse,1.0,0.51,0.37521395911717315,0.6110298154981794
pulse,1.0,0.5125,0.3769540389602449,0.6110298154981794
pulse,1.0,0.515,0.37869267924029437,0.6110298154981794
pulse,1.0,0.5175,0.380429873317567,0.6110298154981794
pulse,1.0,0.52,0.3821656145578315,0.6110298154981794
pulse,1.0,0.5225,0.3838998963324043,0.6110298154981794
pulse,1.0,0.525,0.38563271201817606,0.6110298154981794
pulse,1.0,0.5275,0.38736405499763615,0.6110298154981794
pulse,1.0,0.53,0.38909391865889786,0.6110298154981794
pulse,1.0,0.5325,0.3908222963957241,0.6110298154981794
pulse,1.0,0.535,0.3925491816075525,0.6110298154981794
pulse,1.0,0.5375,0.39427456769952035,0.6110298154981794
pulse,1.0,0.54,0.3959984480824904,0.6110298154981794
pulse,1.0,0.5425,0.3977208161730748,0.6110298154981794
pulse,1.0,0.545,0.3994416653936619,0.6110298154981794
pulse,1.0,0.5475,0.4011609891724399,0.6110298154981794
pulse,1.0,0.55,0.4028787809434231,0.6110298154981794
pulse,1.0,0.5525,0.4045950341464759,0.6110298154981794
pulse,1.0,0.555,0.4063097422273389,0.6110298154981794
pulse,1.0,0.5575,0.40802289863765295,0.6110298154981794
pulse,1.0,0.56,0.40973449683498503,0.6110298154981794
pulse,1.0,0.5625,0.4114445302828524,0.6110298154981794
pulse,1.0,0.5650000000000001,0.4131529924507485,0.6110298154981794
pulse,1.0,0.5675,0.414859876814167,0.6110298154981794
pulse,1.0,0.5700000000000001,0.4165651768546273,0.6110298154981794
pulse,1.0,0.5725,0.41826888605969914,0.6110298154981794
pulse,1.0,0.5750000000000001,0.41997099792302756,0.6110298154981794
pulse,1.0,0.5775,0.4216715059443578,0.6110298154981794
pulse,1.0,0.58,0.4233704036295602,0.6110298154981794
pulse,1.0,0.5825,0.4250676844906544,0.6110298154981794
pulse,1.0,0.585,0.426763342045835,0.6110298154981794
pulse,1.0,0.5875,0.4284573698194959,0.6110298154981794
pulse,1.0,0.59,0.43014976134225474,0.6110298154981794
pulse,1.0,0.5925,0.43184051015097824,0.6110298154981794
pulse,1.0,0.595,0.43352960978880634,0.6110298154981794
pulse,1.0,0.5975,0.43521705380517706,0.6110298154981794
pulse,1.0,0.6,0.43690283575585115,0.6110298154981794
pulse,1.0,0.6025,0.4385869492029368,0.6110298154981794
pulse,1.0,0.605,0.44026938771491375,0.6110298154981794
pulse,1.0,0.6075,0.4419501448666588,0.6110298154981794
pulse,1.0,0.61,0.4436292142394691,0.6110298154981794
pulse,1.0,0.6125,0.44530658942108786,0.6110298154981794
pulse,1.0,0.615,0.44698226400572805,0.6110298154981794
pulse,1.0,0.6175,0.4486562315940969,0.6110298154981794
pulse,1.0,0.62,0.4503284857934211,0.6110298154981794
pulse,1.0,0.6225,0.4519990202174701,0.6110298154981794
pulse,1.0,0.625,0.4536678284865815,0.6110298154981794
pulse,1.0,0.6275000000000001,0.45533490422768447,0.6110298154981794
pulse,1.0,0.63,0.4570002410743252,0.6110298154981794
pulse,1.0,0.6325000000000001,0.45866383266669014,0.6110298154981794
pulse,1.0,0.635,0.460325672651631,0.6110298154981794
pulse,1.0,0.6375000000000001,0.4619857546826887,0.6110298154981794
pulse,1.0,0.64,0.4636440724201175,0.6110298154981794
pulse,1.0,0.6425,0.46530061953090956,0.6110298154981794
pulse,1.0,0.645,0.46695538968881906,0.6110298154981794
pulse,1.0,0.6475,0.4686083765743859,0.6110298154981794
pulse,1.0,0.65,0.47025957387496076,0.6110298154981794
pulse,1.0,0.6525,0.47190897528472786,0.6110298154981794
pulse,1.0,0.655,0.4735565745047304,0.6110298154981794
pulse,1.0,0.6575,0.4752023652428937,0.6110298154981794
pulse,1.0,0.66,0.47684634121405,0.6110298154981794
pulse,1.0,0.6625,0.47848849613996136,0.6110298154981794
pulse,1.0,0.665,0.48012882374934496,0.6110298154981794
pulse,1.0,0.6675,0.48176731777789567,0.6110298154981794
pulse,1.0,0.67,0.48340397196831153,0.6110298154981794
pulse,1.0,0.6725,0.485038780070316,0.6110298154981794
pulse,1.0,0.675,0.4866717358406832,0.6110298154981794
pulse,1.0,0.6775,0.4883028330432607,0.6110298154981794
pulse,1.0,0.68,0.48993206544899454,0.6110298154981794
pulse,1.0,0.6825,0.49155942683595133,0.6110298154981794
pulse,1.0,0.685,0.4931849109893439,0.6110298154981794
pulse,1.0,0.6875,0.4948085117015535,0.6110298154981794
pulse,1.0,0.6900000000000001,0.49643022277215443,0.6110298154981794
pulse,1.0,0.6925,0.4980500380079373,0.6110298154981794
pulse,1.0,0.6950000000000001,0.49966795122293284,0.6110298154981794
pulse,1.0,0.6975,0.5012839562384352,0.6110298154981794
pulse,1.0,0.7000000000000001,0.5028980468830263,0.6110298154981794
pulse,1.0,0.7025,0.5045102169925986,0.6110298154981794
pulse,1.0,0.705,0.5061204604103788,0.6110298154981794
pulse,1.0,0.7075,0.5077287709869522,0.6110298154981794
pulse,1.0,0.71,0.5093351425802848,0.6110298154981794
pulse,1.0,0.7125,0.5109395690557478,0.6110298154981794
pulse,1.0,0.715,0.5125420442861401,0.6110298154981794
pulse,1.0,0.7175,0.5141425621517135,0.6110298154981794
pulse,1.0,0.72,0.5157411165401933,0.6110298154981794
pulse,1.0,0.7225,0.5173377013468047,0.6110298154981794
pulse,1.0,0.725,0.5189323104742934,0.6110298154981794
pulse,1.0,0.7275,0.520524937832951,0.6110298154981794
pulse,1.0,0.73,0.5221155773406363,0.6110298154981794
pulse,1.0,0.7325,0.5237042229228009,0.6110298154981794
pulse,1.0,0.735,0.5252908685125098,0.6110298154981794
pulse,1.0,0.7375,0.526875508050467,0.6110298154981794
pulse,1.0,0.74,0.5284581354850364,0.6110298154981794
pulse,1.0,0.7425,0.5300387447722666,0.6110298154981794
pulse,1.0,0.745,0.5316173298759135,0.6110298154981794
pulse,1.0,0.7475,0.5331938847674627,0.6110298154981794
pulse,1.0,0.75,0.5347684034261533,0.6110298154981794
pulse,1.0,0.7525000000000001,0.536340879839001,0.6110298154981794
pulse,1.0,0.755,0.5379113080008202,0.6110298154981794
pulse,1.0,0.7575000000000001,0.5394796819142478,0.6110298154981794
pulse,1.0,0.76,0.5410459955897652,0.6110298154981794
pulse,1.0,0.7625000000000001,0.5426102430457225,0.6110298154981794
pulse,1.0,0.765,0.5441724183083596,0.6110298154981794
pulse,1.0,0.7675000000000001,0.545732515411831,0.6110298154981794
pulse,1.0,0.77,0.5472905283982269,0.6110298154981794
pulse,1.0,0.7725,0.5488464513175967,0.6110298154981794
pulse,1.0,0.775,0.5504002782279719,0.6110298154981794
pulse,1.0,0.7775,0.551952003195388,0.6110298154981794
pulse,1.0,0.78,0.5535016202939083,0.6110298154981794
pulse,1.0,0.7825,0.5550491236056454,0.6110298154981794
pulse,1.0,0.785,0.5565945072207849,0.6110298154981794
pulse,1.0,0.7875,0.5581377652376065,0.6110298154981794
pulse,1.0,0.79,0.5596788917625084,0.6110298154981794
pulse,1.0,0.7925,0.561217880910028,0.6110298154981794
pulse,1.0,0.795,0.5627547268028659,0.6110298154981794
pulse,1.0,0.7975,0.5642894235719071,0.6110298154981794
pulse,1.0,0.8,0.5658219653562445,0.6110298154981794
pulse,1.0,0.8025,0.5673523463032,0.6110298154981794
pulse,1.0,0.805,0.5688805605683483,0.6110298154981794
pulse,1.0,0.8075,0.5704066023155382,0.6110298154981794
pulse,1.0,0.81,0.5719304657169153,0.6110298154981794
pulse,1.0,0.8125,0.5734521449529442,0.6110298154981794
pulse,1.0,0.8150000000000001,0.5749716342124304,0.6110298154981794
pulse,1.0,0.8175,0.576488927692543,0.6110298154981794
pulse,1.0,0.8200000000000001,0.5780040195988368,0.6110298154981794
pulse,1.0,0.8225,0.5795169041452741,0.6110298154981794
pulse,1.0,0.8250000000000001,0.5810275755542468,0.6110298154981794
pulse,1.0,0.8275,0.5825360280565987,0.6110298154981794
pulse,1.0,0.8300000000000001,0.5840422558916479,0.6110298154981794
pulse,1.0,0.8325,0.5855462533072076,0.6110298154981794
pulse,1.0,0.835,0.5870480145596094,0.6110298154981794
pulse,1.0,0.8375,0.5885475339137247,0.6110298154981794
pulse,1.0,0.84,0.5900448056429861,0.6110298154981794
pulse,1.0,0.8425,0.5915398240294101,0.6110298154981794
pulse,1.0,0.845,0.5930325833636183,0.6110298154981794
pulse,1.0,0.8475,0.5945230779448598,0.6110298154981794
pulse,1.0,0.85,0.5960113020810326,0.6110298154981794
pulse,1.0,0.8525,0.5974972500887049,0.6110298154981794
pulse,1.0,0.855,0.598980916293138,0.6110298154981794
pulse,1.0,0.8575,0.6004622950283067,0.6110298154981794
pulse,1.0,0.86,0.6019413806369218,0.6110298154981794
pulse,1.0,0.8625,0.6034181674704513,0.6110298154981794
pulse,1.0,0.865,0.6048926498891419,0.6110298154981794
pulse,1.0,0.8675,0.6063648222620414,0.6110298154981794
pulse,1.0,0.87,0.6078346789670183,0.6110298154981794
pulse,1.0,0.8725,0.6093022143907858,0.6110298154981794
pulse,1.0,0.875,0.6107674229289207,0.6110298154981794
pulse,1.0,0.8775000000000001,0.6122302989858873,0.6110298154981794
pulse,1.0,0.88,0.6136908369750566,0.6110298154981794
pulse,1.0,0.8825000000000001,0.6151490313187286,0.6110298154981794
pulse,1.0,0.885,0.6166048764481535,0.6110298154981794
pulse,1.0,0.8875000000000001,0.6180583668035539,0.6110298154981794
pulse,1.0,0.89,0.6195094968341436,0.6110298154981794
pulse,1.0,0.8925000000000001,0.6209582609981519,0.6110298154981794
pulse,1.0,0.895,0.6224046537628418,0.6110298154981794
pulse,1.0,0.8975,0.6238486696045336,0.6110298154981794
pulse,1.0,0.9,0.6252903030086242,0.6110298154981794
pulse,1.0,0.9025,0.6267295484696093,0.6110298154981794
pulse,1.0,0.905,0.6281664004911038,0.6110298154981794
pulse,1.0,0.9075,0.6296008535858629,0.6110298154981794
pulse,1.0,0.91,0.6310329022758037,0.6110298154981794
pulse,1.0,0.9125,0.6324625410920247,0.6110298154981794
pulse,1.0,0.915,0.6338897645748282,0.6110298154981794
pulse,1.0,0.9175,0.6353145672737401,0.6110298154981794
pulse,1.0,0.92,0.6367369437475316,0.6110298154981794
pulse,1.0,0.9225,0.6381568885642391,0.6110298154981794
pulse,1.0,0.925,0.6395743963011854,0.6110298154981794
pulse,1.0,0.9275,0.6409894615450006,0.6110298154981794
pulse,1.0,0.93,0.642402078891642,0.6110298154981794
pulse,1.0,0.9325,0.6438122429464159,0.6110298154981794
pulse,1.0,0.935,0.6452199483239971,0.6110298154981794
pulse,1.0,0.9375,0.64662518964845,0.6110298154981794
pulse,1.0,0.9400000000000001,0.6480279615532493,0.6110298154981794
pulse,1.0,0.9425,0.6494282586813,0.6110298154981794
pulse,1.0,0.9450000000000001,0.6508260756849582,0.6110298154981794
pulse,1.0,0.9475,0.6522214072260516,0.6110298154981794
pulse,1.0,0.9500000000000001,0.6536142479758993,0.6110298154981794
pulse,1.0,0.9525,0.6550045926153328,0.6110298154981794
pulse,1.0,0.9550000000000001,0.6563924358347166,0.6110298154981794
pulse,1.0,0.9575,0.657777772333967,0.6110298154981794
pulse,1.0,0.96,0.6591605968225738,0.6110298154981794
pulse,1.0,0.9625,0.6605409040196202,0.6110298154981794
pulse,1.0,0.965,0.6619186886538023,0.6110298154981794
pulse,1.0,0.9675,0.6632939454634503,0.6110298154981794
pulse,1.0,0.97,0.6646666691965474,0.6110298154981794
pulse,1.0,0.9725,0.6660368546107508,0.6110298154981794
pulse,1.0,0.975,0.667404496473411,0.6110298154981794
pulse,1.0,0.9775,0.6687695895615929,0.6110298154981794
pulse,1.0,0.98,0.6701321286620944,0.6110298154981794
pulse,1.0,0.9825,0.6714921085714669,0.6110298154981794
pulse,1.0,0.985,0.6728495240960354,0.6110298154981794
pulse,1.0,0.9875,0.6742043700519182,0.6110298154981794
pulse,1.0,0.99,0.6755566412650464,0.6110298154981794
pulse,1.0,0.9925,0.6769063325711839,0.6110298154981794
pulse,1.0,0.995,0.6782534388159472,0.6110298154981794
pulse,1.0,0.9975,0.679597954854825,0.6110298154981794
pulse,1.0,1.0,0.6809398755531977,0.6110298154981794
pulse,1.0,1.5,0.9490641393646273,0.6110298154981794
pulse,1.0,1.5025,0.9496780649771168,0.6110298154981794
pulse,1.0,1.505,0.9502883638306804,0.6110298154981794
pulse,1.0,1.5075,0.9508950335946263,0.6110298154981794
pulse,1.0,1.51,0.9514980719521221,0.6110298154981794
pulse,1.0,1.5125,0.9520974766002033,0.6110298154981794
pulse,1.0,1.515,0.9526932452497825,0.6110298154981794
pulse,1.0,1.5175,0.953285375625658,0.6110298154981794
pulse,1.0,1.52,0.9538738654665219,0.6110298154981794
pulse,1.0,1.5225,0.95445871252497,0.6110298154981794
pulse,1.0,1.525,0.9550399145675093,0.6110298154981794
pulse,1.0,1.5275,0.9556174693745669,0.6110298154981794
pulse,1.0,1.53,0.9561913747404984,0.6110298154981794
pulse,1.0,1.5325,0.9567616284735966,0.6110298154981794
pulse,1.0,1.535,0.9573282283960992,0.6110298154981794
pulse,1.0,1.5375,0.9578911723441981,0.6110298154981794
pulse,1.0,1.54,0.9584504581680467,0.6110298154981794
pulse,1.0,1.5425,0.9590060837317687,0.6110298154981794
pulse,1.0,1.545,0.9595580469134662,0.6110298154981794
pulse,1.0,1.5475,0.9601063456052278,0.6110298154981794
pulse,1.0,1.55,0.9606509777131361,0.6110298154981794
pulse,1.0,1.5525,0.9611919411572764,0.6110298154981794
pulse,1.0,1.555,0.9617292338717447,0.6110298154981794
pulse,1.0,1.5575,0.9622628538046545,0.6110298154981794
pulse,1.0,1.56,0.9627927989181464,0.6110298154981794
pulse,1.0,1.5625,0.9633190671883941,0.6110298154981794
pulse,1.0,1.565,0.9638416566056132,0.6110298154981794
pulse,1.0,1.5675,0.9643605651740687,0.6110298154981794
pulse,1.0,1.57,0.9648757909120824,0.6110298154981794
pulse,1.0,1.5725,0.9653873318520406,0.6110298154981794
pulse,1.0,1.575,0.9658951860404019,0.6110298154981794
pulse,1.0,1.5775,0.9663993515377036,0.6110298154981794
pulse,1.0,1.58,0.9668998264185709,0.6110298154981794
pulse,1.0,1.5825,0.9673966087717222,0.6110298154981794
pulse,1.0,1.585,0.9678896966999783,0.6110298154981794
pulse,1.0,1.5875,0.9683790883202682,0.6110298154981794
pulse,1.0,1.59,0.968864781763637,0.6110298154981794
pulse,1.0,1.5925,0.9693467751752534,0.6110298154981794
pulse,1.0,1.595,0.9698250667144152,0.6110298154981794
pulse,1.0,1.5975,0.9702996545545581,0.6110298154981794
pulse,1.0,1.6,0.9707705368832625,0.6110298154981794
pulse,1.0,1.6025,0.9712377119022588,0.6110298154981794
pulse,1.0,1.605,0.971701177827436,0.6110298154981794
pulse,1.0,1.6075,0.9721609328888481,0.6110298154981794
pulse,1.0,1.61,0.97261697533072,0.6110298154981794
pulse,1.0,1.6125,0.9730693034114553,0.6110298154981794
pulse,1.0,1.615,0.9735179154036423,0.6110298154981794
pulse,1.0,1.6175,0.9739628095940611,0.6110298154981794
pulse,1.0,1.62,0.9744039842836897,0.6110298154981794
pulse,1.0,1.6225,0.9748414377877102,0.6110298154981794
pulse,1.0,1.625,0.9752751684355165,0.6110298154981794
pulse,1.0,1.6275,0.975705174570719,0.6110298154981794
pulse,1.0,1.63,0.9761314545511525,0.6110298154981794
pulse,1.0,1.6325,0.976554006748881,0.6110298154981794
pulse,1.0,1.635,0.9769728295502056,0.6110298154981794
pulse,1.0,1.6375,0.9773879213556685,0.6110298154981794
pulse,1.0,1.6400000000000001,0.9777992805800619,0.6110298154981794
pulse,1.0,1.6425,0.978206905652431,0.6110298154981794
pulse,1.0,1.645,0.9786107950160821,0.6110298154981794
pulse,1.0,1.6475,0.9790109471285879,0.6110298154981794
pulse,1.0,1.65,0.9794073604617939,0.6110298154981794
pulse,1.0,1.6525,0.9798000335018228,0.6110298154981794
pulse,1.0,1.655,0.980188964749082,0.6110298154981794
pulse,1.0,1.6575,0.9805741527182682,0.6110298154981794
pulse,1.0,1.66,0.9809555959383734,0.6110298154981794
pulse,1.0,1.6625,0.981333292952691,0.6110298154981794
pulse,1.0,1.665,0.9817072423188202,0.6110298154981794
pulse,1.0,1.6675,0.9820774426086729,0.6110298154981794
pulse,1.0,1.67,0.9824438924084783,0.6110298154981794
pulse,1.0,1.6725,0.9828065903187883,0.6110298154981794
pulse,1.0,1.675,0.9831655349544828,0.6110298154981794
pulse,1.0,1.6775,0.983520724944776,0.6110298154981794
pulse,1.0,1.68,0.9838721589332201,0.6110298154981794
pulse,1.0,1.6825,0.9842198355777114,0.6110298154981794
pulse,1.0,1.685,0.9845637535504957,0.6110298154981794
pulse,1.0,1.6875,0.9849039115381721,0.6110298154981794
pulse,1.0,1.69,0.9852403082416997,0.6110298154981794
pulse,1.0,1.6925,0.9855729423764013,0.6110298154981794
pulse,1.0,1.695,0.9859018126719684,0.6110298154981794
pulse,1.0,1.6975,0.986226917872467,0.6110298154981794
pulse,1.0,1.7,0.9865482567363413,0.6110298154981794
pulse,1.0,1.7025000000000001,0.9868658280364189,0.6110298154981794
pulse,1.0,1.705,0.9871796305599159,0.6110298154981794
pulse,1.0,1.7075,0.9874896631084407,0.6110298154981794
pulse,1.0,1.71,0.9877959244979988,0.6110298154981794
pulse,1.0,1.7125,0.9880984135589981,0.6110298154981794
pulse,1.0,1.715,0.9883971291362526,0.6110298154981794
pulse,1.0,1.7175,0.9886920700889867,0.6110298154981794
pulse,1.0,1.72,0.98898323529084,0.6110298154981794
pulse,1.0,1.7225,0.9892706236298718,0.6110298154981794
pulse,1.0,1.725,0.9895542340085641,0.6110298154981794
pulse,1.0,1.7275,0.9898340653438279,0.6110298154981794
pulse,1.0,1.73,0.9901101165670053,0.6110298154981794
pulse,1.0,1.7325,0.9903823866238742,0.6110298154981794
pulse,1.0,1.735,0.9906508744746534,0.6110298154981794
pulse,1.0,1.7375,0.990915579094005,0.6110298154981794
pulse,1.0,1.74,0.9911764994710391,0.6110298154981794
pulse,1.0,1.7425,0.9914336346093179,0.6110298154981794
pulse,1.0,1.745,0.991686983526859,0.6110298154981794
pulse,1.0,1.7475,0.9919365452561391,0.6110298154981794
pulse,1.0,1.75,0.9921823188440984,0.6110298154981794
pulse,1.0,1.7525,0.9924243033521434,0.6110298154981794
pulse,1.0,1.755,0.9926624978561509,0.6110298154981794
pulse,1.0,1.7575,0.9928969014464718,0.6110298154981794
pulse,1.0,1.76,0.9931275132279337,0.6110298154981794
pulse,1.0,1.7625,0.9933543323198452,0.6110298154981794
pulse,1.0,1.7650000000000001,0.9935773578559989,0.6110298154981794
pulse,1.0,1.7675,0.993796588984675,0.6110298154981794
pulse,1.0,1.77,0.9940120248686438,0.6110298154981794
pulse,1.0,1.7725,0.9942236646851697,0.6110298154981794
pulse,1.0,1.775,0.9944315076260138,0.6110298154981794
pulse,1.0,1.7775,0.9946355528974378,0.6110298154981794
pulse,1.0,1.78,0.9948357997202055,0.6110298154981794
pulse,1.0,1.7825,0.9950322473295878,0.6110298154981794
pulse,1.0,1.7850000000000001,0.9952248949753637,0.6110298154981794
pulse,1.0,1.7875,0.9954137419218244,0.6110298154981794
pulse,1.0,1.79,0.9955987874477759,0.6110298154981794
pulse,1.0,1.7925,0.9957800308465408,0.6110298154981794
pulse,1.0,1.795,0.9959574714259629,0.6110298154981794
pulse,1.0,1.7974999999999999,0.9961311085084077,0.6110298154981794
pulse,1.0,1.8,0.9963009414307669,0.6110298154981794
pulse,1.0,1.8025,0.996466969544459,0.6110298154981794
pulse,1.0,1.805,0.996629192215434,0.6110298154981794
pulse,1.0,1.8075,0.9967876088241735,0.6110298154981794
pulse,1.0,1.81,0.9969422187656951,0.6110298154981794
pulse,1.0,1.8125,0.9970930214495535,0.6110298154981794
pulse,1.0,1.815,0.9972400162998427,0.6110298154981794
pulse,1.0,1.8175,0.9973832027551993,0.6110298154981794
pulse,1.0,1.82,0.9975225802688032,0.6110298154981794
pulse,1.0,1.8225,0.9976581483083808,0.6110298154981794
pulse,1.0,1.825,0.9977899063562068,0.6110298154981794
pulse,1.0,1.8275000000000001,0.9979178539091053,0.6110298154981794
pulse,1.0,1.83,0.9980419904784533,0.6110298154981794
pulse,1.0,1.8325,0.9981623155901812,0.6110298154981794
pulse,1.0,1.835,0.998278828784775,0.6110298154981794
pulse,1.0,1.8375,0.9983915296172786,0.6110298154981794
pulse,1.0,1.84,0.9985004176572948,0.6110298154981794
pulse,1.0,1.8425,0.9986054924889871,0.6110298154981794
pulse,1.0,1.845,0.9987067537110815,0.6110298154981794
pulse,1.0,1.8475000000000001,0.9988042009368683,0.6110298154981794
pulse,1.0,1.85,0.9988978337942026,0.6110298154981794
pulse,1.0,1.8525,0.9989876519255064,0.6110298154981794
pulse,1.0,1.855,0.9990736549877706,0.6110298154981794
pulse,1.0,1.8575,0.9991558426525547,0.6110298154981794
pulse,1.0,1.8599999999999999,0.9992342146059896,0.6110298154981794
pulse,1.0,1.8625,0.9993087705487774,0.6110298154981794
pulse,1.0,1.865,0.9993795101961943,0.6110298154981794
pulse,1.0,1.8675,0.9994464332780901,0.6110298154981794
pulse,1.0,1.87,0.9995095395388897,0.6110298154981794
pulse,1.0,1.8725,0.9995688287375945,0.6110298154981794
pulse,1.0,1.875,0.9996243006477827,0.6110298154981794
pulse,1.0,1.8775,0.9996759550576112,0.6110298154981794
pulse,1.0,1.88,0.9997237917698145,0.6110298154981794
pulse,1.0,1.8825,0.9997678106017078,0.6110298154981794
pulse,1.0,1.885,0.9998080113851857,0.6110298154981794
pulse,1.0,1.8875,0.9998443939667242,0.6110298154981794
pulse,1.0,1.8900000000000001,0.9998769582073807,0.6110298154981794
pulse,1.0,1.8925,0.9999057039827941,0.6110298154981794
pulse,1.0,1.895,0.9999306311831864,0.6110298154981794
pulse,1.0,1.8975,0.9999517397133624,0.6110298154981794
pulse,1.0,1.9,0.9999690294927094,0.6110298154981794
pulse,1.0,1.9025,0.9999825004551995,0.6110298154981794
pulse,1.0,1.905,0.9999921525493879,0.6110298154981794
pulse,1.0,1.9075,0.9999979857384135,0.6110298154981794
pulse,1.0,1.9100000000000001,1.0,0.6110298154981794
pulse,1.0,1.9125,0.9999981953264547,0.6110298154981794
pulse,1.0,1.915,0.9999925717246702,0.6110298154981794
pulse,1.0,1.9175,0.9999831292161222,0.6110298154981794
pulse,1.0,1.92,0.9999698678368711,0.6110298154981794
pulse,1.0,1.9224999999999999,0.9999527876375611,0.6110298154981794
pulse,1.0,1.925,0.9999318886834208,0.6110298154981794
pulse,1.0,1.9275,0.9999071710542615,0.6110298154981794
pulse,1.0,1.93,0.9998786348444785,0.6110298154981794
pulse,1.0,1.9325,0.9998462801630497,0.6110298154981794
pulse,1.0,1.935,0.9998101071335354,0.6110298154981794
pulse,1.0,1.9375,0.9997701158940782,0.6110298154981794
pulse,1.0,1.94,0.9997263065974017,0.6110298154981794
pulse,1.0,1.9425,0.9996786794108113,0.6110298154981794
pulse,1.0,1.945,0.9996272345161921,0.6110298154981794
pulse,1.0,1.9475,0.9995719721100083,0.6110298154981794
pulse,1.0,1.95,0.9995128924033038,0.6110298154981794
pulse,1.0,1.9525000000000001,0.9994499956216999,0.6110298154981794
pulse,1.0,1.955,0.9993832820053957,0.6110298154981794
pulse,1.0,1.9575,0.9993127518091661,0.6110298154981794
pulse,1.0,1.96,0.9992384053023612,0.6110298154981794
pulse,1.0,1.9625,0.9991602427689055,0.6110298154981794
pulse,1.0,1.965,0.9990782645072966,0.6110298154981794
pulse,1.0,1.9675,0.9989924708306045,0.6110298154981794
pulse,1.0,1.97,0.9989028620664693,0.6110298154981794
pulse,1.0,1.9725000000000001,0.9988094385571011,0.6110298154981794
pulse,1.0,1.975,0.9987122006592783,0.6110298154981794
pulse,1.0,1.9775,0.9986111487443464,0.6110298154981794
pulse,1.0,1.98,0.9985062831982157,0.6110298154981794
pulse,1.0,1.9825,0.9983976044213609,0.6110298154981794
pulse,1.0,1.9849999999999999,0.9982851128288196,0.6110298154981794
pulse,1.0,1.9875,0.9981688088501897,0.6110298154981794
pulse,1.0,1.99,0.9980486929296282,0.6110298154981794
pulse,1.0,1.9925,0.9979247655258504,0.6110298154981794
pulse,1.0,1.995,0.9977970271121271,0.6110298154981794
pulse,1.0,1.9975,0.9976654781762828,0.6110298154981794
pulse,1.0,2.0,0.9975301192206943,0.6110298154981794
pulse,1.0,2.0025,0.997390950762289,0.6110298154981794
pulse,1.0,2.005,0.9972479733325416,0.6110298154981794
pulse,1.0,2.0075000000000003,0.9971011874774742,0.6110298154981794
pulse,1.0,2.01,0.9969505937576525,0.6110298154981794
pulse,1.0,2.0125,0.9967961927481837,0.6110298154981794
pulse,1.0,2.015,0.9966379850387155,0.6110298154981794
pulse,1.0,2.0175,0.9964759712334329,0.6110298154981794
pulse,1.0,2.02,0.996310151951056,0.6110298154981794
pulse,1.0,2.0225,0.9961405278248376,0.6110298154981794
pulse,1.0,2.025,0.9959670995025621,0.6110298154981794
pulse,1.0,2.0275,0.9957898676465402,0.6110298154981794
pulse,1.0,2.0300000000000002,0.9956088329336094,0.6110298154981794
pulse,1.0,2.0324999999999998,0.995423996055129,0.6110298154981794
pulse,1.0,2.035,0.9952353577169795,0.6110298154981794
pulse,1.0,2.0375,0.9950429186395582,0.6110298154981794
pulse,1.0,2.04,0.9948466795577775,0.6110298154981794
pulse,1.0,2.0425,0.9946466412210618,0.6110298154981794
pulse,1.0,2.045,0.9944428043933444,0.6110298154981794
pulse,1.0,2.0475,0.9942351698530653,0.6110298154981794
pulse,1.0,2.05,0.9940237383931669,0.6110298154981794
pulse,1.0,2.0525,0.9938085108210925,0.6110298154981794
pulse,1.0,2.055,0.993589487958782,0.6110298154981794
pulse,1.0,2.0575,0.9933666706426697,0.6110298154981794
pulse,1.0,2.06,0.9931400597236804,0.6110298154981794
pulse,1.0,2.0625,0.9929096560672266,0.6110298154981794
pulse,1.0,2.065,0.9926754605532047,0.6110298154981794
pulse,1.0,2.0675,0.9924374740759925,0.6110298154981794
pulse,1.0,2.0700000000000003,0.9921956975444444,0.6110298154981794
pulse,1.0,2.0725,0.9919501318818897,0.6110298154981794
pulse,1.0,2.075,0.991700778026128,0.6110298154981794
pulse,1.0,2.0775,0.9914476369294248,0.6110298154981794
pulse,1.0,2.08,0.9911907095585101,0.6110298154981794
pulse,1.0,2.0825,0.9909299968945725,0.6110298154981794
pulse,1.0,2.085,0.9906654999332568,0.6110298154981794
pulse,1.0,2.0875,0.9903972196846601,0.6110298154981794
pulse,1.0,2.09,0.9901251571733268,0.6110298154981794
pulse,1.0,2.0925000000000002,0.9898493134382463,0.6110298154981794
pulse,1.0,2.0949999999999998,0.9895696895328477,0.6110298154981794
pulse,1.0,2.0975,0.9892862865249967,0.6110298154981794
pulse,1.0,2.1,0.988999105496991,0.6110298154981794
pulse,1.0,2.1025,0.9887081475455565,0.6110298154981794
pulse,1.0,2.105,0.9884134137818422,0.6110298154981794
pulse,1.0,2.1075,0.9881149053314178,0.6110298154981794
pulse,1.0,2.11,0.9878126233342673,0.6110298154981794
pulse,1.0,2.1125,0.9875065689447862,0.6110298154981794
pulse,1.0,2.115,0.9871967433317763,0.6110298154981794
pulse,1.0,2.1175,0.9868831476784418,0.6110298154981794
pulse,1.0,2.12,0.9865657831823837,0.6110298154981794
pulse,1.0,2.1225,0.9862446510555969,0.6110298154981794
pulse,1.0,2.125,0.9859197525244638,0.6110298154981794
pulse,1.0,2.1275,0.9855910888297508,0.6110298154981794
pulse,1.0,2.13,0.9852586612266035,0.6110298154981794
pulse,1.0,2.1325000000000003,0.9849224709845412,0.6110298154981794
pulse,1.0,2.135,0.9845825193874527,0.6110298154981794
pulse,1.0,2.1375,0.984238807733591,0.6110298154981794
pulse,1.0,2.14,0.9838913373355687,0.6110298154981794
pulse,1.0,2.1425,0.9835401095203526,0.6110298154981794
pulse,1.0,2.145,0.9831851256292592,0.6110298154981794
pulse,1.0,2.1475,0.9828263870179486,0.6110298154981794
pulse,1.0,2.15,0.9824638950564204,0.6110298154981794
pulse,1.0,2.1525,0.9820976511290079,0.6110298154981794
pulse,1.0,2.1550000000000002,0.9817276566343731,0.6110298154981794
pulse,1.0,2.1574999999999998,0.9813539129855006,0.6110298154981794
pulse,1.0,2.16,0.9809764216096936,0.6110298154981794
pulse,1.0,2.1625,0.9805951839485668,0.6110298154981794
pulse,1.0,2.165,0.9802102014580422,0.6110298154981794
pulse,1.0,2.1675,0.979821475608343,0.6110298154981794
pulse,1.0,2.17,0.979429007883988,0.6110298154981794
pulse,1.0,2.1725,0.979032799783786,0.6110298154981794
pulse,1.0,2.175,0.97863285282083,0.6110298154981794
pulse,1.0,2.1775,0.9782291685224914,0.6110298154981794
pulse,1.0,2.18,0.9778217484304147,0.6110298154981794
pulse,1.0,2.1825,0.9774105941005105,0.6110298154981794
pulse,1.0,2.185,0.9769957071029506,0.6110298154981794
pulse,1.0,2.1875,0.9765770890221613,0.6110298154981794
pulse,1.0,2.19,0.9761547414568184,0.6110298154981794
pulse,1.0,2.1925,0.9757286660198393,0.6110298154981794
pulse,1.0,2.1950000000000003,0.9752988643383789,0.6110298154981794
pulse,1.0,2.1975,0.9748653380538217,0.6110298154981794
pulse,1.0,2.2,0.9744280888217763,0.6110298154981794
pulse,1.0,2.2025,0.9739871183120696,0.6110298154981794
pulse,1.0,2.205,0.9735424282087392,0.6110298154981794
pulse,1.0,2.2075,0.9730940202100276,0.6110298154981794
pulse,1.0,2.21,0.972641896028376,0.6110298154981794
pulse,1.0,2.2125,0.9721860573904173,0.6110298154981794
pulse,1.0,2.215,0.9717265060369695,0.6110298154981794
pulse,1.0,2.2175000000000002,0.9712632437230297,0.6110298154981794
pulse,1.0,2.2199999999999998,0.9707962722177667,0.6110298154981794
pulse,1.0,2.2225,0.9703255933045138,0.6110298154981794
pulse,1.0,2.225,0.9698512087807639,0.6110298154981794
pulse,1.0,2.2275,0.9693731204581604,0.6110298154981794
pulse,1.0,2.23,0.9688913301624916,0.6110298154981794
pulse,1.0,2.2325,0.9684058397336834,0.6110298154981794
pulse,1.0,2.235,0.9679166510257925,0.6110298154981794
pulse,1.0,2.2375,0.9674237659069983,0.6110298154981794
pulse,1.0,2.24,0.9669271862595976,0.6110298154981794
pulse,1.0,2.2425,0.9664269139799957,0.6110298154981794
pulse,1.0,2.245,0.9659229509787001,0.6110298154981794
pulse,1.0,2.2475,0.9654152991803124,0.6110298154981794
pulse,1.0,2.25,0.9649039605235222,0.6110298154981794
pulse,1.0,2.2525,0.9643889369610988,0.6110298154981794
pulse,1.0,2.255,0.9638702304598836,0.6110298154981794
pulse,1.0,2.2575000000000003,0.9633478430007828,0.6110298154981794
pulse,1.0,2.26,0.9628217765787609,0.6110298154981794
pulse,1.0,2.2625,0.9622920332028306,0.6110298154981794
pulse,1.0,2.265,0.9617586148960483,0.6110298154981794
pulse,1.0,2.2675,0.9612215236955034,0.6110298154981794
pulse,1.0,2.27,0.9606807616523126,0.6110298154981794
pulse,1.0,2.2725,0.9601363308316108,0.6110298154981794
pulse,1.0,2.275,0.9595882333125443,0.6110298154981794
pulse,1.0,2.2775,0.9590364711882619,0.6110298154981794
pulse,1.0,2.2800000000000002,0.9584810465659068,0.6110298154981794
pulse,1.0,2.2824999999999998,0.9579219615666106,0.6110298154981794
pulse,1.0,2.285,0.9573592183254818,0.6110298154981794
pulse,1.0,2.2875,0.956792818991601,0.6110298154981794
pulse,1.0,2.29,0.9562227657280099,0.6110298154981794
pulse,1.0,2.2925,0.9556490607117053,0.6110298154981794
pulse,1.0,2.295,0.9550717061336295,0.6110298154981794
pulse,1.0,2.2975,0.9544907041986619,0.6110298154981794
pulse,1.0,2.3,0.9539060571256112,0.6110298154981794
pulse,1.0,2.3025,0.9533177671472068,0.6110298154981794
pulse,1.0,2.305,0.9527258365100901,0.6110298154981794
pulse,1.0,2.3075,0.9521302674748057,0.6110298154981794
pulse,1.0,2.31,0.951531062315793,0.6110298154981794
pulse,1.0,2.3125,0.9509282233213777,0.6110298154981794
pulse,1.0,2.315,0.9503217527937629,0.6110298154981794
pulse,1.0,2.3175,0.9497116530490199,0.6110298154981794
pulse,1.0,2.3200000000000003,0.9490979264170804,0.6110298154981794
pulse,1.0,2.3225,0.9484805752417266,0.6110298154981794
pulse,1.0,2.325,0.9478596018805823,0.6110298154981794
pulse,1.0,2.3275,0.9472350087051046,0.6110298154981794
pulse,1.0,2.33,0.9466067981005745,0.6110298154981794
pulse,1.0,2.3325,0.9459749724660872,0.6110298154981794
pulse,1.0,2.335,0.9453395342145443,0.6110298154981794
pulse,1.0,2.3375,0.9447004857726428,0.6110298154981794
pulse,1.0,2.34,0.9440578295808675,0.6110298154981794
pulse,1.0,2.3425000000000002,0.9434115680934806,0.6110298154981794
pulse,1.0,2.3449999999999998,0.942761703778513,0.6110298154981794
pulse,1.0,2.3475,0.942108239117754,0.6110298154981794
pulse,1.0,2.35,0.9414511766067429,0.6110298154981794
pulse,1.0,2.3525,0.9407905187547588,0.6110298154981794
pulse,1.0,2.355,0.9401262680848116,0.6110298154981794
pulse,1.0,2.3575,0.9394584271336309,0.6110298154981794
pulse,1.0,2.36,0.9387869984516585,0.6110298154981794
pulse,1.0,2.3625,0.9381119846030364,0.6110298154981794
pulse,1.0,2.365,0.937433388165599,0.6110298154981794
pulse,1.0,2.3675,0.9367512117308622,0.6110298154981794
pulse,1.0,2.37,0.9360654579040134,0.6110298154981794
pulse,1.0,2.3725,0.9353761293039021,0.6110298154981794
pulse,1.0,2.375,0.9346832285630293,0.6110298154981794
pulse,1.0,2.3775,0.9339867583275382,0.6110298154981794
pulse,1.0,2.38,0.9332867212572035,0.6110298154981794
pulse,1.0,2.3825000000000003,0.9325831200254209,0.6110298154981794
pulse,1.0,2.385,0.9318759573191984,0.6110298154981794
pulse,1.0,2.3875,0.9311652358391442,0.6110298154981794
pulse,1.0,2.39,0.9304509582994577,0.6110298154981794
pulse,1.0,2.3925,0.9297331274279184,0.6110298154981794
pulse,1.0,2.395,0.9290117459658758,0.6110298154981794
pulse,1.0,2.3975,0.928286816668239,0.6110298154981794
pulse,1.0,2.4,0.9275583423034658,0.6110298154981794
pulse,1.0,2.4025,0.9268263256535527,0.6110298154981794
pulse,1.0,2.4050000000000002,0.9260907695140236,0.6110298154981794
pulse,1.0,2.4074999999999998,0.9253516766939203,0.6110298154981794
pulse,1.0,2.41,0.9246090500157894,0.6110298154981794
pulse,1.0,2.4125,0.9238628923156748,0.6110298154981794
pulse,1.0,2.415,0.9231132064431038,0.6110298154981794
pulse,1.0,2.4175,0.9223599952610785,0.6110298154981794
pulse,1.0,2.42,0.9216032616460634,0.6110298154981794
pulse,1.0,2.4225,0.920843008487975,0.6110298154981794
pulse,1.0,2.425,0.9200792386901709,0.6110298154981794
pulse,1.0,2.4275,0.9193119551694384,0.6110298154981794
pulse,1.0,2.43,0.9185411608559836,0.6110298154981794
pulse,1.0,2.4325,0.9177668586934197,0.6110298154981794
pulse,1.0,2.435,0.9169890516387567,0.6110298154981794
pulse,1.0,2.4375,0.9162077426623892,0.6110298154981794
pulse,1.0,2.44,0.9154229347480854,0.6110298154981794
pulse,1.0,2.4425,0.914634630892976,0.6110298154981794
pulse,1.0,2.4450000000000003,0.9138428341075422,0.6110298154981794
pulse,1.0,2.4475,0.9130475474156046,0.6110298154981794
pulse,1.0,2.45,0.9122487738543112,0.6110298154981794
pulse,1.0,2.4525,0.9114465164741268,0.6110298154981794
pulse,1.0,2.455,0.9106407783388202,0.6110298154981794
pulse,1.0,2.4575,0.909831562525453,0.6110298154981794
pulse,1.0,2.46,0.9090188721243679,0.6110298154981794
pulse,1.0,2.4625,0.9082027102391769,0.6110298154981794
pulse,1.0,2.465,0.9073830799867489,0.6110298154981794
pulse,1.0,2.4675000000000002,0.9065599844971993,0.6110298154981794
pulse,1.0,2.4699999999999998,0.9057334269138761,0.6110298154981794
pulse,1.0,2.4725,0.904903410393349,0.6110298154981794
pulse,1.0,2.475,0.9040699381053974,0.6110298154981794
pulse,1.0,2.4775,0.9032330132329978,0.6110298154981794
pulse,1.0,2.48,0.902392638972312,0.6110298154981794
pulse,1.0,2.4825,0.901548818532675,0.6110298154981794
pulse,1.0,2.485,0.9007015551365819,0.6110298154981794
pulse,1.0,2.4875,0.8998508520196771,0.6110298154981794
pulse,1.0,2.49,0.8989967124307399,0.6110298154981794
pulse,1.0,2.4925,0.8981391396316749,0.6110298154981794
pulse,1.0,2.495,0.8972781368974965,0.6110298154981794
pulse,1.0,2.4975,0.8964137075163185,0.6110298154981794
pulse,1.0,2.5,0.8955458547893403,0.6110298154981794
pulse,1.0,3.0,0.7216331955475035,0.6110298154981794
pulse,1.0,3.0025,0.7202110809724812,0.6110298154981794
pulse,1.0,3.005,0.7187862159580599,0.6110298154981794
pulse,1.0,3.0075,0.7173586059457063,0.6110298154981794
pulse,1.0,3.01,0.7159282563873707,0.6110298154981794
pulse,1.0,3.0125,0.7144951727454648,0.6110298154981794
pulse,1.0,3.015,0.7130593604928426,0.6110298154981794
pulse,1.0,3.0175,0.7116208251127778,0.6110298154981794
pulse,1.0,3.02,0.7101795720989438,0.6110298154981794
pulse,1.0,3.0225,0.7087356069553921,0.6110298154981794
pulse,1.0,3.025,0.7072889351965319,0.6110298154981794
pulse,1.0,3.0275,0.7058395623471092,0.6110298154981794
pulse,1.0,3.03,0.7043874939421846,0.6110298154981794
pulse,1.0,3.0325,0.702932735527113,0.6110298154981794
pulse,1.0,3.035,0.7014752926575227,0.6110298154981794
pulse,1.0,3.0375,0.7000151708992934,0.6110298154981794
pulse,1.0,3.04,0.6985523758285355,0.6110298154981794
pulse,1.0,3.0425,0.6970869130315682,0.6110298154981794
pulse,1.0,3.045,0.6956187881048991,0.6110298154981794
pulse,1.0,3.0475,0.6941480066552019,0.6110298154981794
pulse,1.0,3.05,0.6926745742992957,0.6110298154981794
pulse,1.0,3.0525,0.6911984966641227,0.6110298154981794
pulse,1.0,3.055,0.6897197793867281,0.6110298154981794
pulse,1.0,3.0575,0.6882384281142373,0.6110298154981794
pulse,1.0,3.06,0.6867544485038345,0.6110298154981794
pulse,1.0,3.0625,0.6852678462227415,0.6110298154981794
pulse,1.0,3.065,0.6837786269481961,0.6110298154981794
pulse,1.0,3.0675,0.6822867963674301,0.6110298154981794
pulse,1.0,3.07,0.6807923601776477,0.6110298154981794
pulse,1.0,3.0725,0.6792953240860037,0.6110298154981794
pulse,1.0,3.075,0.6777956938095816,0.6110298154981794
pulse,1.0,3.0775,0.6762934750753727,0.6110298154981794
pulse,1.0,3.08,0.6747886736202527,0.6110298154981794
pulse,1.0,3.0825,0.6732812951909606,0.6110298154981794
pulse,1.0,3.085,0.6717713455440768,0.6110298154981794
pulse,1.0,3.0875,0.6702588304460013,0.6110298154981794
pulse,1.0,3.09,0.6687437556729311,0.6110298154981794
pulse,1.0,3.0925,0.6672261270108383,0.6110298154981794
pulse,1.0,3.095,0.6657059502554481,0.6110298154981794
pulse,1.0,3.0975,0.6641832312122175,0.6110298154981794
pulse,1.0,3.1,0.6626579756963114,0.6110298154981794
pulse,1.0,3.1025,0.6611301895325818,0.6110298154981794
pulse,1.0,3.105,0.6595998785555449,0.6110298154981794
pulse,1.0,3.1075,0.658067048609359,0.6110298154981794
pulse,1.0,3.11,0.6565317055478023,0.6110298154981794
pulse,1.0,3.1125,0.6549938552342505,0.6110298154981794
pulse,1.0,3.115,0.6534535035416534,0.6110298154981794
pulse,1.0,3.1175,0.6519106563525154,0.6110298154981794
pulse,1.0,3.12,0.6503653195588691,0.6110298154981794
pulse,1.0,3.1225,0.6488174990622557,0.6110298154981794
pulse,1.0,3.125,0.6472672007737013,0.6110298154981794
pulse,1.0,3.1275,0.645714430613694,0.6110298154981794
pulse,1.0,3.13,0.6441591945121631,0.6110298154981794
pulse,1.0,3.1325,0.6426014984084538,0.6110298154981794
pulse,1.0,3.135,0.6410413482513068,0.6110298154981794
pulse,1.0,3.1375,0.6394787499988338,0.6110298154981794
pulse,1.0,3.14,0.6379137096184969,0.6110298154981794
pulse,1.0,3.1425,0.6363462330870836,0.6110298154981794
pulse,1.0,3.145,0.6347763263906847,0.6110298154981794
pulse,1.0,3.1475,0.6332039955246724,0.6110298154981794
pulse,1.0,3.15,0.6316292464936762,0.6110298154981794
pulse,1.0,3.1525,0.6300520853115605,0.6110298154981794
pulse,1.0,3.155,0.6284725180014017,0.6110298154981794
pulse,1.0,3.1575,0.6268905505954642,0.6110298154981794
pulse,1.0,3.16,0.6253061891351798,0.6110298154981794
pulse,1.0,3.1625,0.6237194396711218,0.6110298154981794
pulse,1.0,3.165,0.6221303082629832,0.6110298154981794
pulse,1.0,3.1675,0.6205388009795542,0.6110298154981794
pulse,1.0,3.17,0.6189449238986976,0.6110298154981794
pulse,1.0,3.1725,0.6173486831073267,0.6110298154981794
pulse,1.0,3.175,0.6157500847013815,0.6110298154981794
pulse,1.0,3.1775,0.6141491347858052,0.6110298154981794
pulse,1.0,3.18,0.6125458394745226,0.6110298154981794
pulse,1.0,3.1825,0.6109402048904138,0.6110298154981794
pulse,1.0,3.185,0.6093322371652933,0.6110298154981794
pulse,1.0,3.1875,0.6077219424398856,0.6110298154981794
pulse,1.0,3.19,0.6061093268638017,0.6110298154981794
pulse,1.0,3.1925,0.604494396595516,0.6110298154981794
pulse,1.0,3.195,0.6028771578023421,0.6110298154981794
pulse,1.0,3.1975,0.6012576166604104,0.6110298154981794
pulse,1.0,3.2,0.5996357793546431,0.6110298154981794
pulse,1.0,3.2025,0.5980116520787322,0.6110298154981794
pulse,1.0,3.205,0.5963852410351141,0.6110298154981794
pulse,1.0,3.2075,0.5947565524349472,0.6110298154981794
pulse,1.0,3.21,0.5931255924980873,0.6110298154981794
pulse,1.0,3.2125,0.591492367453065,0.6110298154981794
pulse,1.0,3.215,0.5898568835370605,0.6110298154981794
pulse,1.0,3.2175,0.5882191469958811,0.6110298154981794
pulse,1.0,3.22,0.5865791640839357,0.6110298154981794
pulse,1.0,3.2225,0.5849369410642135,0.6110298154981794
pulse,1.0,3.225,0.5832924842082574,0.6110298154981794
pulse,1.0,3.2275,0.5816457997961413,0.6110298154981794
pulse,1.0,3.23,0.5799968941164465,0.6110298154981794
pulse,1.0,3.2325,0.5783457734662365,0.6110298154981794
pulse,1.0,3.235,0.5766924441510338,0.6110298154981794
pulse,1.0,3.2375,0.5750369124847964,0.6110298154981794
pulse,1.0,3.24,0.5733791847898915,0.6110298154981794
pulse,1.0,3.2425,0.5717192673970746,0.6110298154981794
pulse,1.0,3.245,0.5700571666454619,0.6110298154981794
pulse,1.0,3.2475,0.5683928888825086,0.6110298154981794
pulse,1.0,3.25,0.5667264404639835,0.6110298154981794
pulse,1.0,3.2525,0.5650578277539449,0.6110298154981794
pulse,1.0,3.255,0.5633870571247165,0.6110298154981794
pulse,1.0,3.2575,0.5617141349568631,0.6110298154981794
pulse,1.0,3.26,0.5600390676391659,0.6110298154981794
pulse,1.0,3.2625,0.5583618615685978,0.6110298154981794
pulse,1.0,3.265,0.5566825231503009,0.6110298154981794
pulse,1.0,3.2675,0.5550010587975592,0.6110298154981794
pulse,1.0,3.27,0.5533174749317761,0.6110298154981794
pulse,1.0,3.2725,0.551631777982449,0.6110298154981794
pulse,1.0,3.275,0.5499439743871453,0.6110298154981794
pulse,1.0,3.2775,0.5482540705914776,0.6110298154981794
pulse,1.0,3.2800000000000002,0.5465620730490782,0.6110298154981794
pulse,1.0,3.2825,0.544867988221577,0.6110298154981794
pulse,1.0,3.285,0.5431718225785734,0.6110298154981794
pulse,1.0,3.2875,0.5414735825976141,0.6110298154981794
pulse,1.0,3.29,0.5397732747641676,0.6110298154981794
pulse,1.0,3.2925,0.5380709055715989,0.6110298154981794
pulse,1.0,3.295,0.5363664815211459,0.6110298154981794
pulse,1.0,3.2975,0.5346600091218929,0.6110298154981794
pulse,1.0,3.3,0.5329514948907479,0.6110298154981794
pulse,1.0,3.3025,0.5312409453524153,0.6110298154981794
pulse,1.0,3.305,0.5295283670393734,0.6110298154981794
pulse,1.0,3.3075,0.5278137664918476,0.6110298154981794
pulse,1.0,3.31,0.5260971502577861,0.6110298154981794
pulse,1.0,3.3125,0.5243785248928349,0.6110298154981794
pulse,1.0,3.315,0.5226578969603127,0.6110298154981794
pulse,1.0,3.3175,0.520935273031186,0.6110298154981794
pulse,1.0,3.32,0.519210659684044,0.6110298154981794
pulse,1.0,3.3225,0.5174840635050729,0.6110298154981794
pulse,1.0,3.325,0.5157554910880315,0.6110298154981794
pulse,1.0,3.3275,0.5140249490342262,0.6110298154981794
pulse,1.0,3.33,0.5122924439524846,0.6110298154981794
pulse,1.0,3.3325,0.5105579824591313,0.6110298154981794
pulse,1.0,3.335,0.508821571177962,0.6110298154981794
pulse,1.0,3.3375,0.5070832167402187,0.6110298154981794
pulse,1.0,3.34,0.5053429257845645,0.6110298154981794
pulse,1.0,3.3425000000000002,0.5036007049570574,0.6110298154981794
pulse,1.0,3.345,0.5018565609111261,0.6110298154981794
pulse,1.0,3.3475,0.5001105003075433,0.6110298154981794
pulse,1.0,3.35,0.4983625298144012,0.6110298154981794
pulse,1.0,3.3525,0.4966126561070859,0.6110298154981794
pulse,1.0,3.355,0.4948608858682514,0.6110298154981794
pulse,1.0,3.3575,0.4931072257877947,0.6110298154981794
pulse,1.0,3.36,0.4913516825628297,0.6110298154981794
pulse,1.0,3.3625,0.4895942628976624,0.6110298154981794
pulse,1.0,3.365,0.48783497350376387,0.6110298154981794
pulse,1.0,3.3675,0.48607382109974706,0.6110298154981794
pulse,1.0,3.37,0.4843108124113382,0.6110298154981794
pulse,1.0,3.3725,0.4825459541713533,0.6110298154981794
pulse,1.0,3.375,0.4807792531196716,0.6110298154981794
pulse,1.0,3.3775,0.47901071600320955,0.6110298154981794
pulse,1.0,3.38,0.47724034957589584,0.6110298154981794
pulse,1.0,3.3825,0.47546816059864494,0.6110298154981794
pulse,1.0,3.385,0.4736941558393316,0.6110298154981794
pulse,1.0,3.3875,0.47191834207276456,0.6110298154981794
pulse,1.0,3.39,0.4701407260806622,0.6110298154981794
pulse,1.0,3.3925,0.4683613146516242,0.6110298154981794
pulse,1.0,3.395,0.4665801145811075,0.6110298154981794
pulse,1.0,3.3975,0.4647971326713995,0.6110298154981794
pulse,1.0,3.4,0.46301237573159254,0.6110298154981794
pulse,1.0,3.4025,0.4612258505775575,0.6110298154981794
pulse,1.0,3.4050000000000002,0.45943756403191793,0.6110298154981794
pulse,1.0,3.4075,0.4576475229240246,0.6110298154981794
pulse,1.0,3.41,0.4558557340899282,0.6110298154981794
pulse,1.0,3.4125,0.45406220437235384,0.6110298154981794
pulse,1.0,3.415,0.4522669406206754,0.6110298154981794
pulse,1.0,3.4175,0.4504699496908886,0.6110298154981794
pulse,1.0,3.42,0.44867123844558526,0.6110298154981794
pulse,1.0,3.4225,0.4468708137539269,0.6110298154981794
pulse,1.0,3.425,0.44506868249161874,0.6110298154981794
pulse,1.0,3.4275,0.44326485154088263,0.6110298154981794
pulse,1.0,3.43,0.44145932779043273,0.6110298154981794
pulse,1.0,3.4325,0.4396521181354469,0.6110298154981794
pulse,1.0,3.435,0.43784322947754134,0.6110298154981794
pulse,1.0,3.4375,0.4360326687247447,0.6110298154981794
pulse,1.0,3.44,0.434220442791471,0.6110298154981794
pulse,1.0,3.4425,0.4324065585984936,0.6110298154981794
pulse,1.0,3.445,0.4305910230729183,0.6110298154981794
pulse,1.0,3.4475,0.4287738431481578,0.6110298154981794
pulse,1.0,3.45,0.4269550257639038,0.6110298154981794
pulse,1.0,3.4525,0.4251345778661027,0.6110298154981794
pulse,1.0,3.455,0.42331250640692664,0.6110298154981794
pulse,1.0,3.4575,0.4214888183447483,0.6110298154981794
pulse,1.0,3.46,0.41966352064411383,0.6110298154981794
pulse,1.0,3.4625,0.4178366202757171,0.6110298154981794
pulse,1.0,3.465,0.41600812421637196,0.6110298154981794
pulse,1.0,3.4675000000000002,0.41417803944898596,0.6110298154981794
pulse,1.0,3.47,0.4123463729625346,0.6110298154981794
pulse,1.0,3.4725,0.4105131317520333,0.6110298154981794
pulse,1.0,3.475,0.4086783228185113,0.6110298154981794
pulse,1.0,3.4775,0.40684195316898464,0.6110298154981794
pulse,1.0,3.48,0.4050040298164301,0.6110298154981794
pulse,1.0,3.4825,0.4031645597797576,0.6110298154981794
pulse,1.0,3.485,0.40132355008378406,0.6110298154981794
pulse,1.0,3.4875,0.3994810077592061,0.6110298154981794
pulse,1.0,3.49,0.3976369398425729,0.6110298154981794
pulse,1.0,3.4925,0.39579135337626076,0.6110298154981794
pulse,1.0,3.495,0.3939442554084444,0.6110298154981794
pulse,1.0,3.4975,0.3920956529930714,0.6110298154981794
pulse,1.0,3.5,0.39024555318983417,0.6110298154981794
pulse,1.0,3.5025,0.38839396306414403,0.6110298154981794
pulse,1.0,3.505,0.38654088968710326,0.6110298154981794
pulse,1.0,3.5075000000000003,0.38468634013547903,0.6110298154981794
pulse,1.0,3.51,0.38283032149167634,0.6110298154981794
pulse,1.0,3.5125,0.3809728408437089,0.6110298154981794
pulse,1.0,3.515,0.3791139052851757,0.6110298154981794
pulse,1.0,3.5175,0.3772535219152309,0.6110298154981794
pulse,1.0,3.52,0.37539169783855764,0.6110298154981794
pulse,1.0,3.5225,0.3735284401653415,0.6110298154981794
pulse,1.0,3.525,0.37166375601124246,0.6110298154981794
pulse,1.0,3.5275,0.36979765249736873,0.6110298154981794
pulse,1.0,3.5300000000000002,0.3679301367502478,0.6110298154981794
pulse,1.0,3.5324999999999998,0.36606121590180246,0.6110298154981794
pulse,1.0,3.535,0.3641908970893186,0.6110298154981794
pulse,1.0,3.5375,0.36231918745542374,0.6110298154981794
pulse,1.0,3.54,0.36044609414805506,0.6110298154981794
pulse,1.0,3.5425,0.35857162432043443,0.6110298154981794
pulse,1.0,3.545,0.3566957851310405,0.6110298154981794
pulse,1.0,3.5475,0.3548185837435815,0.6110298154981794
pulse,1.0,3.55,0.3529400273269678,0.6110298154981794
pulse,1.0,3.5525,0.35106012305528395,0.6110298154981794
pulse,1.0,3.555,0.34917887810776327,0.6110298154981794
pulse,1.0,3.5575,0.34729629966875786,0.6110298154981794
pulse,1.0,3.56,0.3454123949277125,0.6110298154981794
pulse,1.0,3.5625,0.3435271710791374,0.6110298154981794
pulse,1.0,3.565,0.34164063532257993,0.6110298154981794
pulse,1.0,3.5675,0.33975279486259796,0.6110298154981794
pulse,1.0,3.5700000000000003,0.3378636569087314,0.6110298154981794
pulse,1.0,3.5725,0.3359732286754763,0.6110298154981794
pulse,1.0,3.575,0.3340815173822544,0.6110298154981794
pulse,1.0,3.5775,0.3321885302533893,0.6110298154981794
pulse,1.0,3.58,0.33029427451807575,0.6110298154981794
pulse,1.0,3.5825,0.32839875741035346,0.6110298154981794
pulse,1.0,3.585,0.32650198616907933,0.6110298154981794
pulse,1.0,3.5875,0.3246039680378998,0.6110298154981794
pulse,1.0,3.59,0.32270471026522285,0.6110298154981794
pulse,1.0,3.5925000000000002,0.32080422010419046,0.6110298154981794
pulse,1.0,3.5949999999999998,0.31890250481265225,0.6110298154981794
pulse,1.0,3.5975,0.3169995716531343,0.6110298154981794
pulse,1.0,3.6,0.3150954278928156,0.6110298154981794
pulse,1.0,3.6025,0.3131900808034977,0.6110298154981794
pulse,1.0,3.605,0.3112835376615774,0.6110298154981794
pulse,1.0,3.6075,0.3093758057480192,0.6110298154981794
pulse,1.0,3.61,0.3074668923483275,0.6110298154981794
pulse,1.0,3.6125,0.305556804752519,0.6110298154981794
pulse,1.0,3.615,0.3036455502550937,0.6110298154981794
pulse,1.0,3.6175,0.30173313615500946,0.6110298154981794
pulse,1.0,3.62,0.2998195697556512,0.6110298154981794
pulse,1.0,3.6225,0.2979048583648048,0.6110298154981794
pulse,1.0,3.625,0.2959890092946289,0.6110298154981794
pulse,1.0,3.6275,0.29407202986162706,0.6110298154981794
pulse,1.0,3.63,0.29215392738661905,0.6110298154981794
pulse,1.0,3.6325000000000003,0.2902347091947137,0.6110298154981794
pulse,1.0,3.635,0.2883143826152816,0.6110298154981794
pulse,1.0,3.6375,0.2863929549819242,0.6110298154981794
pulse,1.0,3.64,0.2844704336324499,0.6110298154981794
pulse,1.0,3.6425,0.28254682590884267,0.6110298154981794
pulse,1.0,3.645,0.2806221391572358,0.6110298154981794
pulse,1.0,3.6475,0.2786963807278829,0.6110298154981794
pulse,1.0,3.65,0.27676955797513064,0.6110298154981794
pulse,1.0,3.6525,0.2748416782573902,0.6110298154981794
pulse,1.0,3.6550000000000002,0.2729127489371087,0.6110298154981794
pulse,1.0,3.6574999999999998,0.27098277738074306,0.6110298154981794
pulse,1.0,3.66,0.26905177095872823,0.6110298154981794
pulse,1.0,3.6625,0.26711973704545344,0.6110298154981794
pulse,1.0,3.665,0.2651866830192305,0.6110298154981794
pulse,1.0,3.6675,0.26325261626226726,0.6110298154981794
pulse,1.0,3.67,0.26131754416063946,0.6110298154981794
pulse,1.0,3.6725,0.2593814741042616,0.6110298154981794
pulse,1.0,3.675,0.25744441348686,0.6110298154981794
pulse,1.0,3.6775,0.255506369705943,0.6110298154981794
pulse,1.0,3.68,0.2535673501627746,0.6110298154981794
pulse,1.0,3.6825,0.25162736226234456,0.6110298154981794
pulse,1.0,3.685,0.24968641341334077,0.6110298154981794
pulse,1.0,3.6875,0.24774451102812092,0.6110298154981794
pulse,1.0,3.69,0.24580166252268423,0.6110298154981794
pulse,1.0,3.6925,0.24385787531664313,0.6110298154981794
pulse,1.0,3.6950000000000003,0.2419131568331946,0.6110298154981794
pulse,1.0,3.6975,0.23996751449909326,0.6110298154981794
pulse,1.0,3.7,0.23802095574461965,0.6110298154981794
pulse,1.0,3.7025,0.23607348800355657,0.6110298154981794
pulse,1.0,3.705,0.23412511871315647,0.6110298154981794
pulse,1.0,3.7075,0.23217585531411547,0.6110298154981794
pulse,1.0,3.71,0.2302257052505439,0.6110298154981794
pulse,1.0,3.7125,0.22827467596993828,0.6110298154981794
pulse,1.0,3.715,0.226322774923153,0.6110298154981794
pulse,1.0,3.7175000000000002,0.2243700095643712,0.6110298154981794
pulse,1.0,3.7199999999999998,0.22241638735107805,0.6110298154981794
pulse,1.0,3.7225,0.22046191574402887,0.6110298154981794
pulse,1.0,3.725,0.21850660220722457,0.6110298154981794
pulse,1.0,3.7275,0.21655045420788074,0.6110298154981794
pulse,1.0,3.73,0.21459347921639976,0.6110298154981794
pulse,1.0,3.7325,0.21263568470634184,0.6110298154981794
pulse,1.0,3.735,0.21067707815439743,0.6110298154981794
pulse,1.0,3.7375,0.20871766704035785,0.6110298154981794
pulse,1.0,3.74,0.20675745884708677,0.6110298154981794
pulse,1.0,3.7425,0.20479646106049276,0.6110298154981794
pulse,1.0,3.745,0.2028346811694986,0.6110298154981794
pulse,1.0,3.7475,0.2008721266660147,0.6110298154981794
pulse,1.0,3.75,0.1989088050449095,0.6110298154981794
pulse,1.0,3.7525,0.19694472380398054,0.6110298154981794
pulse,1.0,3.755,0.1949798904439269,0.6110298154981794
pulse,1.0,3.7575000000000003,0.19301431246831952,0.6110298154981794
pulse,1.0,3.76,0.191047997383574,0.6110298154981794
pulse,1.0,3.7625,0.1890809526989187,0.6110298154981794
pulse,1.0,3.765,0.18711318592637083,0.6110298154981794
pulse,1.0,3.7675,0.18514470458070376,0.6110298154981794
pulse,1.0,3.77,0.18317551617941985,0.6110298154981794
pulse,1.0,3.7725,0.18120562824272196,0.6110298154981794
pulse,1.0,3.775,0.17923504829348427,0.6110298154981794
pulse,1.0,3.7775,0.17726378385722394,0.6110298154981794
pulse,1.0,3.7800000000000002,0.17529184246207155,0.6110298154981794
pulse,1.0,3.7824999999999998,0.17331923163874446,0.6110298154981794
pulse,1.0,3.785,0.1713459589205139,0.6110298154981794
pulse,1.0,3.7875,0.16937203184318164,0.6110298154981794
pulse,1.0,3.79,0.16739745794504662,0.6110298154981794
pulse,1.0,3.7925,0.1654222447668786,0.6110298154981794
pulse,1.0,3.795,0.16344639985188839,0.6110298154981794
pulse,1.0,3.7975,0.1614699307456997,0.6110298154981794
pulse,1.0,3.8,0.1594928449963199,0.6110298154981794
pulse,1.0,3.8025,0.15751515015411047,0.6110298154981794
pulse,1.0,3.805,0.15553685377176105,0.6110298154981794
pulse,1.0,3.8075,0.15355796340425643,0.6110298154981794
pulse,1.0,3.81,0.15157848660885062,0.6110298154981794
pulse,1.0,3.8125,0.14959843094503703,0.6110298154981794
pulse,1.0,3.815,0.14761780397452007,0.6110298154981794
pulse,1.0,3.8175,0.14563661326118538,0.6110298154981794
pulse,1.0,3.8200000000000003,0.1436548663710716,0.6110298154981794
pulse,1.0,3.8225,0.14167257087234236,0.6110298154981794
pulse,1.0,3.825,0.1396897343352545,0.6110298154981794
pulse,1.0,3.8275,0.13770636433213296,0.6110298154981794
pulse,1.0,3.83,0.13572246843733868,0.6110298154981794
pulse,1.0,3.8325,0.1337380542272418,0.6110298154981794
pulse,1.0,3.835,0.13175312928019112,0.6110298154981794
pulse,1.0,3.8375,0.1297677011764862,0.6110298154981794
pulse,1.0,3.84,0.12778177749834863,0.6110298154981794
pulse,1.0,3.8425000000000002,0.12579536582989126,0.6110298154981794
pulse,1.0,3.8449999999999998,0.12380847375709268,0.6110298154981794
pulse,1.0,3.8475,0.12182110886776344,0.6110298154981794
pulse,1.0,3.85,0.11983327875152205,0.6110298154981794
pulse,1.0,3.8525,0.11784499099976252,0.6110298154981794
pulse,1.0,3.855,0.11585625320562683,0.6110298154981794
pulse,1.0,3.8575,0.1138670729639754,0.6110298154981794
pulse,1.0,3.86,0.11187745787135896,0.6110298154981794
pulse,1.0,3.8625,0.10988741552598807,0.6110298154981794
pulse,1.0,3.865,0.10789695352770527,0.6110298154981794
pulse,1.0,3.8675,0.10590607947795633,0.6110298154981794
pulse,1.0,3.87,0.10391480097975997,0.6110298154981794
pulse,1.0,3.8725,0.10192312563767929,0.6110298154981794
pulse,1.0,3.875,0.09993106105779351,0.6110298154981794
pulse,1.0,3.8775,0.0979386148476679,0.6110298154981794
pulse,1.0,3.88,0.09594579461632534,0.6110298154981794
pulse,1.0,3.8825000000000003,0.09395260797421645,0.6110298154981794
pulse,1.0,3.885,0.09195906253319312,0.6110298154981794
pulse,1.0,3.8875,0.08996516590647459,0.6110298154981794
pulse,1.0,3.89,0.08797092570862361,0.6110298154981794
pulse,1.0,3.8925,0.08597634955551399,0.6110298154981794
pulse,1.0,3.895,0.08398144506430257,0.6110298154981794
pulse,1.0,3.8975,0.08198621985340014,0.6110298154981794
pulse,1.0,3.9,0.07999068154244245,0.6110298154981794
pulse,1.0,3.9025,0.0779948377522609,0.6110298154981794
pulse,1.0,3.9050000000000002,0.07599869610485283,0.6110298154981794
pulse,1.0,3.9074999999999998,0.07400226422335508,0.6110298154981794
pulse,1.0,3.91,0.07200554973200986,0.6110298154981794
pulse,1.0,3.9125,0.07000856025614159,0.6110298154981794
pulse,1.0,3.915,0.06801130342212301,0.6110298154981794
pulse,1.0,3.9175,0.06601378685734843,0.6110298154981794
pulse,1.0,3.92,0.06401601819020414,0.6110298154981794
pulse,1.0,3.9225,0.062018005050038925,0.6110298154981794
pulse,1.0,3.925,0.06001975506713541,0.6110298154981794
pulse,1.0,3.9275,0.05802127587268045,0.6110298154981794
pulse,1.0,3.93,0.056022575098736996,0.6110298154981794
pulse,1.0,3.9325,0.05402366037821333,0.6110298154981794
pulse,1.0,3.935,0.05202453934483496,0.6110298154981794
pulse,1.0,3.9375,0.05002521963311578,0.6110298154981794
pulse,1.0,3.94,0.0480257088783278,0.6110298154981794
pulse,1.0,3.9425,0.046026014716472975,0.6110298154981794
pulse,1.0,3.9450000000000003,0.04402614478425325,0.6110298154981794
pulse,1.0,3.9475,0.04202610671904326,0.6110298154981794
pulse,1.0,3.95,0.040025908158857086,0.6110298154981794
pulse,1.0,3.9525,0.038025556742324475,0.6110298154981794
pulse,1.0,3.955,0.036025060108657365,0.6110298154981794
pulse,1.0,3.9575,0.03402442589762255,0.6110298154981794
pulse,1.0,3.96,0.03202366174951239,0.6110298154981794
pulse,1.0,3.9625,0.030022775305115074,0.6110298154981794
pulse,1.0,3.965,0.028021774205686734,0.6110298154981794
pulse,1.0,3.9675000000000002,0.02602066609291995,0.6110298154981794
pulse,1.0,3.9699999999999998,0.024019458608917906,0.6110298154981794
pulse,1.0,3.9725,0.022018159396160954,0.6110298154981794
pulse,1.0,3.975,0.020016776097481957,0.6110298154981794
pulse,1.0,3.9775,0.01801531635603344,0.6110298154981794
pulse,1.0,3.98,0.016013787815260347,0.6110298154981794
pulse,1.0,3.9825,0.014012198118870367,0.6110298154981794
pulse,1.0,3.985,0.012010554910804737,0.6110298154981794
pulse,1.0,3.9875,0.010008865835209114,0.6110298154981794
pulse,1.0,3.99,0.008007138536403507,0.6110298154981794
pulse,1.0,3.9925,0.006005380658855773,0.6110298154981794
pulse,1.0,3.995,0.004003599847148848,0.6110298154981794
pulse,1.0,3.9975,0.0020018037459538225,0.6110298154981794
pulse,1.0,4.0,1.3418054653895466e-16,0.6110298154981794
harmonic,0.85,1.0,0.0,1.1020674557237253
harmonic,0.85,1.5,0.7560301957942356,1.1020674557237253
harmonic,0.85,1.8333333333333333,0.9789034579997754,1.1020674557237253
harmonic,0.85,2.083333333333333,1.0,1.1020674557237253
harmonic,0.85,2.283333333333333,0.9375961777960997,1.1020674557237253
harmonic,0.85,2.4499999999999997,0.8405535757472875,1.1020674557237253
harmonic,0.85,2.5928571428571425,0.7310447422400004,1.1020674557237253
harmonic,0.85,2.7178571428571425,0.6196758276333226,1.1020674557237253
harmonic,0.85,2.8289682539682537,0.5116043340722132,1.1020674557237253
harmonic,0.85,2.9289682539682538,0.40926900001427774,1.1020674557237253
harmonic,0.85,3.0198773448773446,0.3137002560456462,1.1020674557237253
harmonic,0.85,3.103210678210678,0.2251848362248835,1.1020674557237253
harmonic,0.85,3.180133755133755,0.14361696976416552,1.1020674557237253
harmonic,0.85,3.251562326562327,0.06868951864827257,1.1020674557237253
harmonic,0.85,3.3182289932289937,0.0,1.1020674557237253
pulse,0.85,0.0,0.0,0.43444893417215547
pulse,0.85,0.0025,0.0025153578473344237,0.43444893417215547
pulse,0.85,0.005,0.005028487301715706,0.43444893417215547
pulse,0.85,0.0075,0.0075393803988780235,0.43444893417215547
pulse,0.85,0.01,0.010048029190415824,0.43444893417215547
pulse,0.85,0.0125,0.012554425743801237,0.43444893417215547
pulse,0.85,0.015,0.015058562142401413,0.43444893417215547
pulse,0.85,0.0175,0.017560430485495795,0.43444893417215547
pulse,0.85,0.02,0.02006002288829327,0.43444893417215547
pulse,0.85,0.0225,0.022557331481949317,0.43444893417215547
pulse,0.85,0.025,0.025052348413583,0.43444893417215547
pulse,0.85,0.0275,0.027545065846293928,0.43444893417215547
pulse,0.85,0.03,0.03003547595917912,0.43444893417215547
pulse,0.85,0.0325,0.03252357094734981,0.43444893417215547
pulse,0.85,0.035,0.035009343021948164,0.43444893417215547
pulse,0.85,0.0375,0.037492784410163855,0.43444893417215547
pulse,0.85,0.04,0.03997388735525074,0.43444893417215547
pulse,0.85,0.0425,0.04245264411654319,0.43444893417215547
pulse,0.85,0.045,0.04492904696947265,0.43444893417215547
pulse,0.85,0.0475,0.04740308820558386,0.43444893417215547
pulse,0.85,0.05,0.049874760132551064,0.43444893417215547
pulse,0.85,0.0525,0.05234405507419432,0.43444893417215547
pulse,0.85,0.055,0.05481096537049547,0.43444893417215547
pulse,0.85,0.0575,0.05727548337761419,0.43444893417215547
pulse,0.85,0.06,0.05973760146790391,0.43444893417215547
pulse,0.85,0.0625,0.06219731202992773,0.43444893417215547
pulse,0.85,0.065,0.06465460746847407,0.43444893417215547
pulse,0.85,0.0675,0.06710948020457252,0.43444893417215547
pulse,0.85,0.07,0.06956192267550937,0.43444893417215547
pulse,0.85,0.0725,0.07201192733484311,0.43444893417215547
pulse,0.85,0.075,0.07445948665242008,0.43444893417215547
pulse,0.85,0.0775,0.07690459311438963,0.43444893417215547
pulse,0.85,0.08,0.07934723922321957,0.43444893417215547
pulse,0.85,0.0825,0.08178741749771136,0.43444893417215547
pulse,0.85,0.085,0.08422512047301527,0.43444893417215547
pulse,0.85,0.08750000000000001,0.08666034070064545,0.43444893417215547
pulse,0.85,0.09,0.08909307074849496,0.43444893417215547
pulse,0.85,0.0925,0.09152330320085061,0.43444893417215547
pulse,0.85,0.095,0.09395103065840793,0.43444893417215547
pulse,0.85,0.0975,0.0963762457382857,0.43444893417215547
pulse,0.85,0.1,0.098798941074041,0.43444893417215547
pulse,0.85,0.10250000000000001,0.10121910931568347,0.43444893417215547
pulse,0.85,0.105,0.10363674312968998,0.43444893417215547
pulse,0.85,0.1075,0.10605183519901916,0.43444893417215547
pulse,0.85,0.11,0.1084643782231256,0.43444893417215547
pulse,0.85,0.1125,0.11087436491797437,0.43444893417215547
pulse,0.85,0.115,0.1132817880160549,0.43444893417215547
pulse,0.85,0.11750000000000001,0.1156866402663956,0.43444893417215547
pulse,0.85,0.12,0.11808891443457739,0.43444893417215547
pulse,0.85,0.1225,0.12048860330274815,0.43444893417215547
pulse,0.85,0.125,0.12288569966963635,0.43444893417215547
pulse,0.85,0.1275,0.1252801963505649,0.43444893417215547
pulse,0.85,0.13,0.127672086177465,0.43444893417215547
pulse,0.85,0.1325,0.13006136199888987,0.43444893417215547
pulse,0.85,0.135,0.13244801668002806,0.43444893417215547
pulse,0.85,0.1375,0.13483204310271718,0.43444893417215547
pulse,0.85,0.14,0.1372134341654576,0.43444893417215547
pulse,0.85,0.14250000000000002,0.13959218278342508,0.43444893417215547
pulse,0.85,0.145,0.14196828188848487,0.43444893417215547
pulse,0.85,0.1475,0.1443417244292044,0.43444893417215547
pulse,0.85,0.15,0.1467125033708665,0.43444893417215547
pulse,0.85,0.1525,0.14908061169548267,0.43444893417215547
pulse,0.85,0.155,0.15144604240180584,0.43444893417215547
pulse,0.85,0.1575,0.1538087885053432,0.43444893417215547
pulse,0.85,0.16,0.15616884303836934,0.43444893417215547
pulse,0.85,0.1625,0.1585261990499387,0.43444893417215547
pulse,0.85,0.165,0.1608808496058983,0.43444893417215547
pulse,0.85,0.1675,0.1632327877889004,0.43444893417215547
pulse,0.85,0.17,0.165582006698415,0.43444893417215547
pulse,0.85,0.17250000000000001,0.1679284994507422,0.43444893417215547
pulse,0.85,0.17500000000000002,0.17027225917902464,0.43444893417215547
pulse,0.85,0.1775,0.17261327903325963,0.43444893417215547
pulse,0.85,0.18,0.17495155218031158,0.43444893417215547
pulse,0.85,0.1825,0.17728707180392392,0.43444893417215547
pulse,0.85,0.185,0.17961983110473123,0.43444893417215547
pulse,0.85,0.1875,0.18194982330027118,0.43444893417215547
pulse,0.85,0.19,0.18427704162499656,0.43444893417215547
pulse,0.85,0.1925,0.18660147933028676,0.43444893417215547
pulse,0.85,0.195,0.18892312968445987,0.43444893417215547
pulse,0.85,0.1975,0.19124198597278425,0.43444893417215547
pulse,0.85,0.2,0.1935580414974897,0.43444893417215547
pulse,0.85,0.2025,0.19587128957777974,0.43444893417215547
pulse,0.85,0.20500000000000002,0.19818172354984234,0.43444893417215547
pulse,0.85,0.20750000000000002,0.20048933676686168,0.43444893417215547
pulse,0.85,0.21,0.20279412259902915,0.43444893417215547
pulse,0.85,0.2125,0.2050960744335548,0.43444893417215547
pulse,0.85,0.215,0.20739518567467816,0.43444893417215547
pulse,0.85,0.2175,0.20969144974367968,0.43444893417215547
pulse,0.85,0.22,0.2119848600788912,0.43444893417215547
pulse,0.85,0.2225,0.21427541013570736,0.43444893417215547
pulse,0.85,0.225,0.21656309338659602,0.43444893417215547
pulse,0.85,0.2275,0.21884790332110915,0.43444893417215547
pulse,0.85,0.23,0.22112983344589351,0.43444893417215547
pulse,0.85,0.2325,0.223408877284701,0.43444893417215547
pulse,0.85,0.23500000000000001,0.22568502837839957,0.43444893417215547
pulse,0.85,0.23750000000000002,0.22795828028498324,0.43444893417215547
pulse,0.85,0.24,0.2302286265795828,0.43444893417215547
pulse,0.85,0.2425,0.23249606085447566,0.43444893417215547
pulse,0.85,0.245,0.23476057671909675,0.43444893417215547
pulse,0.85,0.2475,0.23702216780004762,0.43444893417215547
pulse,0.85,0.25,0.23928082774110734,0.43444893417215547
pulse,0.85,0.2525,0.24153655020324222,0.43444893417215547
pulse,0.85,0.255,0.2437893288646154,0.43444893417215547
pulse,0.85,0.2575,0.24603915742059715,0.43444893417215547
pulse,0.85,0.26,0.24828602958377424,0.43444893417215547
pulse,0.85,0.2625,0.25052993908395976,0.43444893417215547
pulse,0.85,0.265,0.2527708796682027,0.43444893417215547
pulse,0.85,0.2675,0.25500884510079713,0.43444893417215547
pulse,0.85,0.27,0.25724382916329236,0.43444893417215547
pulse,0.85,0.2725,0.25947582565450145,0.43444893417215547
pulse,0.85,0.275,0.2617048283905111,0.43444893417215547
pulse,0.85,0.2775,0.2639308312046907,0.43444893417215547
pulse,0.85,0.28,0.266153827947701,0.43444893417215547
pulse,0.85,0.28250000000000003,0.26837381248750386,0.43444893417215547
pulse,0.85,0.28500000000000003,0.27059077870937087,0.43444893417215547
pulse,0.85,0.28750000000000003,0.27280472051589216,0.43444893417215547
pulse,0.85,0.29,0.2750156318269854,0.43444893417215547
pulse,0.85,0.2925,0.27722350657990447,0.43444893417215547
pulse,0.85,0.295,0.279428338729248,0.43444893417215547
pulse,0.85,0.2975,0.28163012224696826,0.43444893417215547
pulse,0.85,0.3,0.2838288511223793,0.43444893417215547
pulse,0.85,0.3025,0.2860245193621657,0.43444893417215547
pulse,0.85,0.305,0.28821712099039093,0.43444893417215547
pulse,0.85,0.3075,0.2904066500485051,0.43444893417215547
pulse,0.85,0.31,0.292593100595354,0.43444893417215547
pulse,0.85,0.3125,0.2947764667071867,0.43444893417215547
pulse,0.85,0.315,0.29695674247766357,0.43444893417215547
pulse,0.85,0.3175,0.2991339220178645,0.43444893417215547
pulse,0.85,0.32,0.3013079994562967,0.43444893417215547
pulse,0.85,0.3225,0.30347896893890264,0.43444893417215547
pulse,0.85,0.325,0.30564682462906767,0.43444893417215547
pulse,0.85,0.3275,0.3078115607076275,0.43444893417215547
pulse,0.85,0.33,0.3099731713728764,0.43444893417215547
pulse,0.85,0.3325,0.31213165084057404,0.43444893417215547
pulse,0.85,0.335,0.3142869933439535,0.43444893417215547
pulse,0.85,0.3375,0.31643919313372815,0.43444893417215547
pulse,0.85,0.34,0.31858824447809947,0.43444893417215547
pulse,0.85,0.3425,0.3207341416627638,0.43444893417215547
pulse,0.85,0.34500000000000003,0.3228768789909199,0.43444893417215547
pulse,0.85,0.34750000000000003,0.32501645078327546,0.43444893417215547
pulse,0.85,0.35000000000000003,0.3271528513780548,0.43444893417215547
pulse,0.85,0.3525,0.32928607513100533,0.43444893417215547
pulse,0.85,0.355,0.33141611641540447,0.43444893417215547
pulse,0.85,0.3575,0.33354296962206653,0.43444893417215547
pulse,0.85,0.36,0.3356666291593492,0.43444893417215547
pulse,0.85,0.3625,0.3377870894531603,0.43444893417215547
pulse,0.85,0.365,0.33990434494696475,0.43444893417215547
pulse,0.85,0.3675,0.3420183901017901,0.43444893417215547
pulse,0.85,0.37,0.3441292193962335,0.43444893417215547
pulse,0.85,0.3725,0.34623682732646827,0.43444893417215547
pulse,0.85,0.375,0.34834120840624977,0.43444893417215547
pulse,0.85,0.3775,0.35044235716692135,0.43444893417215547
pulse,0.85,0.38,0.35254026815742107,0.43444893417215547
pulse,0.85,0.3825,0.35463493594428713,0.43444893417215547
pulse,0.85,0.385,0.35672635511166423,0.43444893417215547
pulse,0.85,0.3875,0.3588145202613093,0.43444893417215547
pulse,0.85,0.39,0.36089942601259717,0.43444893417215547
pulse,0.85,0.3925,0.36298106700252647,0.43444893417215547
pulse,0.85,0.395,0.36505943788572515,0.43444893417215547
pulse,0.85,0.3975,0.367134533334456,0.43444893417215547
pulse,0.85,0.4,0.3692063480386227,0.43444893417215547
pulse,0.85,0.4025,0.3712748767057742,0.43444893417215547
pulse,0.85,0.405,0.3733401140611111,0.43444893417215547
pulse,0.85,0.40750000000000003,0.37540205484749034,0.43444893417215547
pulse,0.85,0.41000000000000003,0.3774606938254304,0.43444893417215547
pulse,0.85,0.41250000000000003,0.37951602577311677,0.43444893417215547
pulse,0.85,0.41500000000000004,0.3815680454864069,0.43444893417215547
pulse,0.85,0.4175,0.38361674777883453,0.43444893417215547
pulse,0.85,0.42,0.38566212748161605,0.43444893417215547
pulse,0.85,0.4225,0.3877041794436535,0.43444893417215547
pulse,0.85,0.425,0.38974289853154076,0.43444893417215547
pulse,0.85,0.4275,0.39177827962956746,0.43444893417215547
pulse,0.85,0.43,0.3938103176397243,0.43444893417215547
pulse,0.85,0.4325,0.3958390074817064,0.43444893417215547
pulse,0.85,0.435,0.3978643440929191,0.43444893417215547
pulse,0.85,0.4375,0.3998863224284813,0.43444893417215547
pulse,0.85,0.44,0.4019049374612303,0.43444893417215547
pulse,0.85,0.4425,0.4039201841817262,0.43444893417215547
pulse,0.85,0.445,0.4059320575982556,0.43444893417215547
pulse,0.85,0.4475,0.4079405527368356,0.43444893417215547
pulse,0.85,0.45,0.4099456646412184,0.43444893417215547
pulse,0.85,0.4525,0.41194738837289496,0.43444893417215547
pulse,0.85,0.455,0.4139457190110986,0.43444893417215547
pulse,0.85,0.4575,0.4159406516528093,0.43444893417215547
pulse,0.85,0.46,0.417932181412757,0.43444893417215547
pulse,0.85,0.4625,0.4199203034234254,0.43444893417215547
pulse,0.85,0.465,0.4219050128350555,0.43444893417215547
pulse,0.85,0.4675,0.42388630481564915,0.43444893417215547
pulse,0.85,0.47000000000000003,0.42586417455097264,0.43444893417215547
pulse,0.85,0.47250000000000003,0.4278386172445597,0.43444893417215547
pulse,0.85,0.47500000000000003,0.42980962811771495,0.43444893417215547
pulse,0.85,0.47750000000000004,0.4317772024095172,0.43444893417215547
pulse,0.85,0.48,0.43374133537682247,0.43444893417215547
pulse,0.85,0.4825,0.43570202229426697,0.43444893417215547
pulse,0.85,0.485,0.4376592584542704,0.43444893417215547
pulse,0.85,0.4875,0.4396130391670386,0.43444893417215547
pulse,0.85,0.49,0.4415633597605662,0.43444893417215547
pulse,0.85,0.4925,0.44351021558064024,0.43444893417215547
pulse,0.85,0.495,0.44545360199084166,0.43444893417215547
pulse,0.85,0.4975,0.4473935143725488,0.43444893417215547
pulse,0.85,0.5,0.4493299481249397,0.43444893417215547
pulse,0.85,0.5025000000000001,0.4512628986649945,0.43444893417215547
pulse,0.85,0.505,0.4531923614274982,0.43444893417215547
pulse,0.85,0.5075000000000001,0.4551183318650422,0.43444893417215547
pulse,0.85,0.51,0.45704080544802766,0.43444893417215547
pulse,0.85,0.5125,0.45895977766466645,0.43444893417215547
pulse,0.85,0.515,0.46087524402098473,0.43444893417215547
pulse,0.85,0.5175,0.46278720004082347,0.43444893417215547
pulse,0.85,0.52,0.4646956412658415,0.43444893417215547
pulse,0.85,0.5225,0.466600563255517,0.43444893417215547
pulse,0.85,0.525,0.4685019615871494,0.43444893417215547
pulse,0.85,0.5275,0.4703998318558608,0.43444893417215547
pulse,0.85,0.53,0.47229416967459875,0.43444893417215547
pulse,0.85,0.5325,0.4741849706741361,0.43444893417215547
pulse,0.85,0.535,0.47607223050307423,0.43444893417215547
pulse,0.85,0.5375,0.4779559448278436,0.43444893417215547
pulse,0.85,0.54,0.47983610933270565,0.43444893417215547
pulse,0.85,0.5425,0.48171271971975305,0.43444893417215547
pulse,0.85,0.545,0.48358577170891265,0.43444893417215547
pulse,0.85,0.5475,0.4854552610379453,0.43444893417215547
pulse,0.85,0.55,0.4873211834624473,0.43444893417215547
pulse,0.85,0.5525,0.48918353475585197,0.43444893417215547
pulse,0.85,0.555,0.49104231070942994,0.43444893417215547
pulse,0.85,0.5575,0.49289750713229014,0.43444893417215547
pulse,0.85,0.56,0.4947491198513816,0.43444893417215547
pulse,0.85,0.5625,0.496597144711492,0.43444893417215547
pulse,0.85,0.5650000000000001,0.4984415775752513,0.43444893417215547
pulse,0.85,0.5675,0.5002824143231298,0.43444893417215547
pulse,0.85,0.5700000000000001,0.5021196508534399,0.43444893417215547
pulse,0.85,0.5725,0.5039532830823368,0.43444893417215547
pulse,0.85,0.5750000000000001,0.5057833069438177,0.43444893417215547
pulse,0.85,0.5775,0.5076097183897235,0.43444893417215547
pulse,0.85,0.58,0.5094325133897382,0.43444893417215547
pulse,0.85,0.5825,0.5112516879313895,0.43444893417215547
pulse,0.85,0.585,0.5130672380200486,0.43444893417215547
pulse,0.85,0.5875,0.5148791596789304,0.43444893417215547
pulse,0.85,0.59,0.5166874489490935,0.43444893417215547
pulse,0.85,0.5925,0.5184921018894401,0.43444893417215547
pulse,0.85,0.595,0.5202931145767158,0.43444893417215547
pulse,0.85,0.5975,0.5220904831055092,0.43444893417215547
pulse,0.85,0.6,0.5238842035882523,0.43444893417215547
pulse,0.85,0.6025,0.5256742721552187,0.43444893417215547
pulse,0.85,0.605,0.527460684954525,0.43444893417215547
pulse,0.85,0.6075,0.5292434381521292,0.43444893417215547
pulse,0.85,0.61,0.531022527931829,0.43444893417215547
pulse,0.85,0.6125,0.5327979504952641,0.43444893417215547
pulse,0.85,0.615,0.5345697020619128,0.43444893417215547
pulse,0.85,0.6175,0.5363377788690924,0.43444893417215547
pulse,0.85,0.62,0.5381021771719577,0.43444893417215547
pulse,0.85,0.6225,0.5398628932435012,0.43444893417215547
pulse,0.85,0.625,0.5416199233745508,0.43444893417215547
pulse,0.85,0.6275000000000001,0.5433732638737694,0.43444893417215547
pulse,0.85,0.63,0.5451229110676538,0.43444893417215547
pulse,0.85,0.6325000000000001,0.5468688613005329,0.43444893417215547
pulse,0.85,0.635,0.5486111109345675,0.43444893417215547
pulse,0.85,0.6375000000000001,0.5503496563497475,0.43444893417215547
pulse,0.85,0.64,0.5520844939438921,0.43444893417215547
pulse,0.85,0.6425,0.5538156201326467,0.43444893417215547
pulse,0.85,0.645,0.5555430313494825,0.43444893417215547
pulse,0.85,0.6475,0.5572667240456944,0.43444893417215547
pulse,0.85,0.65,0.5589866946903996,0.43444893417215547
pulse,0.85,0.6525,0.5607029397705352,0.43444893417215547
pulse,0.85,0.655,0.5624154557908569,0.43444893417215547
pulse,0.85,0.6575,0.5641242392739374,0.43444893417215547
pulse,0.85,0.66,0.5658292867601631,0.43444893417215547
pulse,0.85,0.6625,0.5675305948077339,0.43444893417215547
pulse,0.85,0.665,0.5692281599926599,0.43444893417215547
pulse,0.85,0.6675,0.570921978908759,0.43444893417215547
pulse,0.85,0.67,0.5726120481676552,0.43444893417215547
pulse,0.85,0.6725,0.5742983643987766,0.43444893417215547
pulse,0.85,0.675,0.5759809242493529,0.43444893417215547
pulse,0.85,0.6775,0.5776597243844115,0.43444893417215547
pulse,0.85,0.68,0.5793347614867771,0.43444893417215547
pulse,0.85,0.6825,0.5810060322570682,0.43444893417215547
pulse,0.85,0.685,0.5826735334136934,0.43444893417215547
pulse,0.85,0.6875,0.5843372616928512,0.43444893417215547
pulse,0.85,0.6900000000000001,0.5859972138485239,0.43444893417215547
pulse,0.85,0.6925,0.587653386652478,0.43444893417215547
pulse,0.85,0.6950000000000001,0.589305776894259,0.43444893417215547
pulse,0.85,0.6975,0.5909543813811895,0.43444893417215547
pulse,0.85,0.7000000000000001,0.5925991969383658,0.43444893417215547
pulse,0.85,0.7025,0.5942402204086547,0.43444893417215547
pulse,0.85,0.705,0.59587744865269,0.43444893417215547
pulse,0.85,0.7075,0.5975108785488706,0.43444893417215547
pulse,0.85,0.71,0.5991405069933553,0.43444893417215547
pulse,0.85,0.7125,0.6007663309000606,0.43444893417215547
pulse,0.85,0.715,0.6023883472006573,0.43444893417215547
pulse,0.85,0.7175,0.604006552844566,0.43444893417215547
pulse,0.85,0.72,0.6056209447989543,0.43444893417215547
pulse,0.85,0.7225,0.6072315200487332,0.43444893417215547
pulse,0.85,0.725,0.6088382755965525,0.43444893417215547
pulse,0.85,0.7275,0.610441208462798,0.43444893417215547
pulse,0.85,0.73,0.6120403156855873,0.43444893417215547
pulse,0.85,0.7325,0.6136355943207656,0.43444893417215547
pulse,0.85,0.735,0.6152270414419018,0.43444893417215547
pulse,0.85,0.7375,0.6168146541402847,0.43444893417215547
pulse,0.85,0.74,0.6183984295249181,0.43444893417215547
pulse,0.85,0.7425,0.6199783647225181,0.43444893417215547
pulse,0.85,0.745,0.6215544568775075,0.43444893417215547
pulse,0.85,0.7475,0.6231267031520114,0.43444893417215547
pulse,0.85,0.75,0.6246951007258539,0.43444893417215547
pulse,0.85,0.7525000000000001,0.6262596467965525,0.43444893417215547
pulse,0.85,0.755,0.6278203385793146,0.43444893417215547
pulse,0.85,0.7575000000000001,0.6293771733070321,0.43444893417215547
pulse,0.85,0.76,0.6309301482302767,0.43444893417215547
pulse,0.85,0.7625000000000001,0.6324792606172961,0.43444893417215547
pulse,0.85,0.765,0.6340245077540076,0.43444893417215547
pulse,0.85,0.7675000000000001,0.6355658869439956,0.43444893417215547
pulse,0.85,0.77,0.6371033955085041,0.43444893417215547
pulse,0.85,0.7725,0.6386370307864335,0.43444893417215547
pulse,0.85,0.775,0.6401667901343344,0.43444893417215547
pulse,0.85,0.7775,0.641692670926404,0.43444893417215547
pulse,0.85,0.78,0.6432146705544789,0.43444893417215547
pulse,0.85,0.7825,0.6447327864280313,0.43444893417215547
pulse,0.85,0.785,0.6462470159741633,0.43444893417215547
pulse,0.85,0.7875,0.6477573566376016,0.43444893417215547
pulse,0.85,0.79,0.6492638058806918,0.43444893417215547
pulse,0.85,0.7925,0.6507663611833924,0.43444893417215547
pulse,0.85,0.795,0.6522650200432706,0.43444893417215547
pulse,0.85,0.7975,0.6537597799754963,0.43444893417215547
pulse,0.85,0.8,0.6552506385128347,0.43444893417215547
pulse,0.85,0.8025,0.6567375932056426,0.43444893417215547
pulse,0.85,0.805,0.6582206416218619,0.43444893417215547
pulse,0.85,0.8075,0.659699781347013,0.43444893417215547
pulse,0.85,0.81,0.6611750099841904,0.43444893417215547
pulse,0.85,0.8125,0.6626463251540544,0.43444893417215547
pulse,0.85,0.8150000000000001,0.6641137244948273,0.43444893417215547
pulse,0.85,0.8175,0.6655772056622855,0.43444893417215547
pulse,0.85,0.8200000000000001,0.667036766329755,0.43444893417215547
pulse,0.85,0.8225,0.6684924041881031,0.43444893417215547
pulse,0.85,0.8250000000000001,0.6699441169457335,0.43444893417215547
pulse,0.85,0.8275,0.6713919023285797,0.43444893417215547
pulse,0.85,0.8300000000000001,0.6728357580800981,0.43444893417215547
pulse,0.85,0.8325,0.6742756819612616,0.43444893417215547
pulse,0.85,0.835,0.6757116717505529,0.43444893417215547
pulse,0.85,0.8375,0.6771437252439585,0.43444893417215547
pulse,0.85,0.84,0.6785718402549611,0.43444893417215547
pulse,0.85,0.8425,0.6799960146145331,0.43444893417215547
pulse,0.85,0.845,0.6814162461711301,0.43444893417215547
pulse,0.85,0.8475,0.6828325327906835,0.43444893417215547
pulse,0.85,0.85,0.6842448723565934,0.43444893417215547
pulse,0.85,0.8525,0.6856532627697227,0.43444893417215547
pulse,0.85,0.855,0.6870577019483884,0.43444893417215547
pulse,0.85,0.8575,0.6884581878283559,0.43444893417215547
pulse,0.85,0.86,0.6898547183628304,0.43444893417215547
pulse,0.85,0.8625,0.6912472915224503,0.43444893417215547
pulse,0.85,0.865,0.6926359052952803,0.43444893417215547
pulse,0.85,0.8675,0.694020557686803,0.43444893417215547
pulse,0.85,0.87,0.6954012467199123,0.43444893417215547
pulse,0.85,0.8725,0.6967779704349053,0.43444893417215547
pulse,0.85,0.875,0.6981507268894748,0.43444893417215547
pulse,0.85,0.8775000000000001,0.6995195141587015,0.43444893417215547
pulse,0.85,0.88,0.7008843303350469,0.43444893417215547
pulse,0.85,0.8825000000000001,0.7022451735283454,0.43444893417215547
pulse,0.85,0.885,0.7036020418657946,0.43444893417215547
pulse,0.85,0.8875000000000001,0.7049549334919505,0.43444893417215547
pulse,0.85,0.89,0.7063038465687169,0.43444893417215547
pulse,0.85,0.8925000000000001,0.7076487792753394,0.43444893417215547
pulse,0.85,0.895,0.708989729808395,0.43444893417215547
pulse,0.85,0.8975,0.7103266963817865,0.43444893417215547
pulse,0.85,0.9,0.7116596772267318,0.43444893417215547
pulse,0.85,0.9025,0.7129886705917579,0.43444893417215547
pulse,0.85,0.905,0.7143136747426906,0.43444893417215547
pulse,0.85,0.9075,0.7156346879626474,0.43444893417215547
pulse,0.85,0.91,0.7169517085520287,0.43444893417215547
pulse,0.85,0.9125,0.7182647348285092,0.43444893417215547
pulse,0.85,0.915,0.7195737651270284,0.43444893417215547
pulse,0.85,0.9175,0.7208787977997843,0.43444893417215547
pulse,0.85,0.92,0.7221798312162221,0.43444893417215547
pulse,0.85,0.9225,0.7234768637630269,0.43444893417215547
pulse,0.85,0.925,0.7247698938441145,0.43444893417215547
pulse,0.85,0.9275,0.7260589198806228,0.43444893417215547
pulse,0.85,0.93,0.7273439403109019,0.43444893417215547
pulse,0.85,0.9325,0.7286249535905068,0.43444893417215547
pulse,0.85,0.935,0.7299019581921862,0.43444893417215547
pulse,0.85,0.9375,0.7311749526058755,0.43444893417215547
pulse,0.85,0.9400000000000001,0.7324439353386856,0.43444893417215547
pulse,0.85,0.9425,0.7337089049148953,0.43444893417215547
pulse,0.85,0.9450000000000001,0.7349698598759412,0.43444893417215547
pulse,0.85,0.9475,0.736226798780408,0.43444893417215547
pulse,0.85,0.9500000000000001,0.7374797202040206,0.43444893417215547
pulse,0.85,0.9525,0.738728622739632,0.43444893417215547
pulse,0.85,0.9550000000000001,0.7399735049972166,0.43444893417215547
pulse,0.85,0.9575,0.7412143656038589,0.43444893417215547
pulse,0.85,0.96,0.7424512032037436,0.43444893417215547
pulse,0.85,0.9625,0.7436840164581472,0.43444893417215547
pulse,0.85,0.965,0.7449128040454274,0.43444893417215547
pulse,0.85,0.9675,0.7461375646610133,0.43444893417215547
pulse,0.85,0.97,0.7473582970173952,0.43444893417215547
pulse,0.85,0.9725,0.7485749998441156,0.43444893417215547
pulse,0.85,0.975,0.7497876718877579,0.43444893417215547
pulse,0.85,0.9775,0.7509963119119375,0.43444893417215547
pulse,0.85,0.98,0.752200918697291,0.43444893417215547
pulse,0.85,0.9825,0.7534014910414665,0.43444893417215547
pulse,0.85,0.985,0.754598027759112,0.43444893417215547
pulse,0.85,0.9875,0.7557905276818675,0.43444893417215547
pulse,0.85,0.99,0.7569789896583523,0.43444893417215547
pulse,0.85,0.9925,0.7581634125541558,0.43444893417215547
pulse,0.85,0.995,0.7593437952518263,0.43444893417215547
pulse,0.85,0.9975,0.7605201366508616,0.43444893417215547
pulse,0.85,1.0,0.7616924356676976,0.43444893417215547
pulse,0.85,1.5,0.9957479294237495,0.43444893417215547
pulse,0.85,1.5025,0.9959315415141188,0.43444893417215547
pulse,0.85,1.505,0.9961110566394034,0.43444893417215547
pulse,0.85,1.5075,0.9962864777036962,0.43444893417215547
pulse,0.85,1.51,0.996457807624704,0.43444893417215547
pulse,0.85,1.5125,0.9966250493337256,0.43444893417215547
pulse,0.85,1.515,0.9967882057756268,0.43444893417215547
pulse,0.85,1.5175,0.9969472799088179,0.43444893417215547
pulse,0.85,1.52,0.9971022747052294,0.43444893417215547
pulse,0.85,1.5225,0.9972531931502883,0.43444893417215547
pulse,0.85,1.525,0.997400038242895,0.43444893417215547
pulse,0.85,1.5275,0.997542812995399,0.43444893417215547
pulse,0.85,1.53,0.9976815204335758,0.43444893417215547
pulse,0.85,1.5325,0.9978161635966016,0.43444893417215547
pulse,0.85,1.535,0.9979467455370319,0.43444893417215547
pulse,0.85,1.5375,0.9980732693207751,0.43444893417215547
pulse,0.85,1.54,0.99819573802707,0.43444893417215547
pulse,0.85,1.5425,0.9983141547484623,0.43444893417215547
pulse,0.85,1.545,0.9984285225907794,0.43444893417215547
pulse,0.85,1.5475,0.9985388446731072,0.43444893417215547
pulse,0.85,1.55,0.9986451241277657,0.43444893417215547
pulse,0.85,1.5525,0.9987473641002851,0.43444893417215547
pulse,0.85,1.555,0.9988455677493822,0.43444893417215547
pulse,0.85,1.5575,0.9989397382469354,0.43444893417215547
pulse,0.85,1.56,0.9990298787779613,0.43444893417215547
pulse,0.85,1.5625,0.9991159925405899,0.43444893417215547
pulse,0.85,1.565,0.9991980827460414,0.43444893417215547
pulse,0.85,1.5675,0.9992761526186,0.43444893417215547
pulse,0.85,1.57,0.9993502053955924,0.43444893417215547
pulse,0.85,1.5725,0.9994202443273613,0.43444893417215547
pulse,0.85,1.575,0.9994862726772419,0.43444893417215547
pulse,0.85,1.5775,0.9995482937215374,0.43444893417215547
pulse,0.85,1.58,0.9996063107494952,0.43444893417215547
pulse,0.85,1.5825,0.9996603270632812,0.43444893417215547
pulse,0.85,1.585,0.9997103459779565,0.43444893417215547
pulse,0.85,1.5875,0.9997563708214526,0.43444893417215547
pulse,0.85,1.59,0.999798404934547,0.43444893417215547
pulse,0.85,1.5925,0.9998364516708382,0.43444893417215547
pulse,0.85,1.595,0.9998705143967217,0.43444893417215547
pulse,0.85,1.5975,0.999900596491365,0.43444893417215547
pulse,0.85,1.6,0.9999267013466835,0.43444893417215547
pulse,0.85,1.6025,0.9999488323673154,0.43444893417215547
pulse,0.85,1.605,0.9999669929705965,0.43444893417215547
pulse,0.85,1.6075,0.9999811865865373,0.43444893417215547
pulse,0.85,1.61,0.9999914166577966,0.43444893417215547
pulse,0.85,1.6125,0.9999976866396567,0.43444893417215547
pulse,0.85,1.615,1.0,0.43444893417215547
pulse,0.85,1.6175,0.9999983602192833,0.43444893417215547
pulse,0.85,1.62,0.9999927707905124,0.43444893417215547
pulse,0.85,1.6225,0.9999832352192185,0.43444893417215547
pulse,0.85,1.625,0.9999697570234322,0.43444893417215547
pulse,0.85,1.6275,0.9999523397336594,0.43444893417215547
pulse,0.85,1.63,0.9999309868928552,0.43444893417215547
pulse,0.85,1.6325,0.9999057020564012,0.43444893417215547
pulse,0.85,1.635,0.9998764887920776,0.43444893417215547
pulse,0.85,1.6375,0.9998433506800403,0.43444893417215547
pulse,0.85,1.6400000000000001,0.9998062913127942,0.43444893417215547
pulse,0.85,1.6425,0.9997653142951706,0.43444893417215547
pulse,0.85,1.645,0.9997204232442988,0.43444893417215547
pulse,0.85,1.6475,0.999671621789584,0.43444893417215547
pulse,0.85,1.65,0.9996189135726798,0.43444893417215547
pulse,0.85,1.6525,0.9995623022474649,0.43444893417215547
pulse,0.85,1.655,0.9995017914800157,0.43444893417215547
pulse,0.85,1.6575,0.9994373849485839,0.43444893417215547
pulse,0.85,1.66,0.9993690863435687,0.43444893417215547
pulse,0.85,1.6625,0.999296899367493,0.43444893417215547
pulse,0.85,1.665,0.9992208277349769,0.43444893417215547
pulse,0.85,1.6675,0.9991408751727132,0.43444893417215547
pulse,0.85,1.67,0.9990570454194426,0.43444893417215547
pulse,0.85,1.6725,0.9989693422259265,0.43444893417215547
pulse,0.85,1.675,0.9988777693549229,0.43444893417215547
pulse,0.85,1.6775,0.9987823305811615,0.43444893417215547
pulse,0.85,1.68,0.9986830296913164,0.43444893417215547
pulse,0.85,1.6825,0.9985798704839816,0.43444893417215547
pulse,0.85,1.685,0.9984728567696461,0.43444893417215547
pulse,0.85,1.6875,0.9983619923706676,0.43444893417215547
pulse,0.85,1.69,0.9982472811212466,0.43444893417215547
pulse,0.85,1.6925,0.9981287268674017,0.43444893417215547
pulse,0.85,1.695,0.9980063334669436,0.43444893417215547
pulse,0.85,1.6975,0.9978801047894489,0.43444893417215547
pulse,0.85,1.7,0.9977500447162354,0.43444893417215547
pulse,0.85,1.7025000000000001,0.9976161571403359,0.43444893417215547
pulse,0.85,1.705,0.9974784459664723,0.43444893417215547
pulse,0.85,1.7075,0.9973369151110303,0.43444893417215547
pulse,0.85,1.71,0.9971915685020335,0.43444893417215547
pulse,0.85,1.7125,0.9970424100791173,0.43444893417215547
pulse,0.85,1.715,0.9968894437935034,0.43444893417215547
pulse,0.85,1.7175,0.9967326736079745,0.43444893417215547
pulse,0.85,1.72,0.9965721034968464,0.43444893417215547
pulse,0.85,1.7225,0.9964077374459452,0.43444893417215547
pulse,0.85,1.725,0.9962395794525793,0.43444893417215547
pulse,0.85,1.7275,0.9960676335255135,0.43444893417215547
pulse,0.85,1.73,0.9958919036849437,0.43444893417215547
pulse,0.85,1.7325,0.9957123939624714,0.43444893417215547
pulse,0.85,1.735,0.9955291084010756,0.43444893417215547
pulse,0.85,1.7375,0.9953420510550902,0.43444893417215547
pulse,0.85,1.74,0.9951512259901745,0.43444893417215547
pulse,0.85,1.7425,0.9949566372832893,0.43444893417215547
pulse,0.85,1.745,0.9947582890226698,0.43444893417215547
pulse,0.85,1.7475,0.9945561853078008,0.43444893417215547
pulse,0.85,1.75,0.9943503302493886,0.43444893417215547
pulse,0.85,1.7525,0.9941407279693364,0.43444893417215547
pulse,0.85,1.755,0.9939273826007182,0.43444893417215547
pulse,0.85,1.7575,0.9937102982877511,0.43444893417215547
pulse,0.85,1.76,0.9934894791857708,0.43444893417215547
pulse,0.85,1.7625,0.9932649294612043,0.43444893417215547
pulse,0.85,1.7650000000000001,0.9930366532915443,0.43444893417215547
pulse,0.85,1.7675,0.9928046548653227,0.43444893417215547
pulse,0.85,1.77,0.9925689383820839,0.43444893417215547
pulse,0.85,1.7725,0.9923295080523591,0.43444893417215547
pulse,0.85,1.775,0.9920863680976403,0.43444893417215547
pulse,0.85,1.7775,0.9918395227503521,0.43444893417215547
pulse,0.85,1.78,0.9915889762538277,0.43444893417215547
pulse,0.85,1.7825,0.9913347328622812,0.43444893417215547
pulse,0.85,1.7850000000000001,0.9910767968407811,0.43444893417215547
pulse,0.85,1.7875,0.9908151724652249,0.43444893417215547
pulse,0.85,1.79,0.9905498640223114,0.43444893417215547
pulse,0.85,1.7925,0.9902808758095146,0.43444893417215547
pulse,0.85,1.795,0.9900082121350584,0.43444893417215547
pulse,0.85,1.7974999999999999,0.9897318773178884,0.43444893417215547
pulse,0.85,1.8,0.9894518756876457,0.43444893417215547
pulse,0.85,1.8025,0.9891682115846416,0.43444893417215547
pulse,0.85,1.805,0.9888808893598303,0.43444893417215547
pulse,0.85,1.8075,0.9885899133747814,0.43444893417215547
pulse,0.85,1.81,0.9882952880016543,0.43444893417215547
pulse,0.85,1.8125,0.9879970176231722,0.43444893417215547
pulse,0.85,1.815,0.9876951066325936,0.43444893417215547
pulse,0.85,1.8175,0.9873895594336876,0.43444893417215547
pulse,0.85,1.82,0.9870803804407058,0.43444893417215547
pulse,0.85,1.8225,0.9867675740783568,0.43444893417215547
pulse,0.85,1.825,0.9864511447817779,0.43444893417215547
pulse,0.85,1.8275000000000001,0.9861310969965102,0.43444893417215547
pulse,0.85,1.83,0.9858074351784708,0.43444893417215547
pulse,0.85,1.8325,0.9854801637939261,0.43444893417215547
pulse,0.85,1.835,0.985149287319465,0.43444893417215547
pulse,0.85,1.8375,0.9848148102419731,0.43444893417215547
pulse,0.85,1.84,0.9844767370586042,0.43444893417215547
pulse,0.85,1.8425,0.9841350722767541,0.43444893417215547
pulse,0.85,1.845,0.9837898204140353,0.43444893417215547
pulse,0.85,1.8475000000000001,0.9834409859982478,0.43444893417215547
pulse,0.85,1.85,0.9830885735673538,0.43444893417215547
pulse,0.85,1.8525,0.9827325876694497,0.43444893417215547
pulse,0.85,1.855,0.9823730328627405,0.43444893417215547
pulse,0.85,1.8575,0.9820099137155118,0.43444893417215547
pulse,0.85,1.8599999999999999,0.9816432348061027,0.43444893417215547
pulse,0.85,1.8625,0.9812730007228803,0.43444893417215547
pulse,0.85,1.865,0.980899216064211,0.43444893417215547
pulse,0.85,1.8675,0.9805218854384351,0.43444893417215547
pulse,0.85,1.87,0.9801410134638376,0.43444893417215547
pulse,0.85,1.8725,0.9797566047686244,0.43444893417215547
pulse,0.85,1.875,0.979368663990892,0.43444893417215547
pulse,0.85,1.8775,0.9789771957786022,0.43444893417215547
pulse,0.85,1.88,0.9785822047895552,0.43444893417215547
pulse,0.85,1.8825,0.9781836956913615,0.43444893417215547
pulse,0.85,1.885,0.977781673161416,0.43444893417215547
pulse,0.85,1.8875,0.9773761418868692,0.43444893417215547
pulse,0.85,1.8900000000000001,0.9769671065646016,0.43444893417215547
pulse,0.85,1.8925,0.9765545719011972,0.43444893417215547
pulse,0.85,1.895,0.9761385426129129,0.43444893417215547
pulse,0.85,1.8975,0.9757190234256556,0.43444893417215547
pulse,0.85,1.9,0.9752960190749521,0.43444893417215547
pulse,0.85,1.9025,0.9748695343059235,0.43444893417215547
pulse,0.85,1.905,0.9744395738732565,0.43444893417215547
pulse,0.85,1.9075,0.9740061425411783,0.43444893417215547
pulse,0.85,1.9100000000000001,0.9735692450834265,0.43444893417215547
pulse,0.85,1.9125,0.9731288862832247,0.43444893417215547
pulse,0.85,1.915,0.9726850709332535,0.43444893417215547
pulse,0.85,1.9175,0.9722378038356239,0.43444893417215547
pulse,0.85,1.92,0.9717870898018498,0.43444893417215547
pulse,0.85,1.9224999999999999,0.97133293365282,0.43444893417215547
pulse,0.85,1.925,0.9708753402187729,0.43444893417215547
pulse,0.85,1.9275,0.9704143143392665,0.43444893417215547
pulse,0.85,1.93,0.9699498608631535,0.43444893417215547
pulse,0.85,1.9325,0.9694819846485526,0.43444893417215547
pulse,0.85,1.935,0.9690106905628206,0.43444893417215547
pulse,0.85,1.9375,0.9685359834825273,0.43444893417215547
pulse,0.85,1.94,0.9680578682934254,0.43444893417215547
pulse,0.85,1.9425,0.9675763498904246,0.43444893417215547
pulse,0.85,1.945,0.9670914331775641,0.43444893417215547
pulse,0.85,1.9475,0.9666031230679849,0.43444893417215547
pulse,0.85,1.95,0.9661114244839026,0.43444893417215547
pulse,0.85,1.9525000000000001,0.9656163423565796,0.43444893417215547
pulse,0.85,1.955,0.9651178816262977,0.43444893417215547
pulse,0.85,1.9575,0.9646160472423311,0.43444893417215547
pulse,0.85,1.96,0.9641108441629183,0.43444893417215547
pulse,0.85,1.9625,0.9636022773552351,0.43444893417215547
pulse,0.85,1.965,0.9630903517953662,0.43444893417215547
pulse,0.85,1.9675,0.9625750724682792,0.43444893417215547
pulse,0.85,1.97,0.9620564443677961,0.43444893417215547
pulse,0.85,1.9725000000000001,0.9615344724965654,0.43444893417215547
pulse,0.85,1.975,0.9610091618660352,0.43444893417215547
pulse,0.85,1.9775,0.9604805174964255,0.43444893417215547
pulse,0.85,1.98,0.9599485444167007,0.43444893417215547
pulse,0.85,1.9825,0.9594132476645417,0.43444893417215547
pulse,0.85,1.9849999999999999,0.9588746322863191,0.43444893417215547
pulse,0.85,1.9875,0.9583327033370638,0.43444893417215547
pulse,0.85,1.99,0.9577874658804415,0.43444893417215547
pulse,0.85,1.9925,0.9572389249887243,0.43444893417215547
pulse,0.85,1.995,0.9566870857427626,0.43444893417215547
pulse,0.85,1.9975,0.9561319532319574,0.43444893417215547
pulse,0.85,2.0,0.9555735325542342,0.43444893417215547
pulse,0.85,2.0025,0.9550118288160128,0.43444893417215547
pulse,0.85,2.005,0.9544468471321821,0.43444893417215547
pulse,0.85,2.0075000000000003,0.953878592626071,0.43444893417215547
pulse,0.85,2.01,0.9533070704294211,0.43444893417215547
pulse,0.85,2.0125,0.9527322856823586,0.43444893417215547
pulse,0.85,2.015,0.9521542435333672,0.43444893417215547
pulse,0.85,2.0175,0.9515729491392606,0.43444893417215547
pulse,0.85,2.02,0.9509884076651539,0.43444893417215547
pulse,0.85,2.0225,0.9504006242844358,0.43444893417215547
pulse,0.85,2.025,0.9498096041787422,0.43444893417215547
pulse,0.85,2.0275,0.9492153525379275,0.43444893417215547
pulse,0.85,2.0300000000000002,0.9486178745600363,0.43444893417215547
pulse,0.85,2.0324999999999998,0.9480171754512775,0.43444893417215547
pulse,0.85,2.035,0.9474132604259936,0.43444893417215547
pulse,0.85,2.0375,0.9468061347066362,0.43444893417215547
pulse,0.85,2.04,0.9461958035237362,0.43444893417215547
pulse,0.85,2.0425,0.9455822721158759,0.43444893417215547
pulse,0.85,2.045,0.9449655457296624,0.43444893417215547
pulse,0.85,2.0475,0.944345629619699,0.43444893417215547
pulse,0.85,2.05,0.9437225290485579,0.43444893417215547
pulse,0.85,2.0525,0.943096249286751,0.43444893417215547
pulse,0.85,2.055,0.942466795612704,0.43444893417215547
pulse,0.85,2.0575,0.9418341733127278,0.43444893417215547
pulse,0.85,2.06,0.9411983876809897,0.43444893417215547
pulse,0.85,2.0625,0.9405594440194871,0.43444893417215547
pulse,0.85,2.065,0.9399173476380188,0.43444893417215547
pulse,0.85,2.0675,0.9392721038541566,0.43444893417215547
pulse,0.85,2.0700000000000003,0.9386237179932189,0.43444893417215547
pulse,0.85,2.0725,0.937972195388242,0.43444893417215547
pulse,0.85,2.075,0.9373175413799517,0.43444893417215547
pulse,0.85,2.0775,0.9366597613167363,0.43444893417215547
pulse,0.85,2.08,0.9359988605546185,0.43444893417215547
pulse,0.85,2.0825,0.9353348444572269,0.43444893417215547
pulse,0.85,2.085,0.9346677183957692,0.43444893417215547
pulse,0.85,2.0875,0.9339974877490032,0.43444893417215547
pulse,0.85,2.09,0.9333241579032094,0.43444893417215547
pulse,0.85,2.0925000000000002,0.9326477342521636,0.43444893417215547
pulse,0.85,2.0949999999999998,0.9319682221971078,0.43444893417215547
pulse,0.85,2.0975,0.9312856271467225,0.43444893417215547
pulse,0.85,2.1,0.9305999545171005,0.43444893417215547
pulse,0.85,2.1025,0.9299112097317166,0.43444893417215547
pulse,0.85,2.105,0.929219398221401,0.43444893417215547
pulse,0.85,2.1075,0.9285245254243109,0.43444893417215547
pulse,0.85,2.11,0.927826596785903,0.43444893417215547
pulse,0.85,2.1125,0.9271256177589047,0.43444893417215547
pulse,0.85,2.115,0.9264215938032871,0.43444893417215547
pulse,0.85,2.1175,0.925714530386237,0.43444893417215547
pulse,0.85,2.12,0.9250044329821275,0.43444893417215547
pulse,0.85,2.1225,0.9242913070724923,0.43444893417215547
pulse,0.85,2.125,0.9235751581459954,0.43444893417215547
pulse,0.85,2.1275,0.9228559916984048,0.43444893417215547
pulse,0.85,2.13,0.9221338132325644,0.43444893417215547
pulse,0.85,2.1325000000000003,0.9214086282583642,0.43444893417215547
pulse,0.85,2.135,0.9206804422927158,0.43444893417215547
pulse,0.85,2.1375,0.9199492608595197,0.43444893417215547
pulse,0.85,2.14,0.9192150894896427,0.43444893417215547
pulse,0.85,2.1425,0.9184779337208847,0.43444893417215547
pulse,0.85,2.145,0.9177377990979545,0.43444893417215547
pulse,0.85,2.1475,0.9169946911724401,0.43444893417215547
pulse,0.85,2.15,0.916248615502781,0.43444893417215547
pulse,0.85,2.1525,0.9154995776542403,0.43444893417215547
pulse,0.85,2.1550000000000002,0.914747583198876,0.43444893417215547
pulse,0.85,2.1574999999999998,0.9139926377155148,0.43444893417215547
pulse,0.85,2.16,0.9132347467897214,0.43444893417215547
pulse,0.85,2.1625,0.9124739160137734,0.43444893417215547
pulse,0.85,2.165,0.911710150986631,0.43444893417215547
pulse,0.85,2.1675,0.91094345731391,0.43444893417215547
pulse,0.85,2.17,0.9101738406078539,0.43444893417215547
pulse,0.85,2.1725,0.9094013064873053,0.43444893417215547
pulse,0.85,2.175,0.9086258605776781,0.43444893417215547
pulse,0.85,2.1775,0.9078475085109295,0.43444893417215547
pulse,0.85,2.18,0.9070662559255331,0.43444893417215547
pulse,0.85,2.1825,0.9062821084664485,0.43444893417215547
pulse,0.85,2.185,0.9054950717850948,0.43444893417215547
pulse,0.85,2.1875,0.904705151539323,0.43444893417215547
pulse,0.85,2.19,0.903912353393387,0.43444893417215547
pulse,0.85,2.1925,0.9031166830179156,0.43444893417215547
pulse,0.85,2.1950000000000003,0.9023181460898851,0.43444893417215547
pulse,0.85,2.1975,0.9015167482925913,0.43444893417215547
pulse,0.85,2.2,0.9007124953156199,0.43444893417215547
pulse,0.85,2.2025,0.8999053928548212,0.43444893417215547
pulse,0.85,2.205,0.8990954466122798,0.43444893417215547
pulse,0.85,2.2075,0.8982826622962873,0.43444893417215547
pulse,0.85,2.21,0.8974670456213146,0.43444893417215547
pulse,0.85,2.2125,0.8966486023079829,0.43444893417215547
pulse,0.85,2.215,0.8958273380830374,0.43444893417215547
pulse,0.85,2.2175000000000002,0.8950032586793175,0.43444893417215547
pulse,0.85,2.2199999999999998,0.8941763698357297,0.43444893417215547
pulse,0.85,2.2225,0.893346677297219,0.43444893417215547
pulse,0.85,2.225,0.8925141868147423,0.43444893417215547
pulse,0.85,2.2275,0.8916789041452379,0.43444893417215547
pulse,0.85,2.23,0.8908408350516002,0.43444893417215547
pulse,0.85,2.2325,0.8899999853026497,0.43444893417215547
pulse,0.85,2.235,0.8891563606731051,0.43444893417215547
pulse,0.85,2.2375,0.8883099669435575,0.43444893417215547
pulse,0.85,2.24,0.8874608099004386,0.43444893417215547
pulse,0.85,2.2425,0.8866088953359971,0.43444893417215547
pulse,0.85,2.245,0.8857542290482666,0.43444893417215547
pulse,0.85,2.2475,0.8848968168410402,0.43444893417215547
pulse,0.85,2.25,0.8840366645238411,0.43444893417215547
pulse,0.85,2.2525,0.8831737779118959,0.43444893417215547
pulse,0.85,2.255,0.8823081628261052,0.43444893417215547
pulse,0.85,2.2575000000000003,0.8814398250930168,0.43444893417215547
pulse,0.85,2.26,0.8805687705447969,0.43444893417215547
pulse,0.85,2.2625,0.8796950050192021,0.43444893417215547
pulse,0.85,2.265,0.8788185343595517,0.43444893417215547
pulse,0.85,2.2675,0.8779393644147004,0.43444893417215547
pulse,0.85,2.27,0.8770575010390089,0.43444893417215547
pulse,0.85,2.2725,0.8761729500923165,0.43444893417215547
pulse,0.85,2.275,0.8752857174399136,0.43444893417215547
pulse,0.85,2.2775,0.8743958089525129,0.43444893417215547
pulse,0.85,2.2800000000000002,0.8735032305062221,0.43444893417215547
pulse,0.85,2.2824999999999998,0.8726079879825159,0.43444893417215547
pulse,0.85,2.285,0.8717100872682069,0.43444893417215547
pulse,0.85,2.2875,0.87080953425542,0.43444893417215547
pulse,0.85,2.29,0.8699063348415613,0.43444893417215547
pulse,0.85,2.2925,0.8690004949292933,0.43444893417215547
pulse,0.85,2.295,0.8680920204265039,0.43444893417215547
pulse,0.85,2.2975,0.8671809172462814,0.43444893417215547
pulse,0.85,2.3,0.8662671913068846,0.43444893417215547
pulse,0.85,2.3025,0.8653508485317148,0.43444893417215547
pulse,0.85,2.305,0.8644318948492895,0.43444893417215547
pulse,0.85,2.3075,0.863510336193213,0.43444893417215547
pulse,0.85,2.31,0.8625861785021485,0.43444893417215547
pulse,0.85,2.3125,0.8616594277197912,0.43444893417215547
pulse,0.85,2.315,0.860730089794839,0.43444893417215547
pulse,0.85,2.3175,0.8597981706809663,0.43444893417215547
pulse,0.85,2.3200000000000003,0.8588636763367938,0.43444893417215547
pulse,0.85,2.3225,0.8579266127258637,0.43444893417215547
pulse,0.85,2.325,0.8569869858166079,0.43444893417215547
pulse,0.85,2.3275,0.8560448015823239,0.43444893417215547
pulse,0.85,2.33,0.8551000660011447,0.43444893417215547
pulse,0.85,2.3325,0.854152785056011,0.43444893417215547
pulse,0.85,2.335,0.8532029647346441,0.43444893417215547
pulse,0.85,2.3375,0.8522506110295178,0.43444893417215547
pulse,0.85,2.34,0.8512957299378304,0.43444893417215547
pulse,0.85,2.3425000000000002,0.8503383274614761,0.43444893417215547
pulse,0.85,2.3449999999999998,0.8493784096070195,0.43444893417215547
pulse,0.85,2.3475,0.8484159823856641,0.43444893417215547
pulse,0.85,2.35,0.8474510518132284,0.43444893417215547
pulse,0.85,2.3525,0.8464836239101149,0.43444893417215547
pulse,0.85,2.355,0.8455137047012838,0.43444893417215547
pulse,0.85,2.3575,0.8445413002162253,0.43444893417215547
pulse,0.85,2.36,0.8435664164889313,0.43444893417215547
pulse,0.85,2.3625,0.8425890595578672,0.43444893417215547
pulse,0.85,2.365,0.8416092354659446,0.43444893417215547
pulse,0.85,2.3675,0.8406269502604942,0.43444893417215547
pulse,0.85,2.37,0.8396422099932367,0.43444893417215547
pulse,0.85,2.3725,0.8386550207202557,0.43444893417215547
pulse,0.85,2.375,0.8376653885019697,0.43444893417215547
pulse,0.85,2.3775,0.8366733194031047,0.43444893417215547
pulse,0.85,2.38,0.8356788194926662,0.43444893417215547
pulse,0.85,2.3825000000000003,0.8346818948439112,0.43444893417215547
pulse,0.85,2.385,0.833682551534321,0.43444893417215547
pulse,0.85,2.3875,0.8326807956455723,0.43444893417215547
pulse,0.85,2.39,0.8316766332635118,0.43444893417215547
pulse,0.85,2.3925,0.8306700704781259,0.43444893417215547
pulse,0.85,2.395,0.8296611133835143,0.43444893417215547
pulse,0.85,2.3975,0.8286497680778624,0.43444893417215547
pulse,0.85,2.4,0.8276360406634128,0.43444893417215547
pulse,0.85,2.4025,0.8266199372464382,0.43444893417215547
pulse,0.85,2.4050000000000002,0.8256014639372141,0.43444893417215547
pulse,0.85,2.4074999999999998,0.8245806268499902,0.43444893417215547
pulse,0.85,2.41,0.8235574321029633,0.43444893417215547
pulse,0.85,2.4125,0.8225318858182493,0.43444893417215547
pulse,0.85,2.415,0.8215039941218563,0.43444893417215547
pulse,0.85,2.4175,0.8204737631436559,0.43444893417215547
pulse,0.85,2.42,0.8194411990173565,0.43444893417215547
pulse,0.85,2.4225,0.8184063078804747,0.43444893417215547
pulse,0.85,2.425,0.8173690958743093,0.43444893417215547
pulse,0.85,2.4275,0.8163295691439117,0.43444893417215547
pulse,0.85,2.43,0.8152877338380597,0.43444893417215547
pulse,0.85,2.4325,0.8142435961092298,0.43444893417215547
pulse,0.85,2.435,0.8131971621135687,0.43444893417215547
pulse,0.85,2.4375,0.8121484380108671,0.43444893417215547
pulse,0.85,2.44,0.8110974299645309,0.43444893417215547
pulse,0.85,2.4425,0.8100441441415541,0.43444893417215547
pulse,0.85,2.4450000000000003,0.8089885867124919,0.43444893417215547
pulse,0.85,2.4475,0.8079307638514325,0.43444893417215547
pulse,0.85,2.45,0.8068706817359692,0.43444893417215547
pulse,0.85,2.4525,0.8058083465471739,0.43444893417215547
pulse,0.85,2.455,0.8047437644695693,0.43444893417215547
pulse,0.85,2.4575,0.8036769416911009,0.43444893417215547
pulse,0.85,2.46,0.8026078844031099,0.43444893417215547
pulse,0.85,2.4625,0.8015365988003059,0.43444893417215547
pulse,0.85,2.465,0.8004630910807392,0.43444893417215547
pulse,0.85,2.4675000000000002,0.7993873674457734,0.43444893417215547
pulse,0.85,2.4699999999999998,0.7983094341000583,0.43444893417215547
pulse,0.85,2.4725,0.7972292972515017,0.43444893417215547
pulse,0.85,2.475,0.7961469631112431,0.43444893417215547
pulse,0.85,2.4775,0.7950624378936255,0.43444893417215547
pulse,0.85,2.48,0.7939757278161681,0.43444893417215547
pulse,0.85,2.4825,0.7928868390995388,0.43444893417215547
pulse,0.85,2.485,0.7917957779675282,0.43444893417215547
pulse,0.85,2.4875,0.7907025506470198,0.43444893417215547
pulse,0.85,2.49,0.7896071633679647,0.43444893417215547
pulse,0.85,2.4925,0.7885096223633542,0.43444893417215547
pulse,0.85,2.495,0.7874099338691908,0.43444893417215547
pulse,0.85,2.4975,0.7863081041244628,0.43444893417215547
pulse,0.85,2.5,0.785204139371116,0.43444893417215547
pulse,0.85,3.0,0.5641981041163787,0.43444893417215547
pulse,0.85,3.0025,0.5628329265216018,0.43444893417215547
pulse,0.85,3.005,0.5614667291544159,0.43444893417215547
pulse,0.85,3.0075,0.5600995183122068,0.43444893417215547
pulse,0.85,3.01,0.5587313002908108,0.43444893417215547
pulse,0.85,3.0125,0.5573620813844904,0.43444893417215547
pulse,0.85,3.015,0.5559918678859123,0.43444893417215547
pulse,0.85,3.0175,0.5546206660861219,0.43444893417215547
pulse,0.85,3.02,0.5532484822745217,0.43444893417215547
pulse,0.85,3.0225,0.5518753227388471,0.43444893417215547
pulse,0.85,3.025,0.5505011937651431,0.43444893417215547
pulse,0.85,3.0275,0.5491261016377409,0.43444893417215547
pulse,0.85,3.03,0.5477500526392348,0.43444893417215547
pulse,0.85,3.0325,0.5463730530504584,0.43444893417215547
pulse,0.85,3.035,0.5449951091504623,0.43444893417215547
pulse,0.85,3.0375,0.5436162272164903,0.43444893417215547
pulse,0.85,3.04,0.5422364135239551,0.43444893417215547
pulse,0.85,3.0425,0.5408556743464177,0.43444893417215547
pulse,0.85,3.045,0.5394740159555614,0.43444893417215547
pulse,0.85,3.0475,0.5380914446211709,0.43444893417215547
pulse,0.85,3.05,0.5367079666111079,0.43444893417215547
pulse,0.85,3.0525,0.535323588191288,0.43444893417215547
pulse,0.85,3.055,0.5339383156256595,0.43444893417215547
pulse,0.85,3.0575,0.5325521551761777,0.43444893417215547
pulse,0.85,3.06,0.5311651131027837,0.43444893417215547
pulse,0.85,3.0625,0.5297771956633806,0.43444893417215547
pulse,0.85,3.065,0.5283884091138115,0.43444893417215547
pulse,0.85,3.0675,0.5269987597078354,0.43444893417215547
pulse,0.85,3.07,0.5256082536971054,0.43444893417215547
pulse,0.85,3.0725,0.5242168973311451,0.43444893417215547
pulse,0.85,3.075,0.5228246968573261,0.43444893417215547
pulse,0.85,3.0775,0.5214316585208456,0.43444893417215547
pulse,0.85,3.08,0.520037788564703,0.43444893417215547
pulse,0.85,3.0825,0.518643093229677,0.43444893417215547
pulse,0.85,3.085,0.5172475787543042,0.43444893417215547
pulse,0.85,3.0875,0.5158512513748544,0.43444893417215547
pulse,0.85,3.09,0.5144541173253102,0.43444893417215547
pulse,0.85,3.0925,0.5130561828373426,0.43444893417215547
pulse,0.85,3.095,0.5116574541402892,0.43444893417215547
pulse,0.85,3.0975,0.5102579374611318,0.43444893417215547
pulse,0.85,3.1,0.5088576390244739,0.43444893417215547
pulse,0.85,3.1025,0.5074565650525168,0.43444893417215547
pulse,0.85,3.105,0.5060547217650395,0.43444893417215547
pulse,0.85,3.1075,0.5046521153793745,0.43444893417215547
pulse,0.85,3.11,0.5032487521103854,0.43444893417215547
pulse,0.85,3.1125,0.5018446381704461,0.43444893417215547
pulse,0.85,3.115,0.5004397797694162,0.43444893417215547
pulse,0.85,3.1175,0.4990341831146216,0.43444893417215547
pulse,0.85,3.12,0.49762785441082846,0.43444893417215547
pulse,0.85,3.1225,0.49622079986022427,0.43444893417215547
pulse,0.85,3.125,0.49481302566239393,0.43444893417215547
pulse,0.85,3.1275,0.4934045380142977,0.43444893417215547
pulse,0.85,3.13,0.4919953431102498,0.43444893417215547
pulse,0.85,3.1325,0.49058544714189517,0.43444893417215547
pulse,0.85,3.135,0.48917485629818824,0.43444893417215547
pulse,0.85,3.1375,0.48776357676537047,0.43444893417215547
pulse,0.85,3.14,0.48635161472694843,0.43444893417215547
pulse,0.85,3.1425,0.48493897636367167,0.43444893417215547
pulse,0.85,3.145,0.48352566785351053,0.43444893417215547
pulse,0.85,3.1475,0.48211169537163473,0.43444893417215547
pulse,0.85,3.15,0.48069706509039106,0.43444893417215547
pulse,0.85,3.1525,0.4792817831792815,0.43444893417215547
pulse,0.85,3.155,0.4778658558049413,0.43444893417215547
pulse,0.85,3.1575,0.4764492891311172,0.43444893417215547
pulse,0.85,3.16,0.47503208931864654,0.43444893417215547
pulse,0.85,3.1625,0.47361426252543337,0.43444893417215547
pulse,0.85,3.165,0.47219581490642876,0.43444893417215547
pulse,0.85,3.1675,0.4707767526136079,0.43444893417215547
pulse,0.85,3.17,0.4693570817959489,0.43444893417215547
pulse,0.85,3.1725,0.4679368085994112,0.43444893417215547
pulse,0.85,3.175,0.4665159391669137,0.43444893417215547
pulse,0.85,3.1775,0.46509447963831285,0.43444893417215547
pulse,0.85,3.18,0.46367243615038234,0.43444893417215547
pulse,0.85,3.1825,0.46224981483679,0.43444893417215547
pulse,0.85,3.185,0.46082662182807754,0.43444893417215547
pulse,0.85,3.1875,0.4594028632516381,0.43444893417215547
pulse,0.85,3.19,0.4579785452316955,0.43444893417215547
pulse,0.85,3.1925,0.4565536738892827,0.43444893417215547
pulse,0.85,3.195,0.4551282553422205,0.43444893417215547
pulse,0.85,3.1975,0.4537022957050956,0.43444893417215547
pulse,0.85,3.2,0.45227580108923987,0.43444893417215547
pulse,0.85,3.2025,0.4508487776027098,0.43444893417215547
pulse,0.85,3.205,0.4494212313502634,0.43444893417215547
pulse,0.85,3.2075,0.44799316843334025,0.43444893417215547
pulse,0.85,3.21,0.4465645949500404,0.43444893417215547
pulse,0.85,3.2125,0.4451355169951026,0.43444893417215547
pulse,0.85,3.215,0.44370594065988345,0.43444893417215547
pulse,0.85,3.2175,0.4422758720323367,0.43444893417215547
pulse,0.85,3.22,0.440845317196991,0.43444893417215547
pulse,0.85,3.2225,0.439414282234931,0.43444893417215547
pulse,0.85,3.225,0.4379827732237741,0.43444893417215547
pulse,0.85,3.2275,0.4365507962376508,0.43444893417215547
pulse,0.85,3.23,0.4351183573471836,0.43444893417215547
pulse,0.85,3.2325,0.43368546261946567,0.43444893417215547
pulse,0.85,3.235,0.4322521181180403,0.43444893417215547
pulse,0.85,3.2375,0.43081832990288005,0.43444893417215547
pulse,0.85,3.24,0.4293841040303662,0.43444893417215547
pulse,0.85,3.2425,0.427949446553268,0.43444893417215547
pulse,0.85,3.245,0.42651436352072075,0.43444893417215547
pulse,0.85,3.2475,0.425078860978207,0.43444893417215547
pulse,0.85,3.25,0.42364294496753424,0.43444893417215547
pulse,0.85,3.2525,0.42220662152681543,0.43444893417215547
pulse,0.85,3.255,0.4207698966904478,0.43444893417215547
pulse,0.85,3.2575,0.41933277648909223,0.43444893417215547
pulse,0.85,3.26,0.4178952669496531,0.43444893417215547
pulse,0.85,3.2625,0.4164573740952573,0.43444893417215547
pulse,0.85,3.265,0.4150191039452346,0.43444893417215547
pulse,0.85,3.2675,0.4135804625150964,0.43444893417215547
pulse,0.85,3.27,0.41214145581651535,0.43444893417215547
pulse,0.85,3.2725,0.41070208985730555,0.43444893417215547
pulse,0.85,3.275,0.4092623706414019,0.43444893417215547
pulse,0.85,3.2775,0.4078223041688394,0.43444893417215547
pulse,0.85,3.2800000000000002,0.4063818964357336,0.43444893417215547
pulse,0.85,3.2825,0.40494115343426035,0.43444893417215547
pulse,0.85,3.285,0.40350008115263486,0.43444893417215547
pulse,0.85,3.2875,0.4020586855750921,0.43444893417215547
pulse,0.85,3.29,0.40061697268186636,0.43444893417215547
pulse,0.85,3.2925,0.3991749484491717,0.43444893417215547
pulse,0.85,3.295,0.3977326188491812,0.43444893417215547
pulse,0.85,3.2975,0.3962899898500072,0.43444893417215547
pulse,0.85,3.3,0.39484706741568165,0.43444893417215547
pulse,0.85,3.3025,0.3934038575061353,0.43444893417215547
pulse,0.85,3.305,0.39196036607717927,0.43444893417215547
pulse,0.85,3.3075,0.39051659908048325,0.43444893417215547
pulse,0.85,3.31,0.38907256246355687,0.43444893417215547
pulse,0.85,3.3125,0.3876282621697295,0.43444893417215547
pulse,0.85,3.315,0.38618370413813075,0.43444893417215547
pulse,0.85,3.3175,0.38473889430367025,0.43444893417215547
pulse,0.85,3.32,0.38329383859701843,0.43444893417215547
pulse,0.85,3.3225,0.3818485429445859,0.43444893417215547
pulse,0.85,3.325,0.3804030132685052,0.43444893417215547
pulse,0.85,3.3275,0.3789572554866103,0.43444893417215547
pulse,0.85,3.33,0.3775112755124168,0.43444893417215547
pulse,0.85,3.3325,0.3760650792551028,0.43444893417215547
pulse,0.85,3.335,0.37461867261948917,0.43444893417215547
pulse,0.85,3.3375,0.37317206150602056,0.43444893417215547
pulse,0.85,3.34,0.37172525181074506,0.43444893417215547
pulse,0.85,3.3425000000000002,0.3702782494252955,0.43444893417215547
pulse,0.85,3.345,0.3688310602368702,0.43444893417215547
pulse,0.85,3.3475,0.36738369012821265,0.43444893417215547
pulse,0.85,3.35,0.3659361449775933,0.43444893417215547
pulse,0.85,3.3525,0.36448843065878933,0.43444893417215547
pulse,0.85,3.355,0.36304055304106614,0.43444893417215547
pulse,0.85,3.3575,0.36159251798915804,0.43444893417215547
pulse,0.85,3.36,0.36014433136324825,0.43444893417215547
pulse,0.85,3.3625,0.3586959990189512,0.43444893417215547
pulse,0.85,3.365,0.357247526807292,0.43444893417215547
pulse,0.85,3.3675,0.35579892057468837,0.43444893417215547
pulse,0.85,3.37,0.35435018616293135,0.43444893417215547
pulse,0.85,3.3725,0.35290132940916563,0.43444893417215547
pulse,0.85,3.375,0.35145235614587156,0.43444893417215547
pulse,0.85,3.3775,0.3500032722008457,0.43444893417215547
pulse,0.85,3.38,0.34855408339718186,0.43444893417215547
pulse,0.85,3.3825,0.34710479555325285,0.43444893417215547
pulse,0.85,3.385,0.34565541448269055,0.43444893417215547
pulse,0.85,3.3875,0.3442059459943681,0.43444893417215547
pulse,0.85,3.39,0.3427563958923814,0.43444893417215547
pulse,0.85,3.3925,0.3413067699760287,0.43444893417215547
pulse,0.85,3.395,0.33985707403979387,0.43444893417215547
pulse,0.85,3.3975,0.3384073138733265,0.43444893417215547
pulse,0.85,3.4,0.33695749526142393,0.43444893417215547
pulse,0.85,3.4025,0.3355076239840122,0.43444893417215547
pulse,0.85,3.4050000000000002,0.3340577058161276,0.43444893417215547
pulse,0.85,3.4075,0.3326077465278994,0.43444893417215547
pulse,0.85,3.41,0.3311577518845289,0.43444893417215547
pulse,0.85,3.4125,0.32970772764627315,0.43444893417215547
pulse,0.85,3.415,0.3282576795684257,0.43444893417215547
pulse,0.85,3.4175,0.32680761340129816,0.43444893417215547
pulse,0.85,3.42,0.32535753489020225,0.43444893417215547
pulse,0.85,3.4225,0.32390744977543107,0.43444893417215547
pulse,0.85,3.425,0.32245736379224127,0.43444893417215547
pulse,0.85,3.4275,0.32100728267083456,0.43444893417215547
pulse,0.85,3.43,0.3195572121363399,0.43444893417215547
pulse,0.85,3.4325,0.3181071579087947,0.43444893417215547
pulse,0.85,3.435,0.31665712570312693,0.43444893417215547
pulse,0.85,3.4375,0.31520712122913763,0.43444893417215547
pulse,0.85,3.44,0.3137571501914824,0.43444893417215547
pulse,0.85,3.4425,0.31230721828965297,0.43444893417215547
pulse,0.85,3.445,0.3108573312179601,0.43444893417215547
pulse,0.85,3.4475,0.3094074946655153,0.43444893417215547
pulse,0.85,3.45,0.30795771431621227,0.43444893417215547
pulse,0.85,3.4525,0.30650799584871075,0.43444893417215547
pulse,0.85,3.455,0.30505834493641676,0.43444893417215547
pulse,0.85,3.4575,0.3036087672474657,0.43444893417215547
pulse,0.85,3.46,0.3021592684447048,0.43444893417215547
pulse,0.85,3.4625,0.3007098541856752,0.43444893417215547
pulse,0.85,3.465,0.2992605301225941,0.43444893417215547
pulse,0.85,3.4675000000000002,0.2978113019023371,0.43444893417215547
pulse,0.85,3.47,0.29636217516642144,0.43444893417215547
pulse,0.85,3.4725,0.29491315555098746,0.43444893417215547
pulse,0.85,3.475,0.29346424868678084,0.43444893417215547
pulse,0.85,3.4775,0.2920154601991363,0.43444893417215547
pulse,0.85,3.48,0.2905667957079593,0.43444893417215547
pulse,0.85,3.4825,0.28911826082770875,0.43444893417215547
pulse,0.85,3.485,0.2876698611673799,0.43444893417215547
pulse,0.85,3.4875,0.2862216023304865,0.43444893417215547
pulse,0.85,3.49,0.2847734899150439,0.43444893417215547
pulse,0.85,3.4925,0.2833255295135521,0.43444893417215547
pulse,0.85,3.495,0.2818777267129776,0.43444893417215547
pulse,0.85,3.4975,0.28043008709473677,0.43444893417215547
pulse,0.85,3.5,0.2789826162346787,0.43444893417215547
pulse,0.85,3.5025,0.27753531970306805,0.43444893417215547
pulse,0.85,3.505,0.2760882030645678,0.43444893417215547
pulse,0.85,3.5075000000000003,0.27464127187822235,0.43444893417215547
pulse,0.85,3.51,0.27319453169744096,0.43444893417215547
pulse,0.85,3.5125,0.27174798806997913,0.43444893417215547
pulse,0.85,3.515,0.2703016465379242,0.43444893417215547
pulse,0.85,3.5175,0.2688555126376762,0.43444893417215547
pulse,0.85,3.52,0.26740959189993224,0.43444893417215547
pulse,0.85,3.5225,0.2659638898496691,0.43444893417215547
pulse,0.85,3.525,0.26451841200612697,0.43444893417215547
pulse,0.85,3.5275,0.26307316388279217,0.43444893417215547
pulse,0.85,3.5300000000000002,0.26162815098738046,0.43444893417215547
pulse,0.85,3.5324999999999998,0.2601833788218218,0.43444893417215547
pulse,0.85,3.535,0.2587388528822404,0.43444893417215547
pulse,0.85,3.5375,0.2572945786589422,0.43444893417215547
pulse,0.85,3.54,0.2558505616363953,0.43444893417215547
pulse,0.85,3.5425,0.2544068072932147,0.43444893417215547
pulse,0.85,3.545,0.25296332110214564,0.43444893417215547
pulse,0.85,3.5475,0.251520108530047,0.43444893417215547
pulse,0.85,3.55,0.25007717503787513,0.43444893417215547
pulse,0.85,3.5525,0.24863452608066686,0.43444893417215547
pulse,0.85,3.555,0.24719216710752467,0.43444893417215547
pulse,0.85,3.5575,0.24575010356159852,0.43444893417215547
pulse,0.85,3.56,0.24430834088007058,0.43444893417215547
pulse,0.85,3.5625,0.24286688449413915,0.43444893417215547
pulse,0.85,3.565,0.24142573982900173,0.43444893417215547
pulse,0.85,3.5675,0.2399849123038399,0.43444893417215547
pulse,0.85,3.5700000000000003,0.23854440733180207,0.43444893417215547
pulse,0.85,3.5725,0.23710423031998917,0.43444893417215547
pulse,0.85,3.575,0.23566438666943565,0.43444893417215547
pulse,0.85,3.5775,0.2342248817750969,0.43444893417215547
pulse,0.85,3.58,0.23278572102583106,0.43444893417215547
pulse,0.85,3.5825,0.23134690980438358,0.43444893417215547
pulse,0.85,3.585,0.2299084534873718,0.43444893417215547
pulse,0.85,3.5875,0.22847035744526853,0.43444893417215547
pulse,0.85,3.59,0.22703262704238705,0.43444893417215547
pulse,0.85,3.5925000000000002,0.22559526763686402,0.43444893417215547
pulse,0.85,3.5949999999999998,0.22415828458064577,0.43444893417215547
pulse,0.85,3.5975,0.22272168321946972,0.43444893417215547
pulse,0.85,3.6,0.2212854688928522,0.43444893417215547
pulse,0.85,3.6025,0.21984964693407005,0.43444893417215547
pulse,0.85,3.605,0.21841422267014618,0.43444893417215547
pulse,0.85,3.6075,0.21697920142183416,0.43444893417215547
pulse,0.85,3.61,0.2155445885036022,0.43444893417215547
pulse,0.85,3.6125,0.21411038922361825,0.43444893417215547
pulse,0.85,3.615,0.2126766088837339,0.43444893417215547
pulse,0.85,3.6175,0.21124325277947037,0.43444893417215547
pulse,0.85,3.62,0.20981032620000123,0.43444893417215547
pulse,0.85,3.6225,0.2083778344281385,0.43444893417215547
pulse,0.85,3.625,0.20694578274031697,0.43444893417215547
pulse,0.85,3.6275,0.20551417640657899,0.43444893417215547
pulse,0.85,3.63,0.20408302069055922,0.43444893417215547
pulse,0.85,3.6325000000000003,0.20265232084946935,0.43444893417215547
pulse,0.85,3.635,0.20122208213408418,0.43444893417215547
pulse,0.85,3.6375,0.19979230978872375,0.43444893417215547
pulse,0.85,3.64,0.19836300905124205,0.43444893417215547
pulse,0.85,3.6425,0.196934185153009,0.43444893417215547
pulse,0.85,3.645,0.19550584331889675,0.43444893417215547
pulse,0.85,3.6475,0.1940779887672647,0.43444893417215547
pulse,0.85,3.65,0.19265062670994468,0.43444893417215547
pulse,0.85,3.6525,0.19122376235222577,0.43444893417215547
pulse,0.85,3.6550000000000002,0.1897974008928395,0.43444893417215547
pulse,0.85,3.6574999999999998,0.18837154752394644,0.43444893417215547
pulse,0.85,3.66,0.18694620743111845,0.43444893417215547
pulse,0.85,3.6625,0.1855213857933278,0.43444893417215547
pulse,0.85,3.665,0.18409708778292935,0.43444893417215547
pulse,0.85,3.6675,0.1826733185656478,0.43444893417215547
pulse,0.85,3.67,0.1812500833005624,0.43444893417215547
pulse,0.85,3.6725,0.17982738714009264,0.43444893417215547
pulse,0.85,3.675,0.1784052352299834,0.43444893417215547
pulse,0.85,3.6775,0.17698363270929113,0.43444893417215547
pulse,0.85,3.68,0.17556258471036945,0.43444893417215547
pulse,0.85,3.6825,0.17414209635885367,0.43444893417215547
pulse,0.85,3.685,0.1727221727736479,0.43444893417215547
pulse,0.85,3.6875,0.1713028190669096,0.43444893417215547
pulse,0.85,3.69,0.16988404034403642,0.43444893417215547
pulse,0.85,3.6925,0.16846584170365084,0.43444893417215547
pulse,0.85,3.6950000000000003,0.1670482282375867,0.43444893417215547
pulse,0.85,3.6975,0.16563120503087597,0.43444893417215547
pulse,0.85,3.7,0.1642147771617315,0.43444893417215547
pulse,0.85,3.7025,0.16279894970153716,0.43444893417215547
pulse,0.85,3.705,0.16138372771483084,0.43444893417215547
pulse,0.85,3.7075,0.15996911625929128,0.43444893417215547
pulse,0.85,3.71,0.15855512038572483,0.43444893417215547
pulse,0.85,3.7125,0.15714174513805038,0.43444893417215547
pulse,0.85,3.715,0.1557289955532866,0.43444893417215547
pulse,0.85,3.7175000000000002,0.15431687666153693,0.43444893417215547
pulse,0.85,3.7199999999999998,0.15290539348597798,0.43444893417215547
pulse,0.85,3.7225,0.1514945510428421,0.43444893417215547
pulse,0.85,3.725,0.15008435434140815,0.43444893417215547
pulse,0.85,3.7275,0.1486748083839842,0.43444893417215547
pulse,0.85,3.73,0.1472659181658958,0.43444893417215547
pulse,0.85,3.7325,0.14585768867547166,0.43444893417215547
pulse,0.85,3.735,0.14445012489403064,0.43444893417215547
pulse,0.85,3.7375,0.1430432317958679,0.43444893417215547
pulse,0.85,3.74,0.14163701434824097,0.43444893417215547
pulse,0.85,3.7425,0.14023147751135828,0.43444893417215547
pulse,0.85,3.745,0.1388266262383628,0.43444893417215547
pulse,0.85,3.7475,0.1374224654753213,0.43444893417215547
pulse,0.85,3.75,0.13601900016120935,0.43444893417215547
pulse,0.85,3.7525,0.1346162352278993,0.43444893417215547
pulse,0.85,3.755,0.1332141756001462,0.43444893417215547
pulse,0.85,3.7575000000000003,0.13181282619557455,0.43444893417215547
pulse,0.85,3.76,0.13041219192466671,0.43444893417215547
pulse,0.85,3.7625,0.12901227769074705,0.43444893417215547
pulse,0.85,3.765,0.12761308838997176,0.43444893417215547
pulse,0.85,3.7675,0.1262146289113137,0.43444893417215547
pulse,0.85,3.77,0.12481690413655068,0.43444893417215547
pulse,0.85,3.7725,0.12341991894025162,0.43444893417215547
pulse,0.85,3.775,0.12202367818976462,0.43444893417215547
pulse,0.85,3.7775,0.12062818674520327,0.43444893417215547
pulse,0.85,3.7800000000000002,0.11923344945943405,0.43444893417215547
pulse,0.85,3.7824999999999998,0.11783947117806409,0.43444893417215547
pulse,0.85,3.785,0.11644625673942702,0.43444893417215547
pulse,0.85,3.7875,0.11505381097457273,0.43444893417215547
pulse,0.85,3.79,0.11366213870725156,0.43444893417215547
pulse,0.85,3.7925,0.11227124475390456,0.43444893417215547
pulse,0.85,3.795,0.1108811339236488,0.43444893417215547
pulse,0.85,3.7975,0.10949181101826616,0.43444893417215547
pulse,0.85,3.8,0.10810328083219022,0.43444893417215547
pulse,0.85,3.8025,0.10671554815249368,0.43444893417215547
pulse,0.85,3.805,0.10532861775887686,0.43444893417215547
pulse,0.85,3.8075,0.10394249442365433,0.43444893417215547
pulse,0.85,3.81,0.10255718291174223,0.43444893417215547
pulse,0.85,3.8125,0.10117268798064764,0.43444893417215547
pulse,0.85,3.815,0.09978901438045445,0.43444893417215547
pulse,0.85,3.8175,0.0984061668538128,0.43444893417215547
pulse,0.85,3.8200000000000003,0.09702415013592497,0.43444893417215547
pulse,0.85,3.8225,0.09564296895453607,0.43444893417215547
pulse,0.85,3.825,0.09426262802991806,0.43444893417215547
pulse,0.85,3.8275,0.0928831320748617,0.43444893417215547
pulse,0.85,3.83,0.09150448579466182,0.43444893417215547
pulse,0.85,3.8325,0.09012669388710627,0.43444893417215547
pulse,0.85,3.835,0.088749761042464,0.43444893417215547
pulse,0.85,3.8375,0.087373691943473,0.43444893417215547
pulse,0.85,3.84,0.08599849126532863,0.43444893417215547
pulse,0.85,3.8425000000000002,0.08462416367567112,0.43444893417215547
pulse,0.85,3.8449999999999998,0.08325071383457598,0.43444893417215547
pulse,0.85,3.8475,0.08187814639453805,0.43444893417215547
pulse,0.85,3.85,0.08050646600046497,0.43444893417215547
pulse,0.85,3.8525,0.07913567728966114,0.43444893417215547
pulse,0.85,3.855,0.07776578489181889,0.43444893417215547
pulse,0.85,3.8575,0.07639679342900516,0.43444893417215547
pulse,0.85,3.86,0.07502870751565129,0.43444893417215547
pulse,0.85,3.8625,0.073661531758541,0.43444893417215547
pulse,0.85,3.865,0.07229527075679797,0.43444893417215547
pulse,0.85,3.8675,0.0709299291018767,0.43444893417215547
pulse,0.85,3.87,0.06956551137754857,0.43444893417215547
pulse,0.85,3.8725,0.06820202215989246,0.43444893417215547
pulse,0.85,3.875,0.06683946601728209,0.43444893417215547
pulse,0.85,3.8775,0.06547784751037607,0.43444893417215547
pulse,0.85,3.88,0.06411717119210521,0.43444893417215547
pulse,0.85,3.8825000000000003,0.06275744160766254,0.43444893417215547
pulse,0.85,3.885,0.06139866329449209,0.43444893417215547
pulse,0.85,3.8875,0.06004084078227639,0.43444893417215547
pulse,0.85,3.89,0.05868397859292791,0.43444893417215547
pulse,0.85,3.8925,0.0573280812405755,0.43444893417215547
pulse,0.85,3.895,0.05597315323155497,0.43444893417215547
pulse,0.85,3.8975,0.05461919906439774,0.43444893417215547
pulse,0.85,3.9,0.053266223229819915,0.43444893417215547
pulse,0.85,3.9025,0.05191423021071129,0.43444893417215547
pulse,0.85,3.9050000000000002,0.05056322448212478,0.43444893417215547
pulse,0.85,3.9074999999999998,0.04921321051126639,0.43444893417215547
pulse,0.85,3.91,0.0478641927574819,0.43444893417215547
pulse,0.85,3.9125,0.04651617567224984,0.43444893417215547
pulse,0.85,3.915,0.04516916369916774,0.43444893417215547
pulse,0.85,3.9175,0.04382316127394312,0.43444893417215547
pulse,0.85,3.92,0.04247817282438264,0.43444893417215547
pulse,0.85,3.9225,0.0411342027703813,0.43444893417215547
pulse,0.85,3.925,0.039791255523912314,0.43444893417215547
pulse,0.85,3.9275,0.03844933548901595,0.43444893417215547
pulse,0.85,3.93,0.037108447061790624,0.43444893417215547
pulse,0.85,3.9325,0.03576859463038091,0.43444893417215547
pulse,0.85,3.935,0.03442978257496788,0.43444893417215547
pulse,0.85,3.9375,0.03309201526775875,0.43444893417215547
pulse,0.85,3.94,0.03175529707297712,0.43444893417215547
pulse,0.85,3.9425,0.030419632346852053,0.43444893417215547
pulse,0.85,3.9450000000000003,0.02908502543760793,0.43444893417215547
pulse,0.85,3.9475,0.027751480685455656,0.43444893417215547
pulse,0.85,3.95,0.02641900242258001,0.43444893417215547
pulse,0.85,3.9525,0.0250875949731326,0.43444893417215547
pulse,0.85,3.955,0.02375726265321943,0.43444893417215547
pulse,0.85,3.9575,0.022428009770892314,0.43444893417215547
pulse,0.85,3.96,0.021099840626138507,0.43444893417215547
pulse,0.85,3.9625,0.01977275951087076,0.43444893417215547
pulse,0.85,3.965,0.018446770708917704,0.43444893417215547
pulse,0.85,3.9675000000000002,0.017121878496013782,0.43444893417215547
pulse,0.85,3.9699999999999998,0.0157980871397902,0.43444893417215547
pulse,0.85,3.9725,0.014475400899763624,0.43444893417215547
pulse,0.85,3.975,0.013153824027328818,0.43444893417215547
pulse,0.85,3.9775,0.011833360765746896,0.43444893417215547
pulse,0.85,3.98,0.01051401535013684,0.43444893417215547
pulse,0.85,3.9825,0.009195792007465602,0.43444893417215547
pulse,0.85,3.985,0.007878694956538798,0.43444893417215547
pulse,0.85,3.9875,0.006562728407990937,0.43444893417215547
pulse,0.85,3.99,0.005247896564276313,0.43444893417215547
pulse,0.85,3.9925,0.003934203619659735,0.43444893417215547
pulse,0.85,3.995,0.002621653760206371,0.43444893417215547
pulse,0.85,3.9975,0.0013102511637734444,0.43444893417215547
pulse,0.85,4.0,4.1643361834211894e-17,0.43444893417215547
harmonic,0.6,1.0,-0.0,0.4620123451036818
harmonic,0.6,1.5,0.991741158469892,0.4620123451036818
harmonic,0.6,1.8333333333333333,1.0,0.4620123451036818
harmonic,0.6,2.083333333333333,0.8597627278461407,0.4620123451036818
harmonic,0.6,2.283333333333333,0.7075777112911746,0.4620123451036818
harmonic,0.6,2.4499999999999997,0.5715691202305375,0.4620123451036818
harmonic,0.6,2.5928571428571425,0.4559440526826291,0.4620123451036818
harmonic,0.6,2.7178571428571425,0.3590577032363496,0.4620123451036818
harmonic,0.6,2.8289682539682537,0.2780755254085116,0.4620123451036818
harmonic,0.6,2.9289682539682538,0.21025080765014004,0.4620123451036818
harmonic,0.6,3.0198773448773446,0.15323662212415648,0.4620123451036818
harmonic,0.6,3.103210678210678,0.10511077274911382,0.4620123451036818
harmonic,0.6,3.180133755133755,0.06432160833751639,0.4620123451036818
harmonic,0.6,3.251562326562327,0.029620395309098557,0.4620123451036818
harmonic,0.6,3.3182289932289937,-0.0,0.4620123451036818
pulse,0.6,0.0,0.0,0.20264452478884842
pulse,0.6,0.0025,0.005003254877187609,0.20264452478884842
pulse,0.6,0.005,0.009989828555526223,0.20264452478884842
pulse,0.6,0.0075,0.014959745203696457,0.20264452478884842
pulse,0.6,0.01,0.01991302901464733,0.20264452478884842
pulse,0.6,0.0125,0.02484970420536345,0.20264452478884842
pulse,0.6,0.015,0.029769795016632756,0.20264452478884842
pulse,0.6,0.0175,0.03467332571281507,0.20264452478884842
pulse,0.6,0.02,0.03956032058161097,0.20264452478884842
pulse,0.6,0.0225,0.044430803933831635,0.20264452478884842
pulse,0.6,0.025,0.04928480010316899,0.20264452478884842
pulse,0.6,0.0275,0.05412233344596671,0.20264452478884842
pulse,0.6,0.03,0.05894342834099169,0.20264452478884842
pulse,0.6,0.0325,0.06374810918920625,0.20264452478884842
pulse,0.6,0.035,0.06853640041354085,0.20264452478884842
pulse,0.6,0.0375,0.07330832645866751,0.20264452478884842
pulse,0.6,0.04,0.07806391179077377,0.20264452478884842
pulse,0.6,0.0425,0.08280318089733746,0.20264452478884842
pulse,0.6,0.045,0.0875261582869016,0.20264452478884842
pulse,0.6,0.0475,0.09223286848885072,0.20264452478884842
pulse,0.6,0.05,0.09692333605318694,0.20264452478884842
pulse,0.6,0.0525,0.10159758555030714,0.20264452478884842
pulse,0.6,0.055,0.1062556415707809,0.20264452478884842
pulse,0.6,0.0575,0.11089752872512844,0.20264452478884842
pulse,0.6,0.06,0.11552327164359971,0.20264452478884842
pulse,0.6,0.0625,0.1201328949759541,0.20264452478884842
pulse,0.6,0.065,0.12472642339124022,0.20264452478884842
pulse,0.6,0.0675,0.12930388157757697,0.20264452478884842
pulse,0.6,0.07,0.1338652942419347,0.20264452478884842
pulse,0.6,0.0725,0.13841068610991725,0.20264452478884842
pulse,0.6,0.075,0.1429400819255446,0.20264452478884842
pulse,0.6,0.0775,0.147453506451036,0.20264452478884842
pulse,0.6,0.08,0.15195098446659366,0.20264452478884842
pulse,0.6,0.0825,0.15643254077018742,0.20264452478884842
pulse,0.6,0.085,0.1608982001773395,0.20264452478884842
pulse,0.6,0.08750000000000001,0.16534798752091012,0.20264452478884842
pulse,0.6,0.09,0.16978192765088398,0.20264452478884842
pulse,0.6,0.0925,0.17420004543415676,0.20264452478884842
pulse,0.6,0.095,0.17860236575432284,0.20264452478884842
pulse,0.6,0.0975,0.18298891351146296,0.20264452478884842
pulse,0.6,0.1,0.18735971362193327,0.20264452478884842
pulse,0.6,0.10250000000000001,0.19171479101815425,0.20264452478884842
pulse,0.6,0.105,0.1960541706484007,0.20264452478884842
pulse,0.6,0.1075,0.20037787747659205,0.20264452478884842
pulse,0.6,0.11,0.20468593648208352,0.20264452478884842
pulse,0.6,0.1125,0.2089783726594576,0.20264452478884842
pulse,0.6,0.115,0.21325521101831652,0.20264452478884842
pulse,0.6,0.11750000000000001,0.21751647658307463,0.20264452478884842
pulse,0.6,0.12,0.22176219439275235,0.20264452478884842
pulse,0.6,0.1225,0.22599238950076986,0.20264452478884842
pulse,0.6,0.125,0.23020708697474174,0.20264452478884842
pulse,0.6,0.1275,0.23440631189627223,0.20264452478884842
pulse,0.6,0.13,0.23859008936075102,0.20264452478884842
pulse,0.6,0.1325,0.24275844447714962,0.20264452478884842
pulse,0.6,0.135,0.24691140236781828,0.20264452478884842
pulse,0.6,0.1375,0.25104898816828386,0.20264452478884842
pulse,0.6,0.14,0.2551712270270475,0.20264452478884842
pulse,0.6,0.14250000000000002,0.25927814410538375,0.20264452478884842
pulse,0.6,0.145,0.2633697645771398,0.20264452478884842
pulse,0.6,0.1475,0.2674461136285356,0.20264452478884842
pulse,0.6,0.15,0.271507216457964,0.20264452478884842
pulse,0.6,0.1525,0.27555309827579194,0.20264452478884842
pulse,0.6,0.155,0.27958378430416264,0.20264452478884842
pulse,0.6,0.1575,0.28359929977679704,0.20264452478884842
pulse,0.6,0.16,0.2875996699387976,0.20264452478884842
pulse,0.6,0.1625,0.291584920046451,0.20264452478884842
pulse,0.6,0.165,0.29555507536703246,0.20264452478884842
pulse,0.6,0.1675,0.2995101611786103,0.20264452478884842
pulse,0.6,0.17,0.3034502027698516,0.20264452478884842
pulse,0.6,0.17250000000000001,0.30737522543982687,0.20264452478884842
pulse,0.6,0.17500000000000002,0.31128525449781774,0.20264452478884842
pulse,0.6,0.1775,0.315180315263123,0.20264452478884842
pulse,0.6,0.18,0.31906043306486637,0.20264452478884842
pulse,0.6,0.1825,0.3229256332418048,0.20264452478884842
pulse,0.6,0.185,0.32677594114213676,0.20264452478884842
pulse,0.6,0.1875,0.33061138212331187,0.20264452478884842
pulse,0.6,0.19,0.33443198155184045,0.20264452478884842
pulse,0.6,0.1925,0.33823776480310414,0.20264452478884842
pulse,0.6,0.195,0.34202875726116677,0.20264452478884842
pulse,0.6,0.1975,0.345804984318586,0.20264452478884842
pulse,0.6,0.2,0.3495664713762252,0.20264452478884842
pulse,0.6,0.2025,0.35331324384306645,0.20264452478884842
pulse,0.6,0.20500000000000002,0.35704532713602394,0.20264452478884842
pulse,0.6,0.20750000000000002,0.36076274667975733,0.20264452478884842
pulse,0.6,0.21,0.3644655279064864,0.20264452478884842
pulse,0.6,0.2125,0.3681536962558063,0.20264452478884842
pulse,0.6,0.215,0.3718272771745027,0.20264452478884842
pulse,0.6,0.2175,0.375486296116368,0.20264452478884842
pulse,0.6,0.22,0.3791307785420185,0.20264452478884842
pulse,0.6,0.2225,0.3827607499187109,0.20264452478884842
pulse,0.6,0.225,0.38637623572016067,0.20264452478884842
pulse,0.6,0.2275,0.3899772614263604,0.20264452478884842
pulse,0.6,0.23,0.3935638525233984,0.20264452478884842
pulse,0.6,0.2325,0.39713603450327845,0.20264452478884842
pulse,0.6,0.23500000000000001,0.4006938328637404,0.20264452478884842
pulse,0.6,0.23750000000000002,0.4042372731080796,0.20264452478884842
pulse,0.6,0.24,0.4077663807449693,0.20264452478884842
pulse,0.6,0.2425,0.41128118128828206,0.20264452478884842
pulse,0.6,0.245,0.41478170025691147,0.20264452478884842
pulse,0.6,0.2475,0.41826796317459614,0.20264452478884842
pulse,0.6,0.25,0.42173999556974195,0.20264452478884842
pulse,0.6,0.2525,0.4251978229752473,0.20264452478884842
pulse,0.6,0.255,0.4286414709283265,0.20264452478884842
pulse,0.6,0.2575,0.4320709649703358,0.20264452478884842
pulse,0.6,0.26,0.43548633064659853,0.20264452478884842
pulse,0.6,0.2625,0.43888759350623163,0.20264452478884842
pulse,0.6,0.265,0.4422747791019724,0.20264452478884842
pulse,0.6,0.2675,0.4456479129900053,0.20264452478884842
pulse,0.6,0.27,0.44900702072979093,0.20264452478884842
pulse,0.6,0.2725,0.4523521278838934,0.20264452478884842
pulse,0.6,0.275,0.4556832600178102,0.20264452478884842
pulse,0.6,0.2775,0.45900044269980084,0.20264452478884842
pulse,0.6,0.28,0.462303701500718,0.20264452478884842
pulse,0.6,0.28250000000000003,0.46559306199383704,0.20264452478884842
pulse,0.6,0.28500000000000003,0.46886854975468834,0.20264452478884842
pulse,0.6,0.28750000000000003,0.4721301903608881,0.20264452478884842
pulse,0.6,0.29,0.47537800939197106,0.20264452478884842
pulse,0.6,0.2925,0.4786120324292237,0.20264452478884842
pulse,0.6,0.295,0.4818322850555165,0.20264452478884842
pulse,0.6,0.2975,0.48503879285513923,0.20264452478884842
pulse,0.6,0.3,0.4882315814136348,0.20264452478884842
pulse,0.6,0.3025,0.4914106763176336,0.20264452478884842
pulse,0.6,0.305,0.49457610315469,0.20264452478884842
pulse,0.6,0.3075,0.4977278875131188,0.20264452478884842
pulse,0.6,0.31,0.5008660549818302,0.20264452478884842
pulse,0.6,0.3125,0.5039906311501687,0.20264452478884842
pulse,0.6,0.315,0.50710164160775,0.20264452478884842
pulse,0.6,0.3175,0.5101991119442989,0.20264452478884842
pulse,0.6,0.32,0.5132830677494891,0.20264452478884842
pulse,0.6,0.3225,0.5163535346127821,0.20264452478884842
pulse,0.6,0.325,0.5194105381232663,0.20264452478884842
pulse,0.6,0.3275,0.5224541038694989,0.20264452478884842
pulse,0.6,0.33,0.5254842574393451,0.20264452478884842
pulse,0.6,0.3325,0.528501024419821,0.20264452478884842
pulse,0.6,0.335,0.5315044303969353,0.20264452478884842
pulse,0.6,0.3375,0.5344945009555313,0.20264452478884842
pulse,0.6,0.34,0.53747126167913,0.20264452478884842
pulse,0.6,0.3425,0.5404347381497742,0.20264452478884842
pulse,0.6,0.34500000000000003,0.5433849559478726,0.20264452478884842
pulse,0.6,0.34750000000000003,0.5463219406520441,0.20264452478884842
pulse,0.6,0.35000000000000003,0.5492457178389628,0.20264452478884842
pulse,0.6,0.3525,0.5521563130832048,0.20264452478884842
pulse,0.6,0.355,0.5550537519570931,0.20264452478884842
pulse,0.6,0.3575,0.5579380600305447,0.20264452478884842
pulse,0.6,0.36,0.5608092628709189,0.20264452478884842
pulse,0.6,0.3625,0.5636673860428638,0.20264452478884842
pulse,0.6,0.365,0.5665124551081653,0.20264452478884842
pulse,0.6,0.3675,0.5693444956255957,0.20264452478884842
pulse,0.6,0.37,0.5721635331507634,0.20264452478884842
pulse,0.6,0.3725,0.5749695932359629,0.20264452478884842
pulse,0.6,0.375,0.5777627014300242,0.20264452478884842
pulse,0.6,0.3775,0.580542883278165,0.20264452478884842
pulse,0.6,0.38,0.5833101643218416,0.20264452478884842
pulse,0.6,0.3825,0.5860645700986007,0.20264452478884842
pulse,0.6,0.385,0.5888061261419323,0.20264452478884842
pulse,0.6,0.3875,0.5915348579811227,0.20264452478884842
pulse,0.6,0.39,0.5942507911411075,0.20264452478884842
pulse,0.6,0.3925,0.596953951142326,0.20264452478884842
pulse,0.6,0.395,0.5996443635005757,0.20264452478884842
pulse,0.6,0.3975,0.6023220537268681,0.20264452478884842
pulse,0.6,0.4,0.6049870473272829,0.20264452478884842
pulse,0.6,0.4025,0.6076393698028247,0.20264452478884842
pulse,0.6,0.405,0.6102790466492803,0.20264452478884842
pulse,0.6,0.40750000000000003,0.612906103357075,0.20264452478884842
pulse,0.6,0.41000000000000003,0.6155205654111299,0.20264452478884842
pulse,0.6,0.41250000000000003,0.618122458290721,0.20264452478884842
pulse,0.6,0.41500000000000004,0.620711807469338,0.20264452478884842
pulse,0.6,0.4175,0.6232886384145414,0.20264452478884842
pulse,0.6,0.42,0.6258529765878251,0.20264452478884842
pulse,0.6,0.4225,0.6284048474444742,0.20264452478884842
pulse,0.6,0.425,0.6309442764334267,0.20264452478884842
pulse,0.6,0.4275,0.6334712889971343,0.20264452478884842
pulse,0.6,0.43,0.6359859105714247,0.20264452478884842
pulse,0.6,0.4325,0.6384881665853631,0.20264452478884842
pulse,0.6,0.435,0.6409780824611152,0.20264452478884842
pulse,0.6,0.4375,0.6434556836138097,0.20264452478884842
pulse,0.6,0.44,0.6459209954514032,0.20264452478884842
pulse,0.6,0.4425,0.6483740433745436,0.20264452478884842
pulse,0.6,0.445,0.6508148527764346,0.20264452478884842
pulse,0.6,0.4475,0.653243449042701,0.20264452478884842
pulse,0.6,0.45,0.6556598575512556,0.20264452478884842
pulse,0.6,0.4525,0.6580641036721625,0.20264452478884842
pulse,0.6,0.455,0.660456212767507,0.20264452478884842
pulse,0.6,0.4575,0.6628362101912606,0.20264452478884842
pulse,0.6,0.46,0.6652041212891493,0.20264452478884842
pulse,0.6,0.4625,0.6675599713985217,0.20264452478884842
pulse,0.6,0.465,0.669903785848218,0.20264452478884842
pulse,0.6,0.4675,0.6722355899584382,0.20264452478884842
pulse,0.6,0.47000000000000003,0.6745554090406127,0.20264452478884842
pulse,0.6,0.47250000000000003,0.6768632683972718,0.20264452478884842
pulse,0.6,0.47500000000000003,0.6791591933219165,0.20264452478884842
pulse,0.6,0.47750000000000004,0.6814432090988896,0.20264452478884842
pulse,0.6,0.48,0.6837153410032463,0.20264452478884842
pulse,0.6,0.4825,0.6859756143006284,0.20264452478884842
pulse,0.6,0.485,0.6882240542471345,0.20264452478884842
pulse,0.6,0.4875,0.6904606860891946,0.20264452478884842
pulse,0.6,0.49,0.6926855350634428,0.20264452478884842
pulse,0.6,0.4925,0.6948986263965913,0.20264452478884842
pulse,0.6,0.495,0.6970999853053057,0.20264452478884842
pulse,0.6,0.4975,0.6992896369960784,0.20264452478884842
pulse,0.6,0.5,0.7014676066651053,0.20264452478884842
pulse,0.6,0.5025000000000001,0.7036339194981617,0.20264452478884842
pulse,0.6,0.505,0.7057886006704779,0.20264452478884842
pulse,0.6,0.5075000000000001,0.7079316753466162,0.20264452478884842
pulse,0.6,0.51,0.7100631686803482,0.20264452478884842
pulse,0.6,0.5125,0.7121831058145345,0.20264452478884842
pulse,0.6,0.515,0.7142915118809994,0.20264452478884842
pulse,0.6,0.5175,0.7163884120004127,0.20264452478884842
pulse,0.6,0.52,0.7184738312821675,0.20264452478884842
pulse,0.6,0.5225,0.7205477948242601,0.20264452478884842
pulse,0.6,0.525,0.7226103277131708,0.20264452478884842
pulse,0.6,0.5275,0.7246614550237436,0.20264452478884842
pulse,0.6,0.53,0.7267012018190676,0.20264452478884842
pulse,0.6,0.5325,0.7287295931503592,0.20264452478884842
pulse,0.6,0.535,0.7307466540568438,0.20264452478884842
pulse,0.6,0.5375,0.7327524095656377,0.20264452478884842
pulse,0.6,0.54,0.7347468846916322,0.20264452478884842
pulse,0.6,0.5425,0.7367301044373757,0.20264452478884842
pulse,0.6,0.545,0.7387020937929593,0.20264452478884842
pulse,0.6,0.5475,0.7406628777358997,0.20264452478884842
pulse,0.6,0.55,0.7426124812310246,0.20264452478884842
pulse,0.6,0.5525,0.7445509292303581,0.20264452478884842
pulse,0.6,0.555,0.7464782466730069,0.20264452478884842
pulse,0.6,0.5575,0.7483944584850452,0.20264452478884842
pulse,0.6,0.56,0.7502995895794033,0.20264452478884842
pulse,0.6,0.5625,0.7521936648557527,0.20264452478884842
pulse,0.6,0.5650000000000001,0.7540767092003947,0.20264452478884842
pulse,0.6,0.5675,0.7559487474861495,0.20264452478884842
pulse,0.6,0.5700000000000001,0.757809804572243,0.20264452478884842
pulse,0.6,0.5725,0.759659905304196,0.20264452478884842
pulse,0.6,0.5750000000000001,0.7614990745137153,0.20264452478884842
pulse,0.6,0.5775,0.7633273370185819,0.20264452478884842
pulse,0.6,0.58,0.7651447176225413,0.20264452478884842
pulse,0.6,0.5825,0.766951241115196,0.20264452478884842
pulse,0.6,0.585,0.7687469322718947,0.20264452478884842
pulse,0.6,0.5875,0.7705318158536253,0.20264452478884842
pulse,0.6,0.59,0.7723059166069071,0.20264452478884842
pulse,0.6,0.5925,0.7740692592636822,0.20264452478884842
pulse,0.6,0.595,0.7758218685412097,0.20264452478884842
pulse,0.6,0.5975,0.7775637691419595,0.20264452478884842
pulse,0.6,0.6,0.7792949857535049,0.20264452478884842
pulse,0.6,0.6025,0.7810155430484175,0.20264452478884842
pulse,0.6,0.605,0.7827254656841632,0.20264452478884842
pulse,0.6,0.6075,0.7844247783029962,0.20264452478884842
pulse,0.6,0.61,0.786113505531854,0.20264452478884842
pulse,0.6,0.6125,0.7877916719822567,0.20264452478884842
pulse,0.6,0.615,0.7894593022501999,0.20264452478884842
pulse,0.6,0.6175,0.7911164209160538,0.20264452478884842
pulse,0.6,0.62,0.7927630525444613,0.20264452478884842
pulse,0.6,0.6225,0.7943992216842337,0.20264452478884842
pulse,0.6,0.625,0.7960249528682514,0.20264452478884842
pulse,0.6,0.6275000000000001,0.7976402706133607,0.20264452478884842
pulse,0.6,0.63,0.7992451994202748,0.20264452478884842
pulse,0.6,0.6325000000000001,0.8008397637734723,0.20264452478884842
pulse,0.6,0.635,0.8024239881410985,0.20264452478884842
pulse,0.6,0.6375000000000001,0.8039978969748642,0.20264452478884842
pulse,0.6,0.64,0.8055615147099483,0.20264452478884842
pulse,0.6,0.6425,0.8071148657648987,0.20264452478884842
pulse,0.6,0.645,0.8086579745415337,0.20264452478884842
pulse,0.6,0.6475,0.810190865424845,0.20264452478884842
pulse,0.6,0.65,0.8117135627829007,0.20264452478884842
pulse,0.6,0.6525,0.8132260909667466,0.20264452478884842
pulse,0.6,0.655,0.8147284743103124,0.20264452478884842
pulse,0.6,0.6575,0.8162207371303132,0.20264452478884842
pulse,0.6,0.66,0.8177029037261564,0.20264452478884842
pulse,0.6,0.6625,0.819174998379844,0.20264452478884842
pulse,0.6,0.665,0.8206370453558806,0.20264452478884842
pulse,0.6,0.6675,0.8220890689011758,0.20264452478884842
pulse,0.6,0.67,0.8235310932449547,0.20264452478884842
pulse,0.6,0.6725,0.8249631425986601,0.20264452478884842
pulse,0.6,0.675,0.826385241155862,0.20264452478884842
pulse,0.6,0.6775,0.8277974130921647,0.20264452478884842
pulse,0.6,0.68,0.8291996825651144,0.20264452478884842
pulse,0.6,0.6825,0.8305920737141064,0.20264452478884842
pulse,0.6,0.685,0.8319746106602963,0.20264452478884842
pulse,0.6,0.6875,0.8333473175065068,0.20264452478884842
pulse,0.6,0.6900000000000001,0.834710218337138,0.20264452478884842
pulse,0.6,0.6925,0.836063337218077,0.20264452478884842
pulse,0.6,0.6950000000000001,0.8374066981966092,0.20264452478884842
pulse,0.6,0.6975,0.8387403253013281,0.20264452478884842
pulse,0.6,0.7000000000000001,0.8400642425420468,0.20264452478884842
pulse,0.6,0.7025,0.8413784739097097,0.20264452478884842
pulse,0.6,0.705,0.842683043376304,0.20264452478884842
pulse,0.6,0.7075,0.8439779748947731,0.20264452478884842
pulse,0.6,0.71,0.8452632923989282,0.20264452478884842
pulse,0.6,0.7125,0.8465390198033624,0.20264452478884842
pulse,0.6,0.715,0.847805181003364,0.20264452478884842
pulse,0.6,0.7175,0.8490617998748312,0.20264452478884842
pulse,0.6,0.72,0.8503089002741845,0.20264452478884842
pulse,0.6,0.7225,0.8515465060382844,0.20264452478884842
pulse,0.6,0.725,0.8527746409843456,0.20264452478884842
pulse,0.6,0.7275,0.8539933289098505,0.20264452478884842
pulse,0.6,0.73,0.8552025935924692,0.20264452478884842
pulse,0.6,0.7325,0.8564024587899729,0.20264452478884842
pulse,0.6,0.735,0.8575929482401523,0.20264452478884842
pulse,0.6,0.7375,0.8587740856607337,0.20264452478884842
pulse,0.6,0.74,0.8599458947492985,0.20264452478884842
pulse,0.6,0.7425,0.8611083991831995,0.20264452478884842
pulse,0.6,0.745,0.8622616226194804,0.20264452478884842
pulse,0.6,0.7475,0.8634055886947939,0.20264452478884842
pulse,0.6,0.75,0.8645403210253219,0.20264452478884842
pulse,0.6,0.7525000000000001,0.8656658432066953,0.20264452478884842
pulse,0.6,0.755,0.8667821788139127,0.20264452478884842
pulse,0.6,0.7575000000000001,0.867889351401262,0.20264452478884842
pulse,0.6,0.76,0.8689873845022413,0.20264452478884842
pulse,0.6,0.7625000000000001,0.8700763016294797,0.20264452478884842
pulse,0.6,0.765,0.8711561262746587,0.20264452478884842
pulse,0.6,0.7675000000000001,0.8722268819084351,0.20264452478884842
pulse,0.6,0.77,0.8732885919803637,0.20264452478884842
pulse,0.6,0.7725,0.8743412799188178,0.20264452478884842
pulse,0.6,0.775,0.8753849691309157,0.20264452478884842
pulse,0.6,0.7775,0.8764196830024423,0.20264452478884842
pulse,0.6,0.78,0.8774454448977725,0.20264452478884842
pulse,0.6,0.7825,0.878462278159798,0.20264452478884842
pulse,0.6,0.785,0.87947020610985,0.20264452478884842
pulse,0.6,0.7875,0.8804692520476253,0.20264452478884842
pulse,0.6,0.79,0.8814594392511106,0.20264452478884842
pulse,0.6,0.7925,0.8824407909765112,0.20264452478884842
pulse,0.6,0.795,0.8834133304581737,0.20264452478884842
pulse,0.6,0.7975,0.8843770809085163,0.20264452478884842
pulse,0.6,0.8,0.8853320655179523,0.20264452478884842
pulse,0.6,0.8025,0.8862783074548203,0.20264452478884842
pulse,0.6,0.805,0.8872158298653114,0.20264452478884842
pulse,0.6,0.8075,0.8881446558733972,0.20264452478884842
pulse,0.6,0.81,0.8890648085807568,0.20264452478884842
pulse,0.6,0.8125,0.8899763110667092,0.20264452478884842
pulse,0.6,0.8150000000000001,0.8908791863881397,0.20264452478884842
pulse,0.6,0.8175,0.8917734575794307,0.20264452478884842
pulse,0.6,0.8200000000000001,0.8926591476523922,0.20264452478884842
pulse,0.6,0.8225,0.893536279596192,0.20264452478884842
pulse,0.6,0.8250000000000001,0.8944048763772855,0.20264452478884842
pulse,0.6,0.8275,0.8952649609393485,0.20264452478884842
pulse,0.6,0.8300000000000001,0.8961165562032084,0.20264452478884842
pulse,0.6,0.8325,0.8969596850667755,0.20264452478884842
pulse,0.6,0.835,0.8977943704049756,0.20264452478884842
pulse,0.6,0.8375,0.898620635069683,0.20264452478884842
pulse,0.6,0.84,0.8994385018896538,0.20264452478884842
pulse,0.6,0.8425,0.9002479936704584,0.20264452478884842
pulse,0.6,0.845,0.9010491331944163,0.20264452478884842
pulse,0.6,0.8475,0.9018419432205295,0.20264452478884842
pulse,0.6,0.85,0.9026264464844177,0.20264452478884842
pulse,0.6,0.8525,0.9034026656982533,0.20264452478884842
pulse,0.6,0.855,0.9041706235506948,0.20264452478884842
pulse,0.6,0.8575,0.9049303427068257,0.20264452478884842
pulse,0.6,0.86,0.9056818458080879,0.20264452478884842
pulse,0.6,0.8625,0.9064251554722189,0.20264452478884842
pulse,0.6,0.865,0.9071602942931885,0.20264452478884842
pulse,0.6,0.8675,0.9078872848411361,0.20264452478884842
pulse,0.6,0.87,0.9086061496623077,0.20264452478884842
pulse,0.6,0.8725,0.909316911278994,0.20264452478884842
pulse,0.6,0.875,0.9100195921894686,0.20264452478884842
pulse,0.6,0.8775000000000001,0.9107142148679258,0.20264452478884842
pulse,0.6,0.88,0.9114008017644212,0.20264452478884842
pulse,0.6,0.8825000000000001,0.9120793753048091,0.20264452478884842
pulse,0.6,0.885,0.9127499578906824,0.20264452478884842
pulse,0.6,0.8875000000000001,0.9134125718993138,0.20264452478884842
pulse,0.6,0.89,0.9140672396835944,0.20264452478884842
pulse,0.6,0.8925000000000001,0.9147139835719752,0.20264452478884842
pulse,0.6,0.895,0.9153528258684087,0.20264452478884842
pulse,0.6,0.8975,0.9159837888522887,0.20264452478884842
pulse,0.6,0.9,0.9166068947783937,0.20264452478884842
pulse,0.6,0.9025,0.917222165876827,0.20264452478884842
pulse,0.6,0.905,0.9178296243529612,0.20264452478884842
pulse,0.6,0.9075,0.9184292923873789,0.20264452478884842
pulse,0.6,0.91,0.9190211921358176,0.20264452478884842
pulse,0.6,0.9125,0.9196053457291125,0.20264452478884842
pulse,0.6,0.915,0.9201817752731382,0.20264452478884842
pulse,0.6,0.9175,0.9207505028487574,0.20264452478884842
pulse,0.6,0.92,0.9213115505117605,0.20264452478884842
pulse,0.6,0.9225,0.9218649402928131,0.20264452478884842
pulse,0.6,0.925,0.9224106941974013,0.20264452478884842
pulse,0.6,0.9275,0.9229488342057751,0.20264452478884842
pulse,0.6,0.93,0.923479382272897,0.20264452478884842
pulse,0.6,0.9325,0.9240023603283861,0.20264452478884842
pulse,0.6,0.935,0.9245177902764644,0.20264452478884842
pulse,0.6,0.9375,0.9250256939959058,0.20264452478884842
pulse,0.6,0.9400000000000001,0.925526093339981,0.20264452478884842
pulse,0.6,0.9425,0.9260190101364069,0.20264452478884842
pulse,0.6,0.9450000000000001,0.926504466187292,0.20264452478884842
pulse,0.6,0.9475,0.9269824832690878,0.20264452478884842
pulse,0.6,0.9500000000000001,0.927453083132534,0.20264452478884842
pulse,0.6,0.9525,0.9279162875026102,0.20264452478884842
pulse,0.6,0.9550000000000001,0.9283721180784832,0.20264452478884842
pulse,0.6,0.9575,0.9288205965334563,0.20264452478884842
pulse,0.6,0.96,0.9292617445149215,0.20264452478884842
pulse,0.6,0.9625,0.9296955836443075,0.20264452478884842
pulse,0.6,0.965,0.9301221355170304,0.20264452478884842
pulse,0.6,0.9675,0.9305414217024455,0.20264452478884842
pulse,0.6,0.97,0.9309534637437975,0.20264452478884842
pulse,0.6,0.9725,0.9313582831581723,0.20264452478884842
pulse,0.6,0.975,0.9317559014364493,0.20264452478884842
pulse,0.6,0.9775,0.932146340043253,0.20264452478884842
pulse,0.6,0.98,0.932529620416905,0.20264452478884842
pulse,0.6,0.9825,0.9329057639693789,0.20264452478884842
pulse,0.6,0.985,0.9332747920862496,0.20264452478884842
pulse,0.6,0.9875,0.9336367261266507,0.20264452478884842
pulse,0.6,0.99,0.9339915874232262,0.20264452478884842
pulse,0.6,0.9925,0.9343393972820843,0.20264452478884842
pulse,0.6,0.995,0.9346801769827526,0.20264452478884842
pulse,0.6,0.9975,0.9350139477781332,0.20264452478884842
pulse,0.6,1.0,0.9353407308944561,0.20264452478884842
pulse,0.6,1.5,1.0,0.20264452478884842
pulse,0.6,1.5025,0.9988832186905319,0.20264452478884842
pulse,0.6,1.505,0.9977638753803697,0.20264452478884842
pulse,0.6,1.5075,0.9966419856308486,0.20264452478884842
pulse,0.6,1.51,0.995517564967525,0.20264452478884842
pulse,0.6,1.5125,0.9943906288801977,0.20264452478884842
pulse,0.6,1.515,0.9932611928229285,0.20264452478884842
pulse,0.6,1.5175,0.9921292722140648,0.20264452478884842
pulse,0.6,1.52,0.9909948824362622,0.20264452478884842
pulse,0.6,1.5225,0.989858038836506,0.20264452478884842
pulse,0.6,1.525,0.9887187567261329,0.20264452478884842
pulse,0.6,1.5275,0.9875770513808535,0.20264452478884842
pulse,0.6,1.53,0.9864329380407765,0.20264452478884842
pulse,0.6,1.5325,0.9852864319104283,0.20264452478884842
pulse,0.6,1.535,0.9841375481587795,0.20264452478884842
pulse,0.6,1.5375,0.9829863019192644,0.20264452478884842
pulse,0.6,1.54,0.981832708289807,0.20264452478884842
pulse,0.6,1.5425,0.9806767823328422,0.20264452478884842
pulse,0.6,1.545,0.9795185390753405,0.20264452478884842
pulse,0.6,1.5475,0.9783579935088303,0.20264452478884842
pulse,0.6,1.55,0.9771951605894237,0.20264452478884842
pulse,0.6,1.5525,0.9760300552378383,0.20264452478884842
pulse,0.6,1.555,0.9748626923394224,0.20264452478884842
pulse,0.6,1.5575,0.9736930867441776,0.20264452478884842
pulse,0.6,1.56,0.972521253266786,0.20264452478884842
pulse,0.6,1.5625,0.9713472066866314,0.20264452478884842
pulse,0.6,1.565,0.9701709617478256,0.20264452478884842
pulse,0.6,1.5675,0.9689925331592335,0.20264452478884842
pulse,0.6,1.57,0.9678119355944965,0.20264452478884842
pulse,0.6,1.5725,0.9666291836920584,0.20264452478884842
pulse,0.6,1.575,0.9654442920551903,0.20264452478884842
pulse,0.6,1.5775,0.9642572752520162,0.20264452478884842
pulse,0.6,1.58,0.9630681478155381,0.20264452478884842
pulse,0.6,1.5825,0.9618769242436611,0.20264452478884842
pulse,0.6,1.585,0.9606836189992198,0.20264452478884842
pulse,0.6,1.5875,0.9594882465100042,0.20264452478884842
pulse,0.6,1.59,0.9582908211687843,0.20264452478884842
pulse,0.6,1.5925,0.9570913573333382,0.20264452478884842
pulse,0.6,1.595,0.9558898693264763,0.20264452478884842
pulse,0.6,1.5975,0.954686371436069,0.20264452478884842
pulse,0.6,1.6,0.9534808779150729,0.20264452478884842
pulse,0.6,1.6025,0.9522734029815569,0.20264452478884842
pulse,0.6,1.605,0.9510639608187297,0.20264452478884842
pulse,0.6,1.6075,0.9498525655749653,0.20264452478884842
pulse,0.6,1.61,0.948639231363832,0.20264452478884842
pulse,0.6,1.6125,0.9474239722641176,0.20264452478884842
pulse,0.6,1.615,0.9462068023198584,0.20264452478884842
pulse,0.6,1.6175,0.9449877355403645,0.20264452478884842
pulse,0.6,1.62,0.9437667859002492,0.20264452478884842
pulse,0.6,1.6225,0.9425439673394562,0.20264452478884842
pulse,0.6,1.625,0.9413192937632859,0.20264452478884842
pulse,0.6,1.6275,0.9400927790424257,0.20264452478884842
pulse,0.6,1.63,0.9388644370129757,0.20264452478884842
pulse,0.6,1.6325,0.9376342814764788,0.20264452478884842
pulse,0.6,1.635,0.936402326199947,0.20264452478884842
pulse,0.6,1.6375,0.9351685849158916,0.20264452478884842
pulse,0.6,1.6400000000000001,0.9339330713223506,0.20264452478884842
pulse,0.6,1.6425,0.9326957990829173,0.20264452478884842
pulse,0.6,1.645,0.9314567818267705,0.20264452478884842
pulse,0.6,1.6475,0.9302160331487009,0.20264452478884842
pulse,0.6,1.65,0.9289735666091415,0.20264452478884842
pulse,0.6,1.6525,0.9277293957341971,0.20264452478884842
pulse,0.6,1.655,0.9264835340156736,0.20264452478884842
pulse,0.6,1.6575,0.9252359949111054,0.20264452478884842
pulse,0.6,1.66,0.9239867918437871,0.20264452478884842
pulse,0.6,1.6625,0.9227359382028019,0.20264452478884842
pulse,0.6,1.665,0.9214834473430519,0.20264452478884842
pulse,0.6,1.6675,0.9202293325852869,0.20264452478884842
pulse,0.6,1.67,0.918973607216136,0.20264452478884842
pulse,0.6,1.6725,0.9177162844881357,0.20264452478884842
pulse,0.6,1.675,0.916457377619762,0.20264452478884842
pulse,0.6,1.6775,0.9151968997954584,0.20264452478884842
pulse,0.6,1.68,0.9139348641656687,0.20264452478884842
pulse,0.6,1.6825,0.9126712838468652,0.20264452478884842
pulse,0.6,1.685,0.911406171921582,0.20264452478884842
pulse,0.6,1.6875,0.9101395414384429,0.20264452478884842
pulse,0.6,1.69,0.9088714054121939,0.20264452478884842
pulse,0.6,1.6925,0.9076017768237337,0.20264452478884842
pulse,0.6,1.695,0.9063306686201446,0.20264452478884842
pulse,0.6,1.6975,0.9050580937147239,0.20264452478884842
pulse,0.6,1.7,0.9037840649870156,0.20264452478884842
pulse,0.6,1.7025000000000001,0.9025085952828401,0.20264452478884842
pulse,0.6,1.705,0.9012316974143283,0.20264452478884842
pulse,0.6,1.7075,0.8999533841599505,0.20264452478884842
pulse,0.6,1.71,0.8986736682645498,0.20264452478884842
pulse,0.6,1.7125,0.8973925624393736,0.20264452478884842
pulse,0.6,1.715,0.8961100793621045,0.20264452478884842
pulse,0.6,1.7175,0.8948262316768947,0.20264452478884842
pulse,0.6,1.72,0.8935410319943948,0.20264452478884842
pulse,0.6,1.7225,0.8922544928917893,0.20264452478884842
pulse,0.6,1.725,0.8909666269128254,0.20264452478884842
pulse,0.6,1.7275,0.8896774465678498,0.20264452478884842
pulse,0.6,1.73,0.8883869643338369,0.20264452478884842
pulse,0.6,1.7325,0.8870951926544243,0.20264452478884842
pulse,0.6,1.735,0.8858021439399445,0.20264452478884842
pulse,0.6,1.7375,0.8845078305674573,0.20264452478884842
pulse,0.6,1.74,0.8832122648807842,0.20264452478884842
pulse,0.6,1.7425,0.8819154591905394,0.20264452478884842
pulse,0.6,1.745,0.8806174257741645,0.20264452478884842
pulse,0.6,1.7475,0.8793181768759611,0.20264452478884842
pulse,0.6,1.75,0.8780177247071246,0.20264452478884842
pulse,0.6,1.7525,0.8767160814457768,0.20264452478884842
pulse,0.6,1.755,0.8754132592369998,0.20264452478884842
pulse,0.6,1.7575,0.87410927019287,0.20264452478884842
pulse,0.6,1.76,0.8728041263924915,0.20264452478884842
pulse,0.6,1.7625,0.8714978398820297,0.20264452478884842
pulse,0.6,1.7650000000000001,0.8701904226747452,0.20264452478884842
pulse,0.6,1.7675,0.8688818867510285,0.20264452478884842
pulse,0.6,1.77,0.8675722440584335,0.20264452478884842
pulse,0.6,1.7725,0.8662615065117109,0.20264452478884842
pulse,0.6,1.775,0.8649496859928444,0.20264452478884842
pulse,0.6,1.7775,0.863636794351083,0.20264452478884842
pulse,0.6,1.78,0.8623228434029777,0.20264452478884842
pulse,0.6,1.7825,0.8610078449324132,0.20264452478884842
pulse,0.6,1.7850000000000001,0.8596918106906454,0.20264452478884842
pulse,0.6,1.7875,0.8583747523963339,0.20264452478884842
pulse,0.6,1.79,0.8570566817355787,0.20264452478884842
pulse,0.6,1.7925,0.8557376103619532,0.20264452478884842
pulse,0.6,1.795,0.8544175498965406,0.20264452478884842
pulse,0.6,1.7974999999999999,0.8530965119279682,0.20264452478884842
pulse,0.6,1.8,0.8517745080124435,0.20264452478884842
pulse,0.6,1.8025,0.8504515496737883,0.20264452478884842
pulse,0.6,1.805,0.8491276484034747,0.20264452478884842
pulse,0.6,1.8075,0.84780281566066,0.20264452478884842
pulse,0.6,1.81,0.8464770628722238,0.20264452478884842
pulse,0.6,1.8125,0.8451504014328007,0.20264452478884842
pulse,0.6,1.815,0.8438228427048194,0.20264452478884842
pulse,0.6,1.8175,0.8424943980185354,0.20264452478884842
pulse,0.6,1.82,0.8411650786720689,0.20264452478884842
pulse,0.6,1.8225,0.8398348959314396,0.20264452478884842
pulse,0.6,1.825,0.8385038610306035,0.20264452478884842
pulse,0.6,1.8275000000000001,0.8371719851714882,0.20264452478884842
pulse,0.6,1.83,0.83583927952403,0.20264452478884842
pulse,0.6,1.8325,0.8345057552262092,0.20264452478884842
pulse,0.6,1.835,0.8331714233840872,0.20264452478884842
pulse,0.6,1.8375,0.831836295071842,0.20264452478884842
pulse,0.6,1.84,0.8305003813318063,0.20264452478884842
pulse,0.6,1.8425,0.8291636931745019,0.20264452478884842
pulse,0.6,1.845,0.8278262415786785,0.20264452478884842
pulse,0.6,1.8475000000000001,0.8264880374913485,0.20264452478884842
pulse,0.6,1.85,0.8251490918278258,0.20264452478884842
pulse,0.6,1.8525,0.8238094154717608,0.20264452478884842
pulse,0.6,1.855,0.8224690192751782,0.20264452478884842
pulse,0.6,1.8575,0.8211279140585145,0.20264452478884842
pulse,0.6,1.8599999999999999,0.8197861106106544,0.20264452478884842
pulse,0.6,1.8625,0.8184436196889676,0.20264452478884842
pulse,0.6,1.865,0.8171004520193482,0.20264452478884842
pulse,0.6,1.8675,0.8157566182962488,0.20264452478884842
pulse,0.6,1.87,0.8144121291827204,0.20264452478884842
pulse,0.6,1.8725,0.8130669953104489,0.20264452478884842
pulse,0.6,1.875,0.8117212272797935,0.20264452478884842
pulse,0.6,1.8775,0.8103748356598226,0.20264452478884842
pulse,0.6,1.88,0.8090278309883528,0.20264452478884842
pulse,0.6,1.8825,0.8076802237719872,0.20264452478884842
pulse,0.6,1.885,0.8063320244861516,0.20264452478884842
pulse,0.6,1.8875,0.8049832435751337,0.20264452478884842
pulse,0.6,1.8900000000000001,0.8036338914521202,0.20264452478884842
pulse,0.6,1.8925,0.8022839784992357,0.20264452478884842
pulse,0.6,1.895,0.8009335150675805,0.20264452478884842
pulse,0.6,1.8975,0.7995825114772679,0.20264452478884842
pulse,0.6,1.9,0.798230978017464,0.20264452478884842
pulse,0.6,1.9025,0.7968789249464246,0.20264452478884842
pulse,0.6,1.905,0.7955263624915354,0.20264452478884842
pulse,0.6,1.9075,0.7941733008493479,0.20264452478884842
pulse,0.6,1.9100000000000001,0.7928197501856197,0.20264452478884842
pulse,0.6,1.9125,0.7914657206353528,0.20264452478884842
pulse,0.6,1.915,0.7901112223028327,0.20264452478884842
pulse,0.6,1.9175,0.7887562652616653,0.20264452478884842
pulse,0.6,1.92,0.7874008595548176,0.20264452478884842
pulse,0.6,1.9224999999999999,0.786045015194656,0.20264452478884842
pulse,0.6,1.925,0.7846887421629845,0.20264452478884842
pulse,0.6,1.9275,0.7833320504110846,0.20264452478884842
pulse,0.6,1.93,0.781974949859754,0.20264452478884842
pulse,0.6,1.9325,0.7806174503993448,0.20264452478884842
pulse,0.6,1.935,0.7792595618898048,0.20264452478884842
pulse,0.6,1.9375,0.7779012941607144,0.20264452478884842
pulse,0.6,1.94,0.7765426570113267,0.20264452478884842
pulse,0.6,1.9425,0.7751836602106078,0.20264452478884842
pulse,0.6,1.945,0.7738243134972743,0.20264452478884842
pulse,0.6,1.9475,0.7724646265798348,0.20264452478884842
pulse,0.6,1.95,0.7711046091366283,0.20264452478884842
pulse,0.6,1.9525000000000001,0.7697442708158629,0.20264452478884842
pulse,0.6,1.955,0.7683836212356576,0.20264452478884842
pulse,0.6,1.9575,0.7670226699840799,0.20264452478884842
pulse,0.6,1.96,0.765661426619187,0.20264452478884842
pulse,0.6,1.9625,0.7642999006690647,0.20264452478884842
pulse,0.6,1.965,0.7629381016318676,0.20264452478884842
pulse,0.6,1.9675,0.7615760389758589,0.20264452478884842
pulse,0.6,1.97,0.7602137221394507,0.20264452478884842
pulse,0.6,1.9725000000000001,0.7588511605312432,0.20264452478884842
pulse,0.6,1.975,0.7574883635300665,0.20264452478884842
pulse,0.6,1.9775,0.7561253404850178,0.20264452478884842
pulse,0.6,1.98,0.7547621007155046,0.20264452478884842
pulse,0.6,1.9825,0.7533986535112832,0.20264452478884842
pulse,0.6,1.9849999999999999,0.7520350081324991,0.20264452478884842
pulse,0.6,1.9875,0.7506711738097284,0.20264452478884842
pulse,0.6,1.99,0.7493071597440168,0.20264452478884842
pulse,0.6,1.9925,0.7479429751069211,0.20264452478884842
pulse,0.6,1.995,0.7465786290405486,0.20264452478884842
pulse,0.6,1.9975,0.7452141306575992,0.20264452478884842
pulse,0.6,2.0,0.7438494890414046,0.20264452478884842
pulse,0.6,2.0025,0.7424847132459692,0.20264452478884842
pulse,0.6,2.005,0.7411198122960112,0.20264452478884842
pulse,0.6,2.0075000000000003,0.739754795187003,0.20264452478884842
pulse,0.6,2.01,0.7383896708852131,0.20264452478884842
pulse,0.6,2.0125,0.737024448327744,0.20264452478884842
pulse,0.6,2.015,0.735659136422577,0.20264452478884842
pulse,0.6,2.0175,0.73429374404861,0.20264452478884842
pulse,0.6,2.02,0.7329282800557003,0.20264452478884842
pulse,0.6,2.0225,0.7315627532647041,0.20264452478884842
pulse,0.6,2.025,0.7301971724675191,0.20264452478884842
pulse,0.6,2.0275,0.7288315464271249,0.20264452478884842
pulse,0.6,2.0300000000000002,0.7274658838776233,0.20264452478884842
pulse,0.6,2.0324999999999998,0.7261001935242822,0.20264452478884842
pulse,0.6,2.035,0.7247344840435728,0.20264452478884842
pulse,0.6,2.0375,0.7233687640832146,0.20264452478884842
pulse,0.6,2.04,0.722003042262215,0.20264452478884842
pulse,0.6,2.0425,0.7206373271709104,0.20264452478884842
pulse,0.6,2.045,0.7192716273710087,0.20264452478884842
pulse,0.6,2.0475,0.7179059513956294,0.20264452478884842
pulse,0.6,2.05,0.7165403077493468,0.20264452478884842
pulse,0.6,2.0525,0.7151747049082297,0.20264452478884842
pulse,0.6,2.055,0.7138091513198849,0.20264452478884842
pulse,0.6,2.0575,0.712443655403497,0.20264452478884842
pulse,0.6,2.06,0.7110782255498713,0.20264452478884842
pulse,0.6,2.0625,0.7097128701214748,0.20264452478884842
pulse,0.6,2.065,0.7083475974524784,0.20264452478884842
pulse,0.6,2.0675,0.7069824158487988,0.20264452478884842
pulse,0.6,2.0700000000000003,0.7056173335881389,0.20264452478884842
pulse,0.6,2.0725,0.7042523589200326,0.20264452478884842
pulse,0.6,2.075,0.7028875000658826,0.20264452478884842
pulse,0.6,2.0775,0.7015227652190069,0.20264452478884842
pulse,0.6,2.08,0.7001581625446772,0.20264452478884842
pulse,0.6,2.0825,0.6987937001801621,0.20264452478884842
pulse,0.6,2.085,0.6974293862347696,0.20264452478884842
pulse,0.6,2.0875,0.6960652287898887,0.20264452478884842
pulse,0.6,2.09,0.6947012358990317,0.20264452478884842
pulse,0.6,2.0925000000000002,0.6933374155878761,0.20264452478884842
pulse,0.6,2.0949999999999998,0.6919737758543074,0.20264452478884842
pulse,0.6,2.0975,0.6906103246684596,0.20264452478884842
pulse,0.6,2.1,0.6892470699727604,0.20264452478884842
pulse,0.6,2.1025,0.6878840196819709,0.20264452478884842
pulse,0.6,2.105,0.6865211816832286,0.20264452478884842
pulse,0.6,2.1075,0.6851585638360903,0.20264452478884842
pulse,0.6,2.11,0.6837961739725744,0.20264452478884842
pulse,0.6,2.1125,0.6824340198972023,0.20264452478884842
pulse,0.6,2.115,0.6810721093870421,0.20264452478884842
pulse,0.6,2.1175,0.6797104501917511,0.20264452478884842
pulse,0.6,2.12,0.678349050033617,0.20264452478884842
pulse,0.6,2.1225,0.6769879166076014,0.20264452478884842
pulse,0.6,2.125,0.6756270575813824,0.20264452478884842
pulse,0.6,2.1275,0.6742664805953968,0.20264452478884842
pulse,0.6,2.13,0.6729061932628831,0.20264452478884842
pulse,0.6,2.1325000000000003,0.6715462031699236,0.20264452478884842
pulse,0.6,2.135,0.6701865178754886,0.20264452478884842
pulse,0.6,2.1375,0.6688271449114765,0.20264452478884842
pulse,0.6,2.14,0.6674680917827589,0.20264452478884842
pulse,0.6,2.1425,0.6661093659672224,0.20264452478884842
pulse,0.6,2.145,0.6647509749158116,0.20264452478884842
pulse,0.6,2.1475,0.6633929260525715,0.20264452478884842
pulse,0.6,2.15,0.6620352267746907,0.20264452478884842
pulse,0.6,2.1525,0.6606778844525448,0.20264452478884842
pulse,0.6,2.1550000000000002,0.6593209064297378,0.20264452478884842
pulse,0.6,2.1574999999999998,0.6579643000231475,0.20264452478884842
pulse,0.6,2.16,0.6566080725229654,0.20264452478884842
pulse,0.6,2.1625,0.6552522311927419,0.20264452478884842
pulse,0.6,2.165,0.6538967832694286,0.20264452478884842
pulse,0.6,2.1675,0.6525417359634216,0.20264452478884842
pulse,0.6,2.17,0.6511870964586037,0.20264452478884842
pulse,0.6,2.1725,0.6498328719123887,0.20264452478884842
pulse,0.6,2.175,0.6484790694557636,0.20264452478884842
pulse,0.6,2.1775,0.6471256961933318,0.20264452478884842
pulse,0.6,2.18,0.6457727592033569,0.20264452478884842
pulse,0.6,2.1825,0.6444202655378052,0.20264452478884842
pulse,0.6,2.185,0.643068222222389,0.20264452478884842
pulse,0.6,2.1875,0.6417166362566099,0.20264452478884842
pulse,0.6,2.19,0.6403655146138022,0.20264452478884842
pulse,0.6,2.1925,0.6390148642411759,0.20264452478884842
pulse,0.6,2.1950000000000003,0.63766469205986,0.20264452478884842
pulse,0.6,2.1975,0.6363150049649461,0.20264452478884842
pulse,0.6,2.2,0.6349658098255307,0.20264452478884842
pulse,0.6,2.2025,0.6336171134847602,0.20264452478884842
pulse,0.6,2.205,0.6322689227598735,0.20264452478884842
pulse,0.6,2.2075,0.6309212444422436,0.20264452478884842
pulse,0.6,2.21,0.6295740852974243,0.20264452478884842
pulse,0.6,2.2125,0.6282274520651909,0.20264452478884842
pulse,0.6,2.215,0.626881351459585,0.20264452478884842
pulse,0.6,2.2175000000000002,0.625535790168957,0.20264452478884842
pulse,0.6,2.2199999999999998,0.6241907748560115,0.20264452478884842
pulse,0.6,2.2225,0.6228463121578472,0.20264452478884842
pulse,0.6,2.225,0.6215024086860048,0.20264452478884842
pulse,0.6,2.2275,0.6201590710265062,0.20264452478884842
pulse,0.6,2.23,0.6188163057399019,0.20264452478884842
pulse,0.6,2.2325,0.6174741193613114,0.20264452478884842
pulse,0.6,2.235,0.6161325184004683,0.20264452478884842
pulse,0.6,2.2375,0.6147915093417641,0.20264452478884842
pulse,0.6,2.24,0.6134510986442906,0.20264452478884842
pulse,0.6,2.2425,0.612111292741885,0.20264452478884842
pulse,0.6,2.245,0.6107720980431721,0.20264452478884842
pulse,0.6,2.2475,0.6094335209316089,0.20264452478884842
pulse,0.6,2.25,0.608095567765527,0.20264452478884842
pulse,0.6,2.2525,0.6067582448781782,0.20264452478884842
pulse,0.6,2.255,0.6054215585777762,0.20264452478884842
pulse,0.6,2.2575000000000003,0.6040855151475412,0.20264452478884842
pulse,0.6,2.26,0.6027501208457448,0.20264452478884842
pulse,0.6,2.2625,0.6014153819057497,0.20264452478884842
pulse,0.6,2.265,0.6000813045360589,0.20264452478884842
pulse,0.6,2.2675,0.5987478949203549,0.20264452478884842
pulse,0.6,2.27,0.5974151592175456,0.20264452478884842
pulse,0.6,2.2725,0.5960831035618075,0.20264452478884842
pulse,0.6,2.275,0.5947517340626295,0.20264452478884842
pulse,0.6,2.2775,0.5934210568048568,0.20264452478884842
pulse,0.6,2.2800000000000002,0.5920910778487339,0.20264452478884842
pulse,0.6,2.2824999999999998,0.5907618032299508,0.20264452478884842
pulse,0.6,2.285,0.5894332389596819,0.20264452478884842
pulse,0.6,2.2875,0.5881053910246359,0.20264452478884842
pulse,0.6,2.29,0.5867782653870949,0.20264452478884842
pulse,0.6,2.2925,0.5854518679849603,0.20264452478884842
pulse,0.6,2.295,0.584126204731796,0.20264452478884842
pulse,0.6,2.2975,0.5828012815168726,0.20264452478884842
pulse,0.6,2.3,0.5814771042052109,0.20264452478884842
pulse,0.6,2.3025,0.5801536786376257,0.20264452478884842
pulse,0.6,2.305,0.5788310106307705,0.20264452478884842
pulse,0.6,2.3075,0.5775091059771797,0.20264452478884842
pulse,0.6,2.31,0.5761879704453142,0.20264452478884842
pulse,0.6,2.3125,0.5748676097796038,0.20264452478884842
pulse,0.6,2.315,0.5735480297004921,0.20264452478884842
pulse,0.6,2.3175,0.5722292359044798,0.20264452478884842
pulse,0.6,2.3200000000000003,0.5709112340641688,0.20264452478884842
pulse,0.6,2.3225,0.5695940298283064,0.20264452478884842
pulse,0.6,2.325,0.5682776288218279,0.20264452478884842
pulse,0.6,2.3275,0.5669620366459022,0.20264452478884842
pulse,0.6,2.33,0.565647258877975,0.20264452478884842
pulse,0.6,2.3325,0.5643333010718116,0.20264452478884842
pulse,0.6,2.335,0.5630201687575428,0.20264452478884842
pulse,0.6,2.3375,0.561707867441707,0.20264452478884842
pulse,0.6,2.34,0.5603964026072953,0.20264452478884842
pulse,0.6,2.3425000000000002,0.5590857797137947,0.20264452478884842
pulse,0.6,2.3449999999999998,0.5577760041972326,0.20264452478884842
pulse,0.6,2.3475,0.5564670814702195,0.20264452478884842
pulse,0.6,2.35,0.5551590169219951,0.20264452478884842
pulse,0.6,2.3525,0.5538518159184698,0.20264452478884842
pulse,0.6,2.355,0.5525454838022696,0.20264452478884842
pulse,0.6,2.3575,0.5512400258927811,0.20264452478884842
pulse,0.6,2.36,0.5499354474861933,0.20264452478884842
pulse,0.6,2.3625,0.5486317538555429,0.20264452478884842
pulse,0.6,2.365,0.5473289502507578,0.20264452478884842
pulse,0.6,2.3675,0.5460270418987021,0.20264452478884842
pulse,0.6,2.37,0.5447260340032172,0.20264452478884842
pulse,0.6,2.3725,0.5434259317451688,0.20264452478884842
pulse,0.6,2.375,0.5421267402824893,0.20264452478884842
pulse,0.6,2.3775,0.5408284647502211,0.20264452478884842
pulse,0.6,2.38,0.5395311102605622,0.20264452478884842
pulse,0.6,2.3825000000000003,0.5382346819029086,0.20264452478884842
pulse,0.6,2.385,0.5369391847438995,0.20264452478884842
pulse,0.6,2.3875,0.5356446238274589,0.20264452478884842
pulse,0.6,2.39,0.5343510041748428,0.20264452478884842
pulse,0.6,2.3925,0.5330583307846806,0.20264452478884842
pulse,0.6,2.395,0.5317666086330191,0.20264452478884842
pulse,0.6,2.3975,0.5304758426733676,0.20264452478884842
pulse,0.6,2.4,0.5291860378367412,0.20264452478884842
pulse,0.6,2.4025,0.5278971990317041,0.20264452478884842
pulse,0.6,2.4050000000000002,0.5266093311444141,0.20264452478884842
pulse,0.6,2.4074999999999998,0.5253224390386668,0.20264452478884842
pulse,0.6,2.41,0.5240365275559378,0.20264452478884842
pulse,0.6,2.4125,0.5227516015154291,0.20264452478884842
pulse,0.6,2.415,0.5214676657141104,0.20264452478884842
pulse,0.6,2.4175,0.5201847249267647,0.20264452478884842
pulse,0.6,2.42,0.5189027839060308,0.20264452478884842
pulse,0.6,2.4225,0.5176218473824488,0.20264452478884842
pulse,0.6,2.425,0.5163419200645015,0.20264452478884842
pulse,0.6,2.4275,0.5150630066386608,0.20264452478884842
pulse,0.6,2.43,0.5137851117694301,0.20264452478884842
pulse,0.6,2.4325,0.5125082400993878,0.20264452478884842
pulse,0.6,2.435,0.511232396249232,0.20264452478884842
pulse,0.6,2.4375,0.5099575848178234,0.20264452478884842
pulse,0.6,2.44,0.5086838103822297,0.20264452478884842
pulse,0.6,2.4425,0.5074110774977694,0.20264452478884842
pulse,0.6,2.4450000000000003,0.5061393906980545,0.20264452478884842
pulse,0.6,2.4475,0.5048687544950367,0.20264452478884842
pulse,0.6,2.45,0.5035991733790471,0.20264452478884842
pulse,0.6,2.4525,0.5023306518188444,0.20264452478884842
pulse,0.6,2.455,0.5010631942616551,0.20264452478884842
pulse,0.6,2.4575,0.4997968051332195,0.20264452478884842
pulse,0.6,2.46,0.4985314888378337,0.20264452478884842
pulse,0.6,2.4625,0.49726724975839454,0.20264452478884842
pulse,0.6,2.465,0.49600409225644243,0.20264452478884842
pulse,0.6,2.4675000000000002,0.49474202067220546,0.20264452478884842
pulse,0.6,2.4699999999999998,0.49348103932464366,0.20264452478884842
pulse,0.6,2.4725,0.4922211525114901,0.20264452478884842
pulse,0.6,2.475,0.4909623645092981,0.20264452478884842
pulse,0.6,2.4775,0.4897046795734825,0.20264452478884842
pulse,0.6,2.48,0.48844810193836313,0.20264452478884842
pulse,0.6,2.4825,0.48719263581721,0.20264452478884842
pulse,0.6,2.485,0.485938285402285,0.20264452478884842
pulse,0.6,2.4875,0.4846850548648875,0.20264452478884842
pulse,0.6,2.49,0.4834329483553955,0.20264452478884842
pulse,0.6,2.4925,0.4821819700033118,0.20264452478884842
pulse,0.6,2.495,0.4809321239173051,0.20264452478884842
pulse,0.6,2.4975,0.47968341418525506,0.20264452478884842
pulse,0.6,2.5,0.47843584487429497,0.20264452478884842
pulse,0.6,3.0,0.22903629489794838,0.20264452478884842
pulse,0.6,3.0025,0.22819435870377647,0.20264452478884842
pulse,0.6,3.005,0.22735378999235886,0.20264452478884842
pulse,0.6,3.0075,0.22651458949634182,0.20264452478884842
pulse,0.6,3.01,0.2256767579373335,0.20264452478884842
pulse,0.6,3.0125,0.22484029602593633,0.20264452478884842
pulse,0.6,3.015,0.2240052044617796,0.20264452478884842
pulse,0.6,3.0175,0.22317148393355074,0.20264452478884842
pulse,0.6,3.02,0.22233913511902803,0.20264452478884842
pulse,0.6,3.0225,0.22150815868511223,0.20264452478884842
pulse,0.6,3.025,0.220678555287859,0.20264452478884842
pulse,0.6,3.0275,0.21985032557251072,0.20264452478884842
pulse,0.6,3.03,0.21902347017352822,0.20264452478884842
pulse,0.6,3.0325,0.2181979897146226,0.20264452478884842
pulse,0.6,3.035,0.21737388480878791,0.20264452478884842
pulse,0.6,3.0375,0.21655115605833186,0.20264452478884842
pulse,0.6,3.04,0.21572980405490824,0.20264452478884842
pulse,0.6,3.0425,0.21490982937954847,0.20264452478884842
pulse,0.6,3.045,0.21409123260269333,0.20264452478884842
pulse,0.6,3.0475,0.21327401428422457,0.20264452478884842
pulse,0.6,3.05,0.21245817497349673,0.20264452478884842
pulse,0.6,3.0525,0.21164371520936828,0.20264452478884842
pulse,0.6,3.055,0.2108306355202339,0.20264452478884842
pulse,0.6,3.0575,0.21001893642405514,0.20264452478884842
pulse,0.6,3.06,0.20920861842839233,0.20264452478884842
pulse,0.6,3.0625,0.20839968203043613,0.20264452478884842
pulse,0.6,3.065,0.20759212771703842,0.20264452478884842
pulse,0.6,3.0675,0.20678595596474422,0.20264452478884842
pulse,0.6,3.07,0.20598116723982268,0.20264452478884842
pulse,0.6,3.0725,0.20517776199829824,0.20264452478884842
pulse,0.6,3.075,0.20437574068598194,0.20264452478884842
pulse,0.6,3.0775,0.20357510373850318,0.20264452478884842
pulse,0.6,3.08,0.2027758515813399,0.20264452478884842
pulse,0.6,3.0825,0.2019779846298502,0.20264452478884842
pulse,0.6,3.085,0.20118150328930343,0.20264452478884842
pulse,0.6,3.0875,0.20038640795491106,0.20264452478884842
pulse,0.6,3.09,0.19959269901185778,0.20264452478884842
pulse,0.6,3.0925,0.19880037683533253,0.20264452478884842
pulse,0.6,3.095,0.19800944179055888,0.20264452478884842
pulse,0.6,3.0975,0.19721989423282696,0.20264452478884842
pulse,0.6,3.1,0.19643173450752305,0.20264452478884842
pulse,0.6,3.1025,0.19564496295016118,0.20264452478884842
pulse,0.6,3.105,0.19485957988641353,0.20264452478884842
pulse,0.6,3.1075,0.19407558563214136,0.20264452478884842
pulse,0.6,3.11,0.19329298049342547,0.20264452478884842
pulse,0.6,3.1125,0.19251176476659693,0.20264452478884842
pulse,0.6,3.115,0.19173193873826752,0.20264452478884842
pulse,0.6,3.1175,0.1909535026853607,0.20264452478884842
pulse,0.6,3.12,0.19017645687514156,0.20264452478884842
pulse,0.6,3.1225,0.18940080156524747,0.20264452478884842
pulse,0.6,3.125,0.18862653700371868,0.20264452478884842
pulse,0.6,3.1275,0.1878536634290285,0.20264452478884842
pulse,0.6,3.13,0.18708218107011382,0.20264452478884842
pulse,0.6,3.1325,0.18631209014640518,0.20264452478884842
pulse,0.6,3.135,0.1855433908678571,0.20264452478884842
pulse,0.6,3.1375,0.1847760834349783,0.20264452478884842
pulse,0.6,3.14,0.18401016803886233,0.20264452478884842
pulse,0.6,3.1425,0.1832456448612167,0.20264452478884842
pulse,0.6,3.145,0.18248251407439392,0.20264452478884842
pulse,0.6,3.1475,0.18172077584142096,0.20264452478884842
pulse,0.6,3.15,0.18096043031602965,0.20264452478884842
pulse,0.6,3.1525,0.18020147764268635,0.20264452478884842
pulse,0.6,3.155,0.17944391795662204,0.20264452478884842
pulse,0.6,3.1575,0.17868775138386198,0.20264452478884842
pulse,0.6,3.16,0.17793297804125632,0.20264452478884842
pulse,0.6,3.1625,0.1771795980365087,0.20264452478884842
pulse,0.6,3.165,0.1764276114682068,0.20264452478884842
pulse,0.6,3.1675,0.17567701842585193,0.20264452478884842
pulse,0.6,3.17,0.17492781898988866,0.20264452478884842
pulse,0.6,3.1725,0.17418001323173438,0.20264452478884842
pulse,0.6,3.175,0.17343360121380902,0.20264452478884842
pulse,0.6,3.1775,0.17268858298956433,0.20264452478884842
pulse,0.6,3.18,0.1719449586035141,0.20264452478884842
pulse,0.6,3.1825,0.17120272809126266,0.20264452478884842
pulse,0.6,3.185,0.17046189147953483,0.20264452478884842
pulse,0.6,3.1875,0.1697224487862054,0.20264452478884842
pulse,0.6,3.19,0.16898440002032825,0.20264452478884842
pulse,0.6,3.1925,0.1682477451821655,0.20264452478884842
pulse,0.6,3.195,0.16751248426321724,0.20264452478884842
pulse,0.6,3.1975,0.1667786172462504,0.20264452478884842
pulse,0.6,3.2,0.1660461441053277,0.20264452478884842
pulse,0.6,3.2025,0.1653150648058376,0.20264452478884842
pulse,0.6,3.205,0.16458537930452252,0.20264452478884842
pulse,0.6,3.2075,0.1638570875495082,0.20264452478884842
pulse,0.6,3.21,0.16313018948033275,0.20264452478884842
pulse,0.6,3.2125,0.16240468502797573,0.20264452478884842
pulse,0.6,3.215,0.16168057411488657,0.20264452478884842
pulse,0.6,3.2175,0.16095785665501416,0.20264452478884842
pulse,0.6,3.22,0.16023653255383488,0.20264452478884842
pulse,0.6,3.2225,0.15951660170838247,0.20264452478884842
pulse,0.6,3.225,0.15879806400727545,0.20264452478884842
pulse,0.6,3.2275,0.15808091933074675,0.20264452478884842
pulse,0.6,3.23,0.1573651675506722,0.20264452478884842
pulse,0.6,3.2325,0.15665080853059876,0.20264452478884842
pulse,0.6,3.235,0.15593784212577375,0.20264452478884842
pulse,0.6,3.2375,0.15522626818317276,0.20264452478884842
pulse,0.6,3.24,0.15451608654152826,0.20264452478884842
pulse,0.6,3.2425,0.1538072970313588,0.20264452478884842
pulse,0.6,3.245,0.15309989947499608,0.20264452478884842
pulse,0.6,3.2475,0.15239389368661446,0.20264452478884842
pulse,0.6,3.25,0.15168927947225855,0.20264452478884842
pulse,0.6,3.2525,0.15098605662987197,0.20264452478884842
pulse,0.6,3.255,0.15028422494932528,0.20264452478884842
pulse,0.6,3.2575,0.14958378421244428,0.20264452478884842
pulse,0.6,3.26,0.14888473419303805,0.20264452478884842
pulse,0.6,3.2625,0.14818707465692724,0.20264452478884842
pulse,0.6,3.265,0.1474908053619721,0.20264452478884842
pulse,0.6,3.2675,0.14679592605810024,0.20264452478884842
pulse,0.6,3.27,0.1461024364873348,0.20264452478884842
pulse,0.6,3.2725,0.14541033638382234,0.20264452478884842
pulse,0.6,3.275,0.14471962547386083,0.20264452478884842
pulse,0.6,3.2775,0.14403030347592724,0.20264452478884842
pulse,0.6,3.2800000000000002,0.14334237010070544,0.20264452478884842
pulse,0.6,3.2825,0.14265582505111446,0.20264452478884842
pulse,0.6,3.285,0.14197066802233516,0.20264452478884842
pulse,0.6,3.2875,0.1412868987018387,0.20264452478884842
pulse,0.6,3.29,0.14060451676941396,0.20264452478884842
pulse,0.6,3.2925,0.139923521897195,0.20264452478884842
pulse,0.6,3.295,0.13924391374968875,0.20264452478884842
pulse,0.6,3.2975,0.13856569198380242,0.20264452478884842
pulse,0.6,3.3,0.1378888562488709,0.20264452478884842
pulse,0.6,3.3025,0.1372134061866843,0.20264452478884842
pulse,0.6,3.305,0.13653934143151525,0.20264452478884842
pulse,0.6,3.3075,0.13586666161014613,0.20264452478884842
pulse,0.6,3.31,0.1351953663418964,0.20264452478884842
pulse,0.6,3.3125,0.13452545523864987,0.20264452478884842
pulse,0.6,3.315,0.13385692790488182,0.20264452478884842
pulse,0.6,3.3175,0.13318978393768618,0.20264452478884842
pulse,0.6,3.32,0.13252402292680263,0.20264452478884842
pulse,0.6,3.3225,0.13185964445464365,0.20264452478884842
pulse,0.6,3.325,0.13119664809632134,0.20264452478884842
pulse,0.6,3.3275,0.13053503341967496,0.20264452478884842
pulse,0.6,3.33,0.12987479998529705,0.20264452478884842
pulse,0.6,3.3325,0.12921594734656092,0.20264452478884842
pulse,0.6,3.335,0.12855847504964718,0.20264452478884842
pulse,0.6,3.3375,0.12790238263357057,0.20264452478884842
pulse,0.6,3.34,0.12724766963020687,0.20264452478884842
pulse,0.6,3.3425000000000002,0.12659433556431934,0.20264452478884842
pulse,0.6,3.345,0.1259423799535858,0.20264452478884842
pulse,0.6,3.3475,0.12529180230862458,0.20264452478884842
pulse,0.6,3.35,0.12464260213302175,0.20264452478884842
pulse,0.6,3.3525,0.12399477892335713,0.20264452478884842
pulse,0.6,3.355,0.12334833216923118,0.20264452478884842
pulse,0.6,3.3575,0.1227032613532911,0.20264452478884842
pulse,0.6,3.36,0.12205956595125754,0.20264452478884842
pulse,0.6,3.3625,0.12141724543195064,0.20264452478884842
pulse,0.6,3.365,0.12077629925731631,0.20264452478884842
pulse,0.6,3.3675,0.12013672688245318,0.20264452478884842
pulse,0.6,3.37,0.11949852775563778,0.20264452478884842
pulse,0.6,3.3725,0.11886170131835133,0.20264452478884842
pulse,0.6,3.375,0.11822624700530583,0.20264452478884842
pulse,0.6,3.3775,0.11759216424446993,0.20264452478884842
pulse,0.6,3.38,0.11695945245709521,0.20264452478884842
pulse,0.6,3.3825,0.11632811105774192,0.20264452478884842
pulse,0.6,3.385,0.11569813945430517,0.20264452478884842
pulse,0.6,3.3875,0.11506953704804049,0.20264452478884842
pulse,0.6,3.39,0.11444230323359038,0.20264452478884842
pulse,0.6,3.3925,0.11381643739900915,0.20264452478884842
pulse,0.6,3.395,0.11319193892578948,0.20264452478884842
pulse,0.6,3.3975,0.11256880718888775,0.20264452478884842
pulse,0.6,3.4,0.11194704155674987,0.20264452478884842
pulse,0.6,3.4025,0.11132664139133688,0.20264452478884842
pulse,0.6,3.4050000000000002,0.11070760604815039,0.20264452478884842
pulse,0.6,3.4075,0.11008993487625862,0.20264452478884842
pulse,0.6,3.41,0.1094736272183212,0.20264452478884842
pulse,0.6,3.4125,0.10885868241061517,0.20264452478884842
pulse,0.6,3.415,0.10824509978306006,0.20264452478884842
pulse,0.6,3.4175,0.10763287865924356,0.20264452478884842
pulse,0.6,3.42,0.10702201835644655,0.20264452478884842
pulse,0.6,3.4225,0.10641251818566856,0.20264452478884842
pulse,0.6,3.425,0.10580437745165301,0.20264452478884842
pulse,0.6,3.4275,0.10519759545291214,0.20264452478884842
pulse,0.6,3.43,0.10459217148175272,0.20264452478884842
pulse,0.6,3.4325,0.10398810482430045,0.20264452478884842
pulse,0.6,3.435,0.10338539476052551,0.20264452478884842
pulse,0.6,3.4375,0.1027840405642674,0.20264452478884842
pulse,0.6,3.44,0.10218404150325985,0.20264452478884842
pulse,0.6,3.4425,0.10158539683915589,0.20264452478884842
pulse,0.6,3.445,0.10098810582755259,0.20264452478884842
pulse,0.6,3.4475,0.10039216771801601,0.20264452478884842
pulse,0.6,3.45,0.09979758175410576,0.20264452478884842
pulse,0.6,3.4525,0.09920434717340025,0.20264452478884842
pulse,0.6,3.455,0.09861246320752069,0.20264452478884842
pulse,0.6,3.4575,0.09802192908215633,0.20264452478884842
pulse,0.6,3.46,0.09743274401708864,0.20264452478884842
pulse,0.6,3.4625,0.09684490722621628,0.20264452478884842
pulse,0.6,3.465,0.09625841791757919,0.20264452478884842
pulse,0.6,3.4675000000000002,0.09567327529338332,0.20264452478884842
pulse,0.6,3.47,0.09508947855002535,0.20264452478884842
pulse,0.6,3.4725,0.09450702687811625,0.20264452478884842
pulse,0.6,3.475,0.0939259194625065,0.20264452478884842
pulse,0.6,3.4775,0.0933461554823097,0.20264452478884842
pulse,0.6,3.48,0.0927677341109274,0.20264452478884842
pulse,0.6,3.4825,0.09219065451607272,0.20264452478884842
pulse,0.6,3.485,0.09161491585979507,0.20264452478884842
pulse,0.6,3.4875,0.09104051729850392,0.20264452478884842
pulse,0.6,3.49,0.09046745798299277,0.20264452478884842
pulse,0.6,3.4925,0.08989573705846378,0.20264452478884842
pulse,0.6,3.495,0.08932535366455101,0.20264452478884842
pulse,0.6,3.4975,0.08875630693534474,0.20264452478884842
pulse,0.6,3.5,0.08818859599941534,0.20264452478884842
pulse,0.6,3.5025,0.08762221997983706,0.20264452478884842
pulse,0.6,3.505,0.08705717799421185,0.20264452478884842
pulse,0.6,3.5075000000000003,0.08649346915469304,0.20264452478884842
pulse,0.6,3.51,0.08593109256800947,0.20264452478884842
pulse,0.6,3.5125,0.0853700473354882,0.20264452478884842
pulse,0.6,3.515,0.08481033255307935,0.20264452478884842
pulse,0.6,3.5175,0.0842519473113788,0.20264452478884842
pulse,0.6,3.52,0.08369489069565197,0.20264452478884842
pulse,0.6,3.5225,0.08313916178585747,0.20264452478884842
pulse,0.6,3.525,0.08258475965667027,0.20264452478884842
pulse,0.6,3.5275,0.08203168337750531,0.20264452478884842
pulse,0.6,3.5300000000000002,0.08147993201254072,0.20264452478884842
pulse,0.6,3.5324999999999998,0.08092950462074153,0.20264452478884842
pulse,0.6,3.535,0.08038040025588197,0.20264452478884842
pulse,0.6,3.5375,0.07983261796656985,0.20264452478884842
pulse,0.6,3.54,0.07928615679626898,0.20264452478884842
pulse,0.6,3.5425,0.07874101578332254,0.20264452478884842
pulse,0.6,3.545,0.07819719396097614,0.20264452478884842
pulse,0.6,3.5475,0.07765469035740091,0.20264452478884842
pulse,0.6,3.55,0.07711350399571637,0.20264452478884842
pulse,0.6,3.5525,0.07657363389401342,0.20264452478884842
pulse,0.6,3.555,0.07603507906537757,0.20264452478884842
pulse,0.6,3.5575,0.07549783851791117,0.20264452478884842
pulse,0.6,3.56,0.07496191125475682,0.20264452478884842
pulse,0.6,3.5625,0.07442729627411969,0.20264452478884842
pulse,0.6,3.565,0.07389399256929059,0.20264452478884842
pulse,0.6,3.5675,0.07336199912866849,0.20264452478884842
pulse,0.6,3.5700000000000003,0.07283131493578304,0.20264452478884842
pulse,0.6,3.5725,0.0723019389693177,0.20264452478884842
pulse,0.6,3.575,0.07177387020313122,0.20264452478884842
pulse,0.6,3.5775,0.07124710760628157,0.20264452478884842
pulse,0.6,3.58,0.07072165014304713,0.20264452478884842
pulse,0.6,3.5825,0.07019749677294976,0.20264452478884842
pulse,0.6,3.585,0.069674646450777,0.20264452478884842
pulse,0.6,3.5875,0.06915309812660451,0.20264452478884842
pulse,0.6,3.59,0.06863285074581818,0.20264452478884842
pulse,0.6,3.5925000000000002,0.06811390324913637,0.20264452478884842
pulse,0.6,3.5949999999999998,0.06759625457263249,0.20264452478884842
pulse,0.6,3.5975,0.06707990364775622,0.20264452478884842
pulse,0.6,3.6,0.06656484940135696,0.20264452478884842
pulse,0.6,3.6025,0.06605109075570466,0.20264452478884842
pulse,0.6,3.605,0.06553862662851241,0.20264452478884842
pulse,0.6,3.6075,0.06502745593295839,0.20264452478884842
pulse,0.6,3.61,0.06451757757770768,0.20264452478884842
pulse,0.6,3.6125,0.06400899046693415,0.20264452478884842
pulse,0.6,3.615,0.06350169350034224,0.20264452478884842
pulse,0.6,3.6175,0.06299568557318917,0.20264452478884842
pulse,0.6,3.62,0.06249096557630598,0.20264452478884842
pulse,0.6,3.6225,0.06198753239611971,0.20264452478884842
pulse,0.6,3.625,0.06148538491467498,0.20264452478884842
pulse,0.6,3.6275,0.06098452200965547,0.20264452478884842
pulse,0.6,3.63,0.060484942554405674,0.20264452478884842
pulse,0.6,3.6325000000000003,0.059986645417952185,0.20264452478884842
pulse,0.6,3.635,0.05948962946502566,0.20264452478884842
pulse,0.6,3.6375,0.05899389355608128,0.20264452478884842
pulse,0.6,3.64,0.058499436547321364,0.20264452478884842
pulse,0.6,3.6425,0.05800625729071586,0.20264452478884842
pulse,0.6,3.645,0.057514354634023844,0.20264452478884842
pulse,0.6,3.6475,0.057023727420814914,0.20264452478884842
pulse,0.6,3.65,0.05653437449049025,0.20264452478884842
pulse,0.6,3.6525,0.0560462946783039,0.20264452478884842
pulse,0.6,3.6550000000000002,0.055559486815383724,0.20264452478884842
pulse,0.6,3.6574999999999998,0.05507394972875296,0.20264452478884842
pulse,0.6,3.66,0.054589682241350274,0.20264452478884842
pulse,0.6,3.6625,0.05410668317205191,0.20264452478884842
pulse,0.6,3.665,0.053624951335691846,0.20264452478884842
pulse,0.6,3.6675,0.05314448554308296,0.20264452478884842
pulse,0.6,3.67,0.05266528460103785,0.20264452478884842
pulse,0.6,3.6725,0.052187347312389734,0.20264452478884842
pulse,0.6,3.675,0.05171067247601304,0.20264452478884842
pulse,0.6,3.6775,0.05123525888684421,0.20264452478884842
pulse,0.6,3.68,0.05076110533590264,0.20264452478884842
pulse,0.6,3.6825,0.050288210610310864,0.20264452478884842
pulse,0.6,3.685,0.04981657349331533,0.20264452478884842
pulse,0.6,3.6875,0.04934619276430702,0.20264452478884842
pulse,0.6,3.69,0.04887706719884195,0.20264452478884842
pulse,0.6,3.6925,0.04840919556866162,0.20264452478884842
pulse,0.6,3.6950000000000003,0.047942576641713155,0.20264452478884842
pulse,0.6,3.6975,0.04747720918217034,0.20264452478884842
pulse,0.6,3.7,0.047013091950452966,0.20264452478884842
pulse,0.6,3.7025,0.046550223703248135,0.20264452478884842
pulse,0.6,3.705,0.04608860319352983,0.20264452478884842
pulse,0.6,3.7075,0.04562822917057923,0.20264452478884842
pulse,0.6,3.71,0.045169100380005114,0.20264452478884842
pulse,0.6,3.7125,0.04471121556376363,0.20264452478884842
pulse,0.6,3.715,0.04425457346017863,0.20264452478884842
pulse,0.6,3.7175000000000002,0.04379917280396134,0.20264452478884842
pulse,0.6,3.7199999999999998,0.04334501232623106,0.20264452478884842
pulse,0.6,3.7225,0.042892090754534005,0.20264452478884842
pulse,0.6,3.725,0.04244040681286423,0.20264452478884842
pulse,0.6,3.7275,0.041989959221682804,0.20264452478884842
pulse,0.6,3.73,0.04154074669793792,0.20264452478884842
pulse,0.6,3.7325,0.04109276795508454,0.20264452478884842
pulse,0.6,3.735,0.04064602170310408,0.20264452478884842
pulse,0.6,3.7375,0.04020050664852423,0.20264452478884842
pulse,0.6,3.74,0.03975622149443834,0.20264452478884842
pulse,0.6,3.7425,0.039313164940525384,0.20264452478884842
pulse,0.6,3.745,0.03887133568306895,0.20264452478884842
pulse,0.6,3.7475,0.038430732414977194,0.20264452478884842
pulse,0.6,3.75,0.037991353825802134,0.20264452478884842
pulse,0.6,3.7525,0.03755319860175899,0.20264452478884842
pulse,0.6,3.755,0.037116265425745525,0.20264452478884842
pulse,0.6,3.7575000000000003,0.036680552977361544,0.20264452478884842
pulse,0.6,3.76,0.036246059932928267,0.20264452478884842
pulse,0.6,3.7625,0.03581278496550681,0.20264452478884842
pulse,0.6,3.765,0.035380726744918496,0.20264452478884842
pulse,0.6,3.7675,0.03494988393776311,0.20264452478884842
pulse,0.6,3.77,0.034520255207438344,0.20264452478884842
pulse,0.6,3.7725,0.03409183921415891,0.20264452478884842
pulse,0.6,3.775,0.03366463461497537,0.20264452478884842
pulse,0.6,3.7775,0.03323864006379324,0.20264452478884842
pulse,0.6,3.7800000000000002,0.03281385421139188,0.20264452478884842
pulse,0.6,3.7824999999999998,0.03239027570544351,0.20264452478884842
pulse,0.6,3.785,0.03196790319053154,0.20264452478884842
pulse,0.6,3.7875,0.03154673530817022,0.20264452478884842
pulse,0.6,3.79,0.03112677069682259,0.20264452478884842
pulse,0.6,3.7925,0.03070800799191965,0.20264452478884842
pulse,0.6,3.795,0.030290445825878816,0.20264452478884842
pulse,0.6,3.7975,0.029874082828122726,0.20264452478884842
pulse,0.6,3.8,0.029458917625097635,0.20264452478884842
pulse,0.6,3.8025,0.02904494884029198,0.20264452478884842
pulse,0.6,3.805,0.02863217509425522,0.20264452478884842
pulse,0.6,3.8075,0.028220595004615687,0.20264452478884842
pulse,0.6,3.81,0.027810207186099403,0.20264452478884842
pulse,0.6,3.8125,0.027401010250548363,0.20264452478884842
pulse,0.6,3.815,0.02699300280693883,0.20264452478884842
pulse,0.6,3.8175,0.026586183461399713,0.20264452478884842
pulse,0.6,3.8200000000000003,0.02618055081723051,0.20264452478884842
pulse,0.6,3.8225,0.025776103474920136,0.20264452478884842
pulse,0.6,3.825,0.025372840032163977,0.20264452478884842
pulse,0.6,3.8275,0.024970759083883312,0.20264452478884842
pulse,0.6,3.83,0.024569859222242443,0.20264452478884842
pulse,0.6,3.8325,0.024170139036667003,0.20264452478884842
pulse,0.6,3.835,0.023771597113862005,0.20264452478884842
pulse,0.6,3.8375,0.023374232037829706,0.20264452478884842
pulse,0.6,3.84,0.022978042389887498,0.20264452478884842
pulse,0.6,3.8425000000000002,0.022583026748685748,0.20264452478884842
pulse,0.6,3.8449999999999998,0.022189183690225836,0.20264452478884842
pulse,0.6,3.8475,0.021796511787877303,0.20264452478884842
pulse,0.6,3.85,0.02140500961239641,0.20264452478884842
pulse,0.6,3.8525,0.021014675731943218,0.20264452478884842
pulse,0.6,3.855,0.02062550871209943,0.20264452478884842
pulse,0.6,3.8575,0.0202375071158859,0.20264452478884842
pulse,0.6,3.86,0.019850669503780335,0.20264452478884842
pulse,0.6,3.8625,0.01946499443373471,0.20264452478884842
pulse,0.6,3.865,0.019080480461192678,0.20264452478884842
pulse,0.6,3.8675,0.018697126139107265,0.20264452478884842
pulse,0.6,3.87,0.01831493001795782,0.20264452478884842
pulse,0.6,3.8725,0.017933890645767746,0.20264452478884842
pulse,0.6,3.875,0.0175540065681216,0.20264452478884842
pulse,0.6,3.8775,0.017175276328182432,0.20264452478884842
pulse,0.6,3.88,0.016797698466708855,0.20264452478884842
pulse,0.6,3.8825000000000003,0.016421271522072428,0.20264452478884842
pulse,0.6,3.885,0.016045994030274843,0.20264452478884842
pulse,0.6,3.8875,0.015671864524964434,0.20264452478884842
pulse,0.6,3.89,0.01529888153745416,0.20264452478884842
pulse,0.6,3.8925,0.014927043596737749,0.20264452478884842
pulse,0.6,3.895,0.01455634922950708,0.20264452478884842
pulse,0.6,3.8975,0.014186796960169126,0.20264452478884842
pulse,0.6,3.9,0.013818385310862677,0.20264452478884842
pulse,0.6,3.9025,0.013451112801475235,0.20264452478884842
pulse,0.6,3.9050000000000002,0.013084977949659763,0.20264452478884842
pulse,0.6,3.9074999999999998,0.012719979270851778,0.20264452478884842
pulse,0.6,3.91,0.01235611527828527,0.20264452478884842
pulse,0.6,3.9125,0.011993384483010402,0.20264452478884842
pulse,0.6,3.915,0.011631785393909296,0.20264452478884842
pulse,0.6,3.9175,0.011271316517712954,0.20264452478884842
pulse,0.6,3.92,0.01091197635901789,0.20264452478884842
pulse,0.6,3.9225,0.010553763420302528,0.20264452478884842
pulse,0.6,3.925,0.010196676201943538,0.20264452478884842
pulse,0.6,3.9275,0.009840713202232372,0.20264452478884842
pulse,0.6,3.93,0.009485872917391953,0.20264452478884842
pulse,0.6,3.9325,0.00913215384159235,0.20264452478884842
pulse,0.6,3.935,0.008779554466967593,0.20264452478884842
pulse,0.6,3.9375,0.008428073283631729,0.20264452478884842
pulse,0.6,3.94,0.008077708779695075,0.20264452478884842
pulse,0.6,3.9425,0.007728459441280388,0.20264452478884842
pulse,0.6,3.9450000000000003,0.0073803237525389255,0.20264452478884842
pulse,0.6,3.9475,0.007033300195666848,0.20264452478884842
pulse,0.6,3.95,0.00668738725092058,0.20264452478884842
pulse,0.6,3.9525,0.006342583396633717,0.20264452478884842
pulse,0.6,3.955,0.0059988871092321525,0.20264452478884842
pulse,0.6,3.9575,0.005656296863250625,0.20264452478884842
pulse,0.6,3.96,0.005314811131348255,0.20264452478884842
pulse,0.6,3.9625,0.004974428384324414,0.20264452478884842
pulse,0.6,3.965,0.004635147091134701,0.20264452478884842
pulse,0.6,3.9675000000000002,0.004296965718906465,0.20264452478884842
pulse,0.6,3.9699999999999998,0.003959882732954937,0.20264452478884842
pulse,0.6,3.9725,0.0036238965967981735,0.20264452478884842
pulse,0.6,3.975,0.003289005772173548,0.20264452478884842
pulse,0.6,3.9775,0.002955208719052762,0.20264452478884842
pulse,0.6,3.98,0.002622503895657567,0.20264452478884842
pulse,0.6,3.9825,0.0022908897584753203,0.20264452478884842
pulse,0.6,3.985,0.0019603647622743643,0.20264452478884842
pulse,0.6,3.9875,0.001630927360119693,0.20264452478884842
pulse,0.6,3.99,0.0013025760033879184,0.20264452478884842
pulse,0.6,3.9925,0.0009753091417831366,0.20264452478884842
pulse,0.6,3.995,0.0006491252233518502,0.20264452478884842
pulse,0.6,3.9975,0.0003240226944983606,0.20264452478884842
pulse,0.6,4.0,-1.6685011840728537e-17,0.20264452478884842
